datestamp_gauge,hourly_timestamp,Average of sentiment_score,Sum of distance_to_gauge_km,Count of post_id,Cunupia,Piarco,St. Augustine,St. Helena
01-03-2025 00-00-00-CR-001,3/1/2025 0:00,0.0333333333333333,4.38,3,0,0,0,3
01-03-2025 00-00-00-CR-002,3/1/2025 0:00,-0.105,11.44,5,1,4,0,0
01-03-2025 01-00-00-CR-001,3/1/2025 1:00,0.154166666666667,2.92,2,0,0,0,2
01-03-2025 01-00-00-CR-002,3/1/2025 1:00,0.2,5.59,3,2,1,0,0
01-03-2025 01-00-00-CR-003,3/1/2025 1:00,0.154166666666667,2.46,2,0,0,2,0
01-03-2025 02-00-00-CR-002,3/1/2025 2:00,-0.072222222222222,6.5,3,1,2,0,0
01-03-2025 02-00-00-CR-003,3/1/2025 2:00,0.052777777777778,3.69,3,0,0,3,0
01-03-2025 03-00-00-CR-001,3/1/2025 3:00,-0.0333333333333333,1.46,1,0,0,0,1
01-03-2025 03-00-00-CR-002,3/1/2025 3:00,-0.0875,4.94,2,0,2,0,0
01-03-2025 03-00-00-CR-003,3/1/2025 3:00,-0.0166666666666667,3.69,3,0,0,3,0
01-03-2025 04-00-00-CR-001,3/1/2025 4:00,-0.0166666666666666,4.38,3,0,0,0,3
01-03-2025 04-00-00-CR-002,3/1/2025 4:00,0.0537878787878789,19.89,11,8,3,0,0
01-03-2025 04-00-00-CR-003,3/1/2025 4:00,0,2.46,2,0,0,2,0
01-03-2025 05-00-00-CR-001,3/1/2025 5:00,0.269444444444445,4.38,3,0,0,0,3
01-03-2025 05-00-00-CR-003,3/1/2025 5:00,-0.0125,2.46,2,0,0,2,0
01-03-2025 06-00-00-CR-001,3/1/2025 6:00,-0.05,5.84,4,0,0,0,4
01-03-2025 06-00-00-CR-002,3/1/2025 6:00,0.00500000000000002,9.62,5,3,2,0,0
01-03-2025 06-00-00-CR-003,3/1/2025 6:00,-0.191666666666666,1.23,1,0,0,1,0
01-03-2025 07-00-00-CR-001,3/1/2025 7:00,-0.0125,2.92,2,0,0,0,2
01-03-2025 07-00-00-CR-002,3/1/2025 7:00,0.45,4.03,2,1,1,0,0
01-03-2025 07-00-00-CR-003,3/1/2025 7:00,0,1.23,1,0,0,1,0
01-03-2025 08-00-00-CR-001,3/1/2025 8:00,0.5,1.46,1,0,0,0,1
01-03-2025 08-00-00-CR-002,3/1/2025 8:00,-0.0194444444444444,5.59,3,2,1,0,0
01-03-2025 08-00-00-CR-003,3/1/2025 8:00,0.125,1.23,1,0,0,1,0
01-03-2025 09-00-00-CR-001,3/1/2025 9:00,-0.0333333333333333,1.46,1,0,0,0,1
01-03-2025 09-00-00-CR-002,3/1/2025 9:00,-0.175,5.59,3,2,1,0,0
01-03-2025 09-00-00-CR-003,3/1/2025 9:00,-0.00166666666666666,6.15,5,0,0,5,0
01-03-2025 10-00-00-CR-001,3/1/2025 10:00,0,1.46,1,0,0,0,1
01-03-2025 10-00-00-CR-002,3/1/2025 10:00,-0.2625,8.97,4,1,3,0,0
01-03-2025 10-00-00-CR-003,3/1/2025 10:00,0.05,2.46,2,0,0,2,0
01-03-2025 11-00-00-CR-001,3/1/2025 11:00,-0.0083333333333333,4.38,3,0,0,0,3
01-03-2025 11-00-00-CR-002,3/1/2025 11:00,0.147619047619048,12.74,7,5,2,0,0
01-03-2025 11-00-00-CR-003,3/1/2025 11:00,-0.0249999999999999,1.23,1,0,0,1,0
01-03-2025 12-00-00-CR-001,3/1/2025 12:00,-0.0666666666666666,4.38,3,0,0,0,3
01-03-2025 12-00-00-CR-002,3/1/2025 12:00,0.0500000000000001,4.03,2,1,1,0,0
01-03-2025 12-00-00-CR-003,3/1/2025 12:00,-0.095833333333333,2.46,2,0,0,2,0
01-03-2025 13-00-00-CR-001,3/1/2025 13:00,0.105555555555556,4.38,3,0,0,0,3
01-03-2025 13-00-00-CR-002,3/1/2025 13:00,0.175,4.03,2,1,1,0,0
01-03-2025 13-00-00-CR-003,3/1/2025 13:00,-0.0266666666666664,6.15,5,0,0,5,0
01-03-2025 14-00-00-CR-001,3/1/2025 14:00,0.1,2.92,2,0,0,0,2
01-03-2025 14-00-00-CR-002,3/1/2025 14:00,0.03,12.35,5,0,5,0,0
01-03-2025 15-00-00-CR-001,3/1/2025 15:00,0.164583333333334,5.84,4,0,0,0,4
01-03-2025 15-00-00-CR-002,3/1/2025 15:00,-0.0249999999999999,2.47,1,0,1,0,0
01-03-2025 15-00-00-CR-003,3/1/2025 15:00,-0.191666666666666,1.23,1,0,0,1,0
01-03-2025 16-00-00-CR-001,3/1/2025 16:00,0.125,1.46,1,0,0,0,1
01-03-2025 16-00-00-CR-002,3/1/2025 16:00,0.0722222222222222,5.59,3,2,1,0,0
01-03-2025 16-00-00-CR-003,3/1/2025 16:00,-0.033333333333333,2.46,2,0,0,2,0
01-03-2025 17-00-00-CR-001,3/1/2025 17:00,0.158333333333333,4.38,3,0,0,0,3
01-03-2025 17-00-00-CR-002,3/1/2025 17:00,-0.0916666666666667,4.94,2,0,2,0,0
01-03-2025 17-00-00-CR-003,3/1/2025 17:00,-0.0666666666666666,3.69,3,0,0,3,0
01-03-2025 18-00-00-CR-001,3/1/2025 18:00,-0.3,1.46,1,0,0,0,1
01-03-2025 18-00-00-CR-002,3/1/2025 18:00,0.2,4.94,2,0,2,0,0
01-03-2025 18-00-00-CR-003,3/1/2025 18:00,-0.225,2.46,2,0,0,2,0
01-03-2025 19-00-00-CR-001,3/1/2025 19:00,0.125,1.46,1,0,0,0,1
01-03-2025 19-00-00-CR-002,3/1/2025 19:00,0.0722222222222222,5.59,3,2,1,0,0
01-03-2025 20-00-00-CR-001,3/1/2025 20:00,0.125,1.46,1,0,0,0,1
01-03-2025 20-00-00-CR-002,3/1/2025 20:00,0.0722222222222222,5.59,3,2,1,0,0
01-03-2025 20-00-00-CR-003,3/1/2025 20:00,0.5,1.23,1,0,0,1,0
01-03-2025 21-00-00-CR-002,3/1/2025 21:00,-0.0333333333333331,5.59,3,2,1,0,0
01-03-2025 22-00-00-CR-001,3/1/2025 22:00,-0.095833333333333,2.92,2,0,0,0,2
01-03-2025 22-00-00-CR-002,3/1/2025 22:00,0.341666666666667,8.97,4,1,3,0,0
01-03-2025 22-00-00-CR-003,3/1/2025 22:00,-0.0305555555555553,3.69,3,0,0,3,0
01-03-2025 23-00-00-CR-001,3/1/2025 23:00,-0.0333333333333332,7.3,5,0,0,0,5
01-03-2025 23-00-00-CR-002,3/1/2025 23:00,0.23,10.53,5,2,3,0,0
01-03-2025 23-00-00-CR-003,3/1/2025 23:00,0.0833333333333333,3.69,3,0,0,3,0
02-03-2025 00-00-00-CR-001,3/2/2025 0:00,-0.0249999999999999,1.46,1,0,0,0,1
02-03-2025 00-00-00-CR-002,3/2/2025 0:00,0.108333333333333,8.97,4,1,3,0,0
02-03-2025 00-00-00-CR-003,3/2/2025 0:00,0.21875,4.92,4,0,0,4,0
02-03-2025 01-00-00-CR-001,3/2/2025 1:00,0.1,2.92,2,0,0,0,2
02-03-2025 01-00-00-CR-002,3/2/2025 1:00,0.106666666666667,8.71,5,4,1,0,0
02-03-2025 01-00-00-CR-003,3/2/2025 1:00,0,1.23,1,0,0,1,0
02-03-2025 02-00-00-CR-001,3/2/2025 2:00,-0.0333333333333331,4.38,3,0,0,0,3
02-03-2025 02-00-00-CR-002,3/2/2025 2:00,-0.20625,8.97,4,1,3,0,0
02-03-2025 02-00-00-CR-003,3/2/2025 2:00,0.125,2.46,2,0,0,2,0
02-03-2025 03-00-00-CR-001,3/2/2025 3:00,-0.213888888888889,4.38,3,0,0,0,3
02-03-2025 03-00-00-CR-002,3/2/2025 3:00,-0.0520833333333333,7.15,4,3,1,0,0
02-03-2025 03-00-00-CR-003,3/2/2025 3:00,0.2625,2.46,2,0,0,2,0
02-03-2025 04-00-00-CR-001,3/2/2025 4:00,-0.166666666666667,2.92,2,0,0,0,2
02-03-2025 04-00-00-CR-002,3/2/2025 4:00,0.195,9.62,5,3,2,0,0
02-03-2025 04-00-00-CR-003,3/2/2025 4:00,0.125,1.23,1,0,0,1,0
02-03-2025 05-00-00-CR-001,3/2/2025 5:00,0,1.46,1,0,0,0,1
02-03-2025 05-00-00-CR-003,3/2/2025 5:00,0.125,2.46,2,0,0,2,0
02-03-2025 06-00-00-CR-001,3/2/2025 6:00,-0.0305555555555553,4.38,3,0,0,0,3
02-03-2025 06-00-00-CR-002,3/2/2025 6:00,-0.0722222222222221,12.09,6,3,3,0,0
02-03-2025 07-00-00-CR-001,3/2/2025 7:00,0.104166666666667,2.92,2,0,0,0,2
02-03-2025 07-00-00-CR-002,3/2/2025 7:00,-0.072222222222222,5.59,3,2,1,0,0
02-03-2025 08-00-00-CR-001,3/2/2025 8:00,-0.170833333333333,2.92,2,0,0,0,2
02-03-2025 08-00-00-CR-002,3/2/2025 8:00,-0.0194444444444443,11.18,6,4,2,0,0
02-03-2025 08-00-00-CR-003,3/2/2025 8:00,0.125,1.23,1,0,0,1,0
02-03-2025 09-00-00-CR-002,3/2/2025 9:00,0.05625,7.15,4,3,1,0,0
02-03-2025 09-00-00-CR-003,3/2/2025 9:00,-0.0875,2.46,2,0,0,2,0
02-03-2025 10-00-00-CR-003,3/2/2025 10:00,0.147222222222222,3.69,3,0,0,3,0
02-03-2025 11-00-00-CR-001,3/2/2025 11:00,-0.108333333333333,2.92,2,0,0,0,2
02-03-2025 11-00-00-CR-002,3/2/2025 11:00,0.0833333333333333,5.59,3,2,1,0,0
02-03-2025 11-00-00-CR-003,3/2/2025 11:00,-0.0125,2.46,2,0,0,2,0
02-03-2025 12-00-00-CR-002,3/2/2025 12:00,-0.015,9.62,5,3,2,0,0
02-03-2025 12-00-00-CR-003,3/2/2025 12:00,0.125,1.23,1,0,0,1,0
02-03-2025 13-00-00-CR-001,3/2/2025 13:00,-0.15,1.46,1,0,0,0,1
02-03-2025 13-00-00-CR-002,3/2/2025 13:00,0.0305555555555556,5.59,3,2,1,0,0
02-03-2025 13-00-00-CR-003,3/2/2025 13:00,0.0625,2.46,2,0,0,2,0
02-03-2025 14-00-00-CR-001,3/2/2025 14:00,0.5,1.46,1,0,0,0,1
02-03-2025 14-00-00-CR-002,3/2/2025 14:00,0.0944444444444447,4.68,3,3,0,0,0
02-03-2025 15-00-00-CR-001,3/2/2025 15:00,0.0458333333333335,5.84,4,0,0,0,4
02-03-2025 15-00-00-CR-002,3/2/2025 15:00,0.204761904761905,11.83,7,6,1,0,0
02-03-2025 15-00-00-CR-003,3/2/2025 15:00,-0.0333333333333333,1.23,1,0,0,1,0
02-03-2025 16-00-00-CR-001,3/2/2025 16:00,0.5,1.46,1,0,0,0,1
02-03-2025 16-00-00-CR-002,3/2/2025 16:00,0.15,13,6,2,4,0,0
02-03-2025 16-00-00-CR-003,3/2/2025 16:00,-0.0229166666666665,4.92,4,0,0,4,0
02-03-2025 17-00-00-CR-001,3/2/2025 17:00,0.125,1.46,1,0,0,0,1
02-03-2025 17-00-00-CR-002,3/2/2025 17:00,0.2625,4.03,2,1,1,0,0
02-03-2025 17-00-00-CR-003,3/2/2025 17:00,0.0611111111111114,3.69,3,0,0,3,0
02-03-2025 18-00-00-CR-002,3/2/2025 18:00,0.1875,4.03,2,1,1,0,0
02-03-2025 18-00-00-CR-003,3/2/2025 18:00,0.4,1.23,1,0,0,1,0
02-03-2025 19-00-00-CR-001,3/2/2025 19:00,0.0944444444444447,4.38,3,0,0,0,3
02-03-2025 19-00-00-CR-002,3/2/2025 19:00,-0.0458333333333333,14.82,6,0,6,0,0
02-03-2025 20-00-00-CR-002,3/2/2025 20:00,0.0785714285714286,11.83,7,6,1,0,0
02-03-2025 20-00-00-CR-003,3/2/2025 20:00,-0.15,1.23,1,0,0,1,0
02-03-2025 21-00-00-CR-002,3/2/2025 21:00,0.18125,7.15,4,3,1,0,0
02-03-2025 21-00-00-CR-003,3/2/2025 21:00,-0.00833333333333333,3.69,3,0,0,3,0
02-03-2025 22-00-00-CR-001,3/2/2025 22:00,-0.1625,2.92,2,0,0,0,2
02-03-2025 22-00-00-CR-002,3/2/2025 22:00,0.125,1.56,1,1,0,0,0
02-03-2025 22-00-00-CR-003,3/2/2025 22:00,0.104166666666667,2.46,2,0,0,2,0
02-03-2025 23-00-00-CR-001,3/2/2025 23:00,0.0566666666666668,7.3,5,0,0,0,5
02-03-2025 23-00-00-CR-002,3/2/2025 23:00,0.05625,7.15,4,3,1,0,0
02-03-2025 23-00-00-CR-003,3/2/2025 23:00,0.105555555555556,3.69,3,0,0,3,0
03-03-2025 00-00-00-CR-001,3/3/2025 0:00,-0.0333333333333331,4.38,3,0,0,0,3
03-03-2025 00-00-00-CR-002,3/3/2025 0:00,-0.138333333333333,9.62,5,3,2,0,0
03-03-2025 00-00-00-CR-003,3/3/2025 0:00,0.154166666666667,2.46,2,0,0,2,0
03-03-2025 01-00-00-CR-002,3/3/2025 1:00,-0.05,10.53,5,2,3,0,0
03-03-2025 01-00-00-CR-003,3/3/2025 1:00,0.233333333333333,2.46,2,0,0,2,0
03-03-2025 02-00-00-CR-002,3/3/2025 2:00,0.118333333333333,7.8,5,5,0,0,0
03-03-2025 02-00-00-CR-003,3/3/2025 2:00,-0.00833333333333333,3.69,3,0,0,3,0
03-03-2025 03-00-00-CR-001,3/3/2025 3:00,0.125,4.38,3,0,0,0,3
03-03-2025 03-00-00-CR-002,3/3/2025 3:00,-0.170833333333333,3.12,2,2,0,0,0
03-03-2025 03-00-00-CR-003,3/3/2025 3:00,0.4,1.23,1,0,0,1,0
03-03-2025 04-00-00-CR-001,3/3/2025 4:00,-0.1125,2.92,2,0,0,0,2
03-03-2025 04-00-00-CR-002,3/3/2025 4:00,-0.0249999999999999,2.47,1,0,1,0,0
03-03-2025 04-00-00-CR-003,3/3/2025 4:00,-0.0333333333333333,2.46,2,0,0,2,0
03-03-2025 05-00-00-CR-002,3/3/2025 5:00,0.5,3.12,2,2,0,0,0
03-03-2025 05-00-00-CR-003,3/3/2025 5:00,0.22,6.15,5,0,0,5,0
03-03-2025 06-00-00-CR-001,3/3/2025 6:00,0.0500000000000001,2.92,2,0,0,0,2
03-03-2025 06-00-00-CR-003,3/3/2025 6:00,0.15,6.15,5,0,0,5,0
03-03-2025 07-00-00-CR-001,3/3/2025 7:00,-0.191666666666666,1.46,1,0,0,0,1
03-03-2025 07-00-00-CR-002,3/3/2025 7:00,0.0625,3.12,2,2,0,0,0
03-03-2025 07-00-00-CR-003,3/3/2025 7:00,-0.0249999999999999,1.23,1,0,0,1,0
03-03-2025 08-00-00-CR-001,3/3/2025 8:00,-0.15,1.46,1,0,0,0,1
03-03-2025 08-00-00-CR-002,3/3/2025 8:00,0.0190476190476191,16.38,7,1,6,0,0
03-03-2025 09-00-00-CR-001,3/3/2025 9:00,0.125,4.38,3,0,0,0,3
03-03-2025 09-00-00-CR-002,3/3/2025 9:00,-0.00833333333333333,8.97,4,1,3,0,0
03-03-2025 09-00-00-CR-003,3/3/2025 9:00,0.113888888888889,3.69,3,0,0,3,0
03-03-2025 10-00-00-CR-001,3/3/2025 10:00,-0.0861111111111109,4.38,3,0,0,0,3
03-03-2025 10-00-00-CR-002,3/3/2025 10:00,-0.0633333333333331,7.8,5,5,0,0,0
03-03-2025 11-00-00-CR-001,3/3/2025 11:00,-0.0333333333333333,1.46,1,0,0,0,1
03-03-2025 11-00-00-CR-002,3/3/2025 11:00,0.0850000000000001,10.53,5,2,3,0,0
03-03-2025 11-00-00-CR-003,3/3/2025 11:00,-0.263888888888889,3.69,3,0,0,3,0
03-03-2025 12-00-00-CR-001,3/3/2025 12:00,-0.158333333333333,4.38,3,0,0,0,3
03-03-2025 12-00-00-CR-002,3/3/2025 12:00,-0.0249999999999999,2.47,1,0,1,0,0
03-03-2025 12-00-00-CR-003,3/3/2025 12:00,0.0194444444444447,3.69,3,0,0,3,0
03-03-2025 13-00-00-CR-001,3/3/2025 13:00,0.2375,2.92,2,0,0,0,2
03-03-2025 13-00-00-CR-002,3/3/2025 13:00,0.0472222222222222,10.27,6,5,1,0,0
03-03-2025 13-00-00-CR-003,3/3/2025 13:00,0.2625,2.46,2,0,0,2,0
03-03-2025 14-00-00-CR-002,3/3/2025 14:00,0.176388888888889,12.09,6,3,3,0,0
03-03-2025 14-00-00-CR-003,3/3/2025 14:00,-0.0875,2.46,2,0,0,2,0
03-03-2025 15-00-00-CR-002,3/3/2025 15:00,0.125,1.56,1,1,0,0,0
03-03-2025 16-00-00-CR-001,3/3/2025 16:00,-0.075,2.92,2,0,0,0,2
03-03-2025 16-00-00-CR-002,3/3/2025 16:00,0,2.47,1,0,1,0,0
03-03-2025 16-00-00-CR-003,3/3/2025 16:00,-0.15,1.23,1,0,0,1,0
03-03-2025 17-00-00-CR-002,3/3/2025 17:00,0.0541666666666667,8.06,4,2,2,0,0
03-03-2025 17-00-00-CR-003,3/3/2025 17:00,0.0214285714285716,8.61,7,0,0,7,0
03-03-2025 18-00-00-CR-001,3/3/2025 18:00,0.04375,5.84,4,0,0,0,4
03-03-2025 18-00-00-CR-002,3/3/2025 18:00,-0.158333333333333,5.59,3,2,1,0,0
03-03-2025 18-00-00-CR-003,3/3/2025 18:00,-0.0333333333333333,3.69,3,0,0,3,0
03-03-2025 19-00-00-CR-001,3/3/2025 19:00,0.125,2.92,2,0,0,0,2
03-03-2025 19-00-00-CR-002,3/3/2025 19:00,0.125,1.56,1,1,0,0,0
03-03-2025 19-00-00-CR-003,3/3/2025 19:00,0.236111111111111,3.69,3,0,0,3,0
03-03-2025 20-00-00-CR-001,3/3/2025 20:00,-0.3,2.92,2,0,0,0,2
03-03-2025 20-00-00-CR-002,3/3/2025 20:00,-0.16,10.53,5,2,3,0,0
03-03-2025 20-00-00-CR-003,3/3/2025 20:00,0,1.23,1,0,0,1,0
03-03-2025 21-00-00-CR-001,3/3/2025 21:00,-0.119444444444444,4.38,3,0,0,0,3
03-03-2025 21-00-00-CR-002,3/3/2025 21:00,0.0305555555555556,6.5,3,1,2,0,0
03-03-2025 21-00-00-CR-003,3/3/2025 21:00,0.122222222222222,3.69,3,0,0,3,0
03-03-2025 22-00-00-CR-003,3/3/2025 22:00,0,2.46,2,0,0,2,0
03-03-2025 23-00-00-CR-001,3/3/2025 23:00,0.197222222222222,4.38,3,0,0,0,3
03-03-2025 23-00-00-CR-002,3/3/2025 23:00,-0.095833333333333,4.03,2,1,1,0,0
03-03-2025 23-00-00-CR-003,3/3/2025 23:00,-0.3,1.23,1,0,0,1,0
04-03-2025 00-00-00-CR-001,3/4/2025 0:00,0.1,2.92,2,0,0,0,2
04-03-2025 00-00-00-CR-002,3/4/2025 0:00,-0.0107142857142857,14.56,7,3,4,0,0
04-03-2025 01-00-00-CR-001,3/4/2025 1:00,0.5,1.46,1,0,0,0,1
04-03-2025 01-00-00-CR-002,3/4/2025 1:00,0.011904761904762,14.56,7,3,4,0,0
04-03-2025 01-00-00-CR-003,3/4/2025 1:00,-0.0291666666666666,2.46,2,0,0,2,0
04-03-2025 02-00-00-CR-001,3/4/2025 2:00,0.183333333333333,2.92,2,0,0,0,2
04-03-2025 02-00-00-CR-002,3/4/2025 2:00,-0.1,7.41,3,0,3,0,0
04-03-2025 02-00-00-CR-003,3/4/2025 2:00,0.125,1.23,1,0,0,1,0
04-03-2025 03-00-00-CR-001,3/4/2025 3:00,0.125,2.92,2,0,0,0,2
04-03-2025 03-00-00-CR-002,3/4/2025 3:00,0.222916666666667,8.97,4,1,3,0,0
04-03-2025 03-00-00-CR-003,3/4/2025 3:00,-0.0249999999999999,1.23,1,0,0,1,0
04-03-2025 04-00-00-CR-001,3/4/2025 4:00,0.104166666666667,2.92,2,0,0,0,2
04-03-2025 04-00-00-CR-002,3/4/2025 4:00,-0.0513888888888887,13,6,2,4,0,0
04-03-2025 04-00-00-CR-003,3/4/2025 4:00,0.125,2.46,2,0,0,2,0
04-03-2025 05-00-00-CR-002,3/4/2025 5:00,-0.0520833333333333,8.97,4,1,3,0,0
04-03-2025 05-00-00-CR-003,3/4/2025 5:00,0.125,1.23,1,0,0,1,0
04-03-2025 06-00-00-CR-002,3/4/2025 6:00,0.0616666666666668,9.62,5,3,2,0,0
04-03-2025 06-00-00-CR-003,3/4/2025 6:00,0.2125,4.92,4,0,0,4,0
04-03-2025 07-00-00-CR-001,3/4/2025 7:00,0.110416666666667,5.84,4,0,0,0,4
04-03-2025 07-00-00-CR-002,3/4/2025 7:00,-0.0875,3.12,2,2,0,0,0
04-03-2025 07-00-00-CR-003,3/4/2025 7:00,0.4,2.46,2,0,0,2,0
04-03-2025 08-00-00-CR-001,3/4/2025 8:00,0.154166666666667,2.92,2,0,0,0,2
04-03-2025 08-00-00-CR-002,3/4/2025 8:00,0.0933333333333336,10.53,5,2,3,0,0
04-03-2025 08-00-00-CR-003,3/4/2025 8:00,0.125,1.23,1,0,0,1,0
04-03-2025 09-00-00-CR-002,3/4/2025 9:00,0.075,6.5,3,1,2,0,0
04-03-2025 10-00-00-CR-001,3/4/2025 10:00,-0.0249999999999999,1.46,1,0,0,0,1
04-03-2025 10-00-00-CR-003,3/4/2025 10:00,0.4,1.23,1,0,0,1,0
04-03-2025 11-00-00-CR-001,3/4/2025 11:00,0.45,2.92,2,0,0,0,2
04-03-2025 11-00-00-CR-002,3/4/2025 11:00,0.116666666666667,12.09,6,3,3,0,0
04-03-2025 11-00-00-CR-003,3/4/2025 11:00,0.1,2.46,2,0,0,2,0
04-03-2025 12-00-00-CR-001,3/4/2025 12:00,-0.0249999999999999,1.46,1,0,0,0,1
04-03-2025 12-00-00-CR-002,3/4/2025 12:00,-0.0249999999999999,1.56,1,1,0,0,0
04-03-2025 12-00-00-CR-003,3/4/2025 12:00,0.233333333333333,2.46,2,0,0,2,0
04-03-2025 13-00-00-CR-001,3/4/2025 13:00,-0.208333333333333,4.38,3,0,0,0,3
04-03-2025 14-00-00-CR-001,3/4/2025 14:00,0.4,1.46,1,0,0,0,1
04-03-2025 14-00-00-CR-002,3/4/2025 14:00,-0.00555555555555531,12.09,6,3,3,0,0
04-03-2025 15-00-00-CR-002,3/4/2025 15:00,-0.213888888888889,7.41,3,0,3,0,0
04-03-2025 15-00-00-CR-003,3/4/2025 15:00,-0.172222222222222,3.69,3,0,0,3,0
04-03-2025 16-00-00-CR-001,3/4/2025 16:00,-0.3,1.46,1,0,0,0,1
04-03-2025 16-00-00-CR-002,3/4/2025 16:00,0.04375,6.24,4,4,0,0,0
04-03-2025 17-00-00-CR-002,3/4/2025 17:00,0.0566666666666667,18.33,10,7,3,0,0
04-03-2025 17-00-00-CR-003,3/4/2025 17:00,-0.15,2.46,2,0,0,2,0
04-03-2025 18-00-00-CR-001,3/4/2025 18:00,-0.0249999999999999,1.46,1,0,0,0,1
04-03-2025 18-00-00-CR-002,3/4/2025 18:00,0.105555555555556,7.41,3,0,3,0,0
04-03-2025 18-00-00-CR-003,3/4/2025 18:00,-0.245833333333333,2.46,2,0,0,2,0
04-03-2025 19-00-00-CR-002,3/4/2025 19:00,-0.0222222222222222,13,6,2,4,0,0
04-03-2025 19-00-00-CR-003,3/4/2025 19:00,0.06,6.15,5,0,0,5,0
04-03-2025 20-00-00-CR-002,3/4/2025 20:00,-0.204166666666667,8.97,4,1,3,0,0
04-03-2025 20-00-00-CR-003,3/4/2025 20:00,0,1.23,1,0,0,1,0
04-03-2025 21-00-00-CR-001,3/4/2025 21:00,-0.0249999999999999,1.46,1,0,0,0,1
04-03-2025 21-00-00-CR-002,3/4/2025 21:00,0.2625,4.03,2,1,1,0,0
04-03-2025 22-00-00-CR-002,3/4/2025 22:00,0.0472222222222223,12.09,6,3,3,0,0
04-03-2025 22-00-00-CR-003,3/4/2025 22:00,-0.245833333333333,2.46,2,0,0,2,0
04-03-2025 23-00-00-CR-001,3/4/2025 23:00,0.0458333333333334,2.92,2,0,0,0,2
04-03-2025 23-00-00-CR-002,3/4/2025 23:00,0.3125,4.03,2,1,1,0,0
05-03-2025 00-00-00-CR-001,3/5/2025 0:00,-0.0249999999999999,1.46,1,0,0,0,1
05-03-2025 00-00-00-CR-002,3/5/2025 0:00,-0.0694444444444444,5.59,3,2,1,0,0
05-03-2025 00-00-00-CR-003,3/5/2025 0:00,0.05,2.46,2,0,0,2,0
05-03-2025 01-00-00-CR-001,3/5/2025 1:00,-0.0979166666666665,5.84,4,0,0,0,4
05-03-2025 01-00-00-CR-002,3/5/2025 1:00,-0.191666666666666,4.94,2,0,2,0,0
05-03-2025 01-00-00-CR-003,3/5/2025 1:00,0.2375,2.46,2,0,0,2,0
05-03-2025 02-00-00-CR-002,3/5/2025 2:00,0.00416666666666668,8.06,4,2,2,0,0
05-03-2025 02-00-00-CR-003,3/5/2025 2:00,-0.108333333333333,3.69,3,0,0,3,0
05-03-2025 03-00-00-CR-001,3/5/2025 3:00,-0.0249999999999999,1.46,1,0,0,0,1
05-03-2025 03-00-00-CR-002,3/5/2025 3:00,0.125,4.68,3,3,0,0,0
05-03-2025 03-00-00-CR-003,3/5/2025 3:00,0.4,1.23,1,0,0,1,0
05-03-2025 04-00-00-CR-001,3/5/2025 4:00,-0.0249999999999999,1.46,1,0,0,0,1
05-03-2025 04-00-00-CR-002,3/5/2025 4:00,0.4,2.47,1,0,1,0,0
05-03-2025 05-00-00-CR-002,3/5/2025 5:00,0.0166666666666667,6.5,3,1,2,0,0
05-03-2025 05-00-00-CR-003,3/5/2025 5:00,-0.191666666666666,1.23,1,0,0,1,0
05-03-2025 06-00-00-CR-001,3/5/2025 6:00,0.1875,2.92,2,0,0,0,2
05-03-2025 06-00-00-CR-002,3/5/2025 6:00,-0.122222222222222,6.5,3,1,2,0,0
05-03-2025 07-00-00-CR-001,3/5/2025 7:00,0.45,2.92,2,0,0,0,2
05-03-2025 07-00-00-CR-002,3/5/2025 7:00,0.11875,8.97,4,1,3,0,0
05-03-2025 07-00-00-CR-003,3/5/2025 7:00,-0.0583333333333333,3.69,3,0,0,3,0
05-03-2025 08-00-00-CR-001,3/5/2025 8:00,-0.0333333333333333,1.46,1,0,0,0,1
05-03-2025 08-00-00-CR-002,3/5/2025 8:00,0.00833333333333343,17.68,9,5,4,0,0
05-03-2025 08-00-00-CR-003,3/5/2025 8:00,-0.3,1.23,1,0,0,1,0
05-03-2025 09-00-00-CR-001,3/5/2025 9:00,-0.191666666666666,1.46,1,0,0,0,1
05-03-2025 09-00-00-CR-002,3/5/2025 9:00,0.063888888888889,13.91,6,1,5,0,0
05-03-2025 09-00-00-CR-003,3/5/2025 9:00,-0.15,2.46,2,0,0,2,0
05-03-2025 10-00-00-CR-001,3/5/2025 10:00,0.4,1.46,1,0,0,0,1
05-03-2025 10-00-00-CR-002,3/5/2025 10:00,-0.075,4.03,2,1,1,0,0
05-03-2025 10-00-00-CR-003,3/5/2025 10:00,0.2375,2.46,2,0,0,2,0
05-03-2025 11-00-00-CR-001,3/5/2025 11:00,0.0104166666666667,5.84,4,0,0,0,4
05-03-2025 11-00-00-CR-002,3/5/2025 11:00,0.0125000000000001,21.06,10,4,6,0,0
05-03-2025 12-00-00-CR-001,3/5/2025 12:00,-0.0125,2.92,2,0,0,0,2
05-03-2025 12-00-00-CR-002,3/5/2025 12:00,0.125,5.59,3,2,1,0,0
05-03-2025 12-00-00-CR-003,3/5/2025 12:00,0.005555555555556,3.69,3,0,0,3,0
05-03-2025 13-00-00-CR-001,3/5/2025 13:00,0.236111111111111,4.38,3,0,0,0,3
05-03-2025 13-00-00-CR-002,3/5/2025 13:00,0.0383333333333334,8.71,5,4,1,0,0
05-03-2025 14-00-00-CR-001,3/5/2025 14:00,-0.191666666666666,1.46,1,0,0,0,1
05-03-2025 14-00-00-CR-002,3/5/2025 14:00,0.5,1.56,1,1,0,0,0
05-03-2025 14-00-00-CR-003,3/5/2025 14:00,-0.072222222222222,3.69,3,0,0,3,0
05-03-2025 15-00-00-CR-001,3/5/2025 15:00,0.0566666666666668,7.3,5,0,0,0,5
05-03-2025 15-00-00-CR-002,3/5/2025 15:00,0.288888888888889,7.41,3,0,3,0,0
05-03-2025 15-00-00-CR-003,3/5/2025 15:00,-0.225,2.46,2,0,0,2,0
05-03-2025 16-00-00-CR-001,3/5/2025 16:00,0.125,1.46,1,0,0,0,1
05-03-2025 16-00-00-CR-002,3/5/2025 16:00,-0.136111111111111,6.5,3,1,2,0,0
05-03-2025 16-00-00-CR-003,3/5/2025 16:00,0.2375,2.46,2,0,0,2,0
05-03-2025 17-00-00-CR-001,3/5/2025 17:00,0.125,1.46,1,0,0,0,1
05-03-2025 17-00-00-CR-002,3/5/2025 17:00,0.125,2.47,1,0,1,0,0
05-03-2025 17-00-00-CR-003,3/5/2025 17:00,0.125,4.92,4,0,0,4,0
05-03-2025 18-00-00-CR-001,3/5/2025 18:00,-0.1625,5.84,4,0,0,0,4
05-03-2025 18-00-00-CR-002,3/5/2025 18:00,0.015,11.44,5,1,4,0,0
05-03-2025 18-00-00-CR-003,3/5/2025 18:00,0.0500000000000001,2.46,2,0,0,2,0
05-03-2025 19-00-00-CR-001,3/5/2025 19:00,-0.0166666666666667,2.92,2,0,0,0,2
05-03-2025 19-00-00-CR-002,3/5/2025 19:00,-0.0166666666666667,10.53,5,2,3,0,0
05-03-2025 19-00-00-CR-003,3/5/2025 19:00,0.4,1.23,1,0,0,1,0
05-03-2025 20-00-00-CR-001,3/5/2025 20:00,-0.0583333333333333,4.38,3,0,0,0,3
05-03-2025 20-00-00-CR-003,3/5/2025 20:00,-0.0333333333333333,1.23,1,0,0,1,0
05-03-2025 21-00-00-CR-001,3/5/2025 21:00,-0.129166666666666,5.84,4,0,0,0,4
05-03-2025 21-00-00-CR-002,3/5/2025 21:00,0.216666666666667,7.15,4,3,1,0,0
05-03-2025 21-00-00-CR-003,3/5/2025 21:00,0.197222222222222,3.69,3,0,0,3,0
05-03-2025 22-00-00-CR-001,3/5/2025 22:00,-0.0333333333333333,1.46,1,0,0,0,1
05-03-2025 22-00-00-CR-002,3/5/2025 22:00,0.4,2.47,1,0,1,0,0
05-03-2025 22-00-00-CR-003,3/5/2025 22:00,0.166666666666667,3.69,3,0,0,3,0
05-03-2025 23-00-00-CR-001,3/5/2025 23:00,-0.191666666666666,1.46,1,0,0,0,1
05-03-2025 23-00-00-CR-002,3/5/2025 23:00,0.04,9.62,5,3,2,0,0
05-03-2025 23-00-00-CR-003,3/5/2025 23:00,-0.0875,4.92,4,0,0,4,0
06-03-2025 00-00-00-CR-001,3/6/2025 0:00,0.05,2.92,2,0,0,0,2
06-03-2025 00-00-00-CR-002,3/6/2025 0:00,0.19,8.71,5,4,1,0,0
06-03-2025 00-00-00-CR-003,3/6/2025 0:00,-0.0249999999999999,1.23,1,0,0,1,0
06-03-2025 01-00-00-CR-002,3/6/2025 1:00,0.5,2.47,1,0,1,0,0
06-03-2025 01-00-00-CR-003,3/6/2025 1:00,0.0383333333333334,6.15,5,0,0,5,0
06-03-2025 02-00-00-CR-001,3/6/2025 2:00,-0.208333333333333,4.38,3,0,0,0,3
06-03-2025 02-00-00-CR-002,3/6/2025 2:00,0.175,5.59,3,2,1,0,0
06-03-2025 02-00-00-CR-003,3/6/2025 2:00,-0.0694444444444444,3.69,3,0,0,3,0
06-03-2025 03-00-00-CR-001,3/6/2025 3:00,0.125,1.46,1,0,0,0,1
06-03-2025 03-00-00-CR-002,3/6/2025 3:00,-0.0611111111111111,5.59,3,2,1,0,0
06-03-2025 04-00-00-CR-001,3/6/2025 4:00,0.291666666666667,4.38,3,0,0,0,3
06-03-2025 04-00-00-CR-002,3/6/2025 4:00,-0.0916666666666667,4.03,2,1,1,0,0
06-03-2025 04-00-00-CR-003,3/6/2025 4:00,-0.225,2.46,2,0,0,2,0
06-03-2025 05-00-00-CR-001,3/6/2025 5:00,-0.191666666666666,1.46,1,0,0,0,1
06-03-2025 05-00-00-CR-002,3/6/2025 5:00,0.0216666666666668,10.53,5,2,3,0,0
06-03-2025 05-00-00-CR-003,3/6/2025 5:00,0.125,1.23,1,0,0,1,0
06-03-2025 06-00-00-CR-001,3/6/2025 6:00,0.0333333333333333,4.38,3,0,0,0,3
06-03-2025 06-00-00-CR-002,3/6/2025 6:00,0.0100000000000001,10.53,5,2,3,0,0
06-03-2025 07-00-00-CR-001,3/6/2025 7:00,-0.0875,2.92,2,0,0,0,2
06-03-2025 07-00-00-CR-002,3/6/2025 7:00,0.166666666666667,10.53,5,2,3,0,0
06-03-2025 07-00-00-CR-003,3/6/2025 7:00,0.197222222222222,3.69,3,0,0,3,0
06-03-2025 08-00-00-CR-001,3/6/2025 8:00,-0.0249999999999999,1.46,1,0,0,0,1
06-03-2025 08-00-00-CR-002,3/6/2025 8:00,0.0291666666666667,11.18,6,4,2,0,0
06-03-2025 08-00-00-CR-003,3/6/2025 8:00,-0.08125,4.92,4,0,0,4,0
06-03-2025 09-00-00-CR-001,3/6/2025 9:00,-0.0333333333333333,1.46,1,0,0,0,1
06-03-2025 09-00-00-CR-002,3/6/2025 9:00,-0.0166666666666665,8.06,4,2,2,0,0
06-03-2025 09-00-00-CR-003,3/6/2025 9:00,0.04,6.15,5,0,0,5,0
06-03-2025 10-00-00-CR-001,3/6/2025 10:00,0.4,1.46,1,0,0,0,1
06-03-2025 10-00-00-CR-002,3/6/2025 10:00,-0.0694444444444444,5.59,3,2,1,0,0
06-03-2025 10-00-00-CR-003,3/6/2025 10:00,0.0500000000000001,2.46,2,0,0,2,0
06-03-2025 11-00-00-CR-001,3/6/2025 11:00,0,1.46,1,0,0,0,1
06-03-2025 11-00-00-CR-002,3/6/2025 11:00,-0.0194444444444444,7.41,3,0,3,0,0
06-03-2025 12-00-00-CR-001,3/6/2025 12:00,-0.0916666666666667,2.92,2,0,0,0,2
06-03-2025 12-00-00-CR-002,3/6/2025 12:00,-0.108333333333333,5.59,3,2,1,0,0
06-03-2025 12-00-00-CR-003,3/6/2025 12:00,0.125,1.23,1,0,0,1,0
06-03-2025 13-00-00-CR-002,3/6/2025 13:00,0.141666666666667,9.88,4,0,4,0,0
06-03-2025 13-00-00-CR-003,3/6/2025 13:00,-0.3,1.23,1,0,0,1,0
06-03-2025 14-00-00-CR-001,3/6/2025 14:00,0.125,1.46,1,0,0,0,1
06-03-2025 14-00-00-CR-002,3/6/2025 14:00,0.4,2.47,1,0,1,0,0
06-03-2025 14-00-00-CR-003,3/6/2025 14:00,-0.033333333333333,2.46,2,0,0,2,0
06-03-2025 15-00-00-CR-001,3/6/2025 15:00,0.4,1.46,1,0,0,0,1
06-03-2025 15-00-00-CR-002,3/6/2025 15:00,0.2875,7.15,4,3,1,0,0
06-03-2025 15-00-00-CR-003,3/6/2025 15:00,0,1.23,1,0,0,1,0
06-03-2025 16-00-00-CR-002,3/6/2025 16:00,-0.0375,16.12,8,4,4,0,0
06-03-2025 16-00-00-CR-003,3/6/2025 16:00,0.125,1.23,1,0,0,1,0
06-03-2025 17-00-00-CR-001,3/6/2025 17:00,-0.108333333333333,4.38,3,0,0,0,3
06-03-2025 17-00-00-CR-002,3/6/2025 17:00,-0.0229166666666665,7.15,4,3,1,0,0
06-03-2025 17-00-00-CR-003,3/6/2025 17:00,-0.3,1.23,1,0,0,1,0
06-03-2025 18-00-00-CR-001,3/6/2025 18:00,-0.3,1.46,1,0,0,0,1
06-03-2025 18-00-00-CR-002,3/6/2025 18:00,-0.0583333333333333,12.09,6,3,3,0,0
06-03-2025 18-00-00-CR-003,3/6/2025 18:00,-0.0875,2.46,2,0,0,2,0
06-03-2025 19-00-00-CR-001,3/6/2025 19:00,-0.0249999999999999,1.46,1,0,0,0,1
06-03-2025 19-00-00-CR-002,3/6/2025 19:00,0.0750000000000001,12.74,7,5,2,0,0
06-03-2025 19-00-00-CR-003,3/6/2025 19:00,0.125,1.23,1,0,0,1,0
06-03-2025 20-00-00-CR-001,3/6/2025 20:00,0.125,1.46,1,0,0,0,1
06-03-2025 20-00-00-CR-002,3/6/2025 20:00,-0.133333333333333,12.35,5,0,5,0,0
06-03-2025 20-00-00-CR-003,3/6/2025 20:00,-0.133333333333333,7.38,6,0,0,6,0
06-03-2025 21-00-00-CR-001,3/6/2025 21:00,0.4,1.46,1,0,0,0,1
06-03-2025 21-00-00-CR-002,3/6/2025 21:00,0.225,6.24,4,4,0,0,0
06-03-2025 21-00-00-CR-003,3/6/2025 21:00,0.25,2.46,2,0,0,2,0
06-03-2025 22-00-00-CR-002,3/6/2025 22:00,0.075,5.59,3,2,1,0,0
06-03-2025 22-00-00-CR-003,3/6/2025 22:00,0.25,2.46,2,0,0,2,0
06-03-2025 23-00-00-CR-001,3/6/2025 23:00,0.005555555555556,4.38,3,0,0,0,3
06-03-2025 23-00-00-CR-002,3/6/2025 23:00,-0.191666666666666,2.47,1,0,1,0,0
07-03-2025 00-00-00-CR-001,3/7/2025 0:00,0.3125,2.92,2,0,0,0,2
07-03-2025 00-00-00-CR-002,3/7/2025 0:00,-0.0708333333333331,6.24,4,4,0,0,0
07-03-2025 00-00-00-CR-003,3/7/2025 0:00,0.154166666666667,2.46,2,0,0,2,0
07-03-2025 01-00-00-CR-001,3/7/2025 1:00,0.0625,2.92,2,0,0,0,2
07-03-2025 01-00-00-CR-002,3/7/2025 1:00,0.0940476190476192,12.74,7,5,2,0,0
07-03-2025 01-00-00-CR-003,3/7/2025 1:00,0.183333333333333,2.46,2,0,0,2,0
07-03-2025 02-00-00-CR-001,3/7/2025 2:00,0.125,4.38,3,0,0,0,3
07-03-2025 02-00-00-CR-002,3/7/2025 2:00,0.0433333333333335,8.71,5,4,1,0,0
07-03-2025 02-00-00-CR-003,3/7/2025 2:00,0.0166666666666667,4.92,4,0,0,4,0
07-03-2025 03-00-00-CR-001,3/7/2025 3:00,-0.0333333333333333,1.46,1,0,0,0,1
07-03-2025 03-00-00-CR-002,3/7/2025 3:00,-0.0483333333333333,11.44,5,1,4,0,0
07-03-2025 03-00-00-CR-003,3/7/2025 3:00,0.125,1.23,1,0,0,1,0
07-03-2025 04-00-00-CR-001,3/7/2025 4:00,0.5,1.46,1,0,0,0,1
07-03-2025 04-00-00-CR-002,3/7/2025 4:00,0.216666666666667,4.68,3,3,0,0,0
07-03-2025 05-00-00-CR-002,3/7/2025 5:00,0.125,13.91,6,1,5,0,0
07-03-2025 05-00-00-CR-003,3/7/2025 5:00,0.5,1.23,1,0,0,1,0
07-03-2025 06-00-00-CR-002,3/7/2025 6:00,0.0222222222222223,11.18,6,4,2,0,0
07-03-2025 07-00-00-CR-001,3/7/2025 7:00,0.104166666666667,2.92,2,0,0,0,2
07-03-2025 07-00-00-CR-002,3/7/2025 7:00,0.241666666666667,8.06,4,2,2,0,0
07-03-2025 07-00-00-CR-003,3/7/2025 7:00,-0.0333333333333333,2.46,2,0,0,2,0
07-03-2025 08-00-00-CR-001,3/7/2025 8:00,-0.164583333333333,5.84,4,0,0,0,4
07-03-2025 08-00-00-CR-002,3/7/2025 8:00,0,1.56,1,1,0,0,0
07-03-2025 08-00-00-CR-003,3/7/2025 8:00,0.0194444444444447,3.69,3,0,0,3,0
07-03-2025 09-00-00-CR-002,3/7/2025 9:00,-0.122222222222222,4.68,3,3,0,0,0
07-03-2025 09-00-00-CR-003,3/7/2025 9:00,0.075,3.69,3,0,0,3,0
07-03-2025 10-00-00-CR-001,3/7/2025 10:00,0.002777777777778,4.38,3,0,0,0,3
07-03-2025 10-00-00-CR-002,3/7/2025 10:00,0.0729166666666668,16.12,8,4,4,0,0
07-03-2025 10-00-00-CR-003,3/7/2025 10:00,0.00277777777777799,3.69,3,0,0,3,0
07-03-2025 11-00-00-CR-001,3/7/2025 11:00,-0.0333333333333333,1.46,1,0,0,0,1
07-03-2025 11-00-00-CR-002,3/7/2025 11:00,-0.0333333333333333,1.56,1,1,0,0,0
07-03-2025 11-00-00-CR-003,3/7/2025 11:00,0.0250000000000001,7.38,6,0,0,6,0
07-03-2025 12-00-00-CR-002,3/7/2025 12:00,0.233333333333333,4.94,2,0,2,0,0
07-03-2025 12-00-00-CR-003,3/7/2025 12:00,0.05,2.46,2,0,0,2,0
07-03-2025 13-00-00-CR-001,3/7/2025 13:00,-0.172222222222222,4.38,3,0,0,0,3
07-03-2025 13-00-00-CR-003,3/7/2025 13:00,0.175,2.46,2,0,0,2,0
07-03-2025 14-00-00-CR-001,3/7/2025 14:00,0.0625,2.92,2,0,0,0,2
07-03-2025 14-00-00-CR-002,3/7/2025 14:00,-0.191666666666666,1.56,1,1,0,0,0
07-03-2025 14-00-00-CR-003,3/7/2025 14:00,0.125,1.23,1,0,0,1,0
07-03-2025 15-00-00-CR-001,3/7/2025 15:00,0.341666666666667,4.38,3,0,0,0,3
07-03-2025 15-00-00-CR-002,3/7/2025 15:00,0.0194444444444447,7.41,3,0,3,0,0
07-03-2025 15-00-00-CR-003,3/7/2025 15:00,-0.3,1.23,1,0,0,1,0
07-03-2025 16-00-00-CR-001,3/7/2025 16:00,0.175,2.92,2,0,0,0,2
07-03-2025 16-00-00-CR-002,3/7/2025 16:00,0.0333333333333334,5.59,3,2,1,0,0
07-03-2025 16-00-00-CR-003,3/7/2025 16:00,0.216666666666667,3.69,3,0,0,3,0
07-03-2025 17-00-00-CR-001,3/7/2025 17:00,0.4,1.46,1,0,0,0,1
07-03-2025 17-00-00-CR-002,3/7/2025 17:00,0.04375,7.15,4,3,1,0,0
07-03-2025 17-00-00-CR-003,3/7/2025 17:00,-0.191666666666666,1.23,1,0,0,1,0
07-03-2025 18-00-00-CR-002,3/7/2025 18:00,-0.15,1.56,1,1,0,0,0
07-03-2025 18-00-00-CR-003,3/7/2025 18:00,0.4,1.23,1,0,0,1,0
07-03-2025 19-00-00-CR-001,3/7/2025 19:00,0.4,1.46,1,0,0,0,1
07-03-2025 19-00-00-CR-002,3/7/2025 19:00,-0.116666666666667,7.41,3,0,3,0,0
07-03-2025 19-00-00-CR-003,3/7/2025 19:00,-0.15,4.92,4,0,0,4,0
07-03-2025 20-00-00-CR-001,3/7/2025 20:00,0.103333333333334,7.3,5,0,0,0,5
07-03-2025 20-00-00-CR-002,3/7/2025 20:00,0.233333333333334,8.06,4,2,2,0,0
07-03-2025 20-00-00-CR-003,3/7/2025 20:00,-0.095833333333333,2.46,2,0,0,2,0
07-03-2025 21-00-00-CR-002,3/7/2025 21:00,-0.0249999999999999,1.56,1,1,0,0,0
07-03-2025 22-00-00-CR-001,3/7/2025 22:00,-0.15,1.46,1,0,0,0,1
07-03-2025 22-00-00-CR-002,3/7/2025 22:00,0.16,11.44,5,1,4,0,0
07-03-2025 23-00-00-CR-001,3/7/2025 23:00,-0.15,2.92,2,0,0,0,2
07-03-2025 23-00-00-CR-002,3/7/2025 23:00,0.2625,4.03,2,1,1,0,0
07-03-2025 23-00-00-CR-003,3/7/2025 23:00,0.341666666666667,3.69,3,0,0,3,0
08-03-2025 00-00-00-CR-001,3/8/2025 0:00,-0.0333333333333333,1.46,1,0,0,0,1
08-03-2025 00-00-00-CR-002,3/8/2025 0:00,0.108333333333333,7.8,5,5,0,0,0
08-03-2025 00-00-00-CR-003,3/8/2025 0:00,-0.0249999999999999,1.23,1,0,0,1,0
08-03-2025 01-00-00-CR-001,3/8/2025 1:00,-0.111111111111111,4.38,3,0,0,0,3
08-03-2025 01-00-00-CR-002,3/8/2025 1:00,0.233333333333333,4.03,2,1,1,0,0
08-03-2025 01-00-00-CR-003,3/8/2025 1:00,-0.0305555555555553,3.69,3,0,0,3,0
08-03-2025 02-00-00-CR-001,3/8/2025 2:00,-0.141666666666667,7.3,5,0,0,0,5
08-03-2025 02-00-00-CR-002,3/8/2025 2:00,-0.3,2.47,1,0,1,0,0
08-03-2025 03-00-00-CR-001,3/8/2025 3:00,-0.033333333333333,2.92,2,0,0,0,2
08-03-2025 03-00-00-CR-002,3/8/2025 3:00,0.0305555555555556,6.5,3,1,2,0,0
08-03-2025 03-00-00-CR-003,3/8/2025 3:00,-0.166666666666667,2.46,2,0,0,2,0
08-03-2025 04-00-00-CR-001,3/8/2025 4:00,0.125,1.46,1,0,0,0,1
08-03-2025 04-00-00-CR-002,3/8/2025 4:00,0.116666666666667,13,6,2,4,0,0
08-03-2025 04-00-00-CR-003,3/8/2025 4:00,0.147222222222222,3.69,3,0,0,3,0
08-03-2025 05-00-00-CR-001,3/8/2025 5:00,0.1875,2.92,2,0,0,0,2
08-03-2025 05-00-00-CR-002,3/8/2025 5:00,0.18125,8.06,4,2,2,0,0
08-03-2025 06-00-00-CR-001,3/8/2025 6:00,0.125,1.46,1,0,0,0,1
08-03-2025 06-00-00-CR-002,3/8/2025 6:00,0.0833333333333333,6.5,3,1,2,0,0
08-03-2025 06-00-00-CR-003,3/8/2025 6:00,0.075,4.92,4,0,0,4,0
08-03-2025 07-00-00-CR-001,3/8/2025 7:00,-0.0333333333333333,1.46,1,0,0,0,1
08-03-2025 07-00-00-CR-002,3/8/2025 7:00,0.05625,7.15,4,3,1,0,0
08-03-2025 08-00-00-CR-001,3/8/2025 8:00,0.125,1.46,1,0,0,0,1
08-03-2025 08-00-00-CR-002,3/8/2025 8:00,-0.0666666666666666,4.68,3,3,0,0,0
08-03-2025 08-00-00-CR-003,3/8/2025 8:00,0.38125,4.92,4,0,0,4,0
08-03-2025 09-00-00-CR-001,3/8/2025 9:00,0.2625,2.92,2,0,0,0,2
08-03-2025 09-00-00-CR-002,3/8/2025 9:00,0.0388888888888893,5.59,3,2,1,0,0
08-03-2025 09-00-00-CR-003,3/8/2025 9:00,-0.033333333333333,2.46,2,0,0,2,0
08-03-2025 10-00-00-CR-001,3/8/2025 10:00,0.0833333333333333,7.3,5,0,0,0,5
08-03-2025 10-00-00-CR-002,3/8/2025 10:00,-0.108333333333333,6.5,3,1,2,0,0
08-03-2025 10-00-00-CR-003,3/8/2025 10:00,0.0866666666666668,6.15,5,0,0,5,0
08-03-2025 11-00-00-CR-002,3/8/2025 11:00,0.065,10.53,5,2,3,0,0
08-03-2025 11-00-00-CR-003,3/8/2025 11:00,0.125,1.23,1,0,0,1,0
08-03-2025 12-00-00-CR-001,3/8/2025 12:00,0.5,1.46,1,0,0,0,1
08-03-2025 12-00-00-CR-002,3/8/2025 12:00,0.00833333333333336,11.44,5,1,4,0,0
08-03-2025 12-00-00-CR-003,3/8/2025 12:00,0.21875,4.92,4,0,0,4,0
08-03-2025 13-00-00-CR-001,3/8/2025 13:00,-0.191666666666666,2.92,2,0,0,0,2
08-03-2025 13-00-00-CR-002,3/8/2025 13:00,0.21875,8.06,4,2,2,0,0
08-03-2025 13-00-00-CR-003,3/8/2025 13:00,0.25,2.46,2,0,0,2,0
08-03-2025 14-00-00-CR-002,3/8/2025 14:00,0.0395833333333336,7.15,4,3,1,0,0
08-03-2025 14-00-00-CR-003,3/8/2025 14:00,-0.0166666666666667,2.46,2,0,0,2,0
08-03-2025 15-00-00-CR-002,3/8/2025 15:00,0.25,4.03,2,1,1,0,0
08-03-2025 15-00-00-CR-003,3/8/2025 15:00,-0.3,1.23,1,0,0,1,0
08-03-2025 16-00-00-CR-002,3/8/2025 16:00,-0.0333333333333333,1.56,1,1,0,0,0
08-03-2025 16-00-00-CR-003,3/8/2025 16:00,-0.0333333333333333,1.23,1,0,0,1,0
08-03-2025 17-00-00-CR-001,3/8/2025 17:00,0.011904761904762,10.22,7,0,0,0,7
08-03-2025 17-00-00-CR-002,3/8/2025 17:00,0.2,5.59,3,2,1,0,0
08-03-2025 18-00-00-CR-001,3/8/2025 18:00,-0.3,2.92,2,0,0,0,2
08-03-2025 18-00-00-CR-002,3/8/2025 18:00,-0.145,9.62,5,3,2,0,0
08-03-2025 19-00-00-CR-001,3/8/2025 19:00,0.2625,2.92,2,0,0,0,2
08-03-2025 19-00-00-CR-002,3/8/2025 19:00,-0.225,8.06,4,2,2,0,0
08-03-2025 20-00-00-CR-001,3/8/2025 20:00,-0.191666666666666,1.46,1,0,0,0,1
08-03-2025 20-00-00-CR-002,3/8/2025 20:00,0.4,2.47,1,0,1,0,0
08-03-2025 21-00-00-CR-001,3/8/2025 21:00,0.125,1.46,1,0,0,0,1
08-03-2025 21-00-00-CR-002,3/8/2025 21:00,-0.0392857142857143,13.65,7,4,3,0,0
08-03-2025 21-00-00-CR-003,3/8/2025 21:00,0.154166666666667,2.46,2,0,0,2,0
08-03-2025 22-00-00-CR-001,3/8/2025 22:00,0.1,2.92,2,0,0,0,2
08-03-2025 22-00-00-CR-002,3/8/2025 22:00,0.3125,4.94,2,0,2,0,0
08-03-2025 22-00-00-CR-003,3/8/2025 22:00,0.2375,2.46,2,0,0,2,0
08-03-2025 23-00-00-CR-002,3/8/2025 23:00,-0.0861111111111109,6.5,3,1,2,0,0
08-03-2025 23-00-00-CR-003,3/8/2025 23:00,0.125,1.23,1,0,0,1,0
09-03-2025 00-00-00-CR-002,3/9/2025 0:00,0.08125,8.06,4,2,2,0,0
09-03-2025 01-00-00-CR-002,3/9/2025 1:00,-0.0291666666666666,3.12,2,2,0,0,0
09-03-2025 01-00-00-CR-003,3/9/2025 1:00,-0.0583333333333333,3.69,3,0,0,3,0
09-03-2025 02-00-00-CR-001,3/9/2025 2:00,-0.1125,2.92,2,0,0,0,2
09-03-2025 02-00-00-CR-002,3/9/2025 2:00,0.0458333333333334,4.94,2,0,2,0,0
09-03-2025 02-00-00-CR-003,3/9/2025 2:00,0.125,1.23,1,0,0,1,0
09-03-2025 03-00-00-CR-001,3/9/2025 3:00,-0.3,1.46,1,0,0,0,1
09-03-2025 03-00-00-CR-002,3/9/2025 3:00,0.166666666666667,6.5,3,1,2,0,0
09-03-2025 03-00-00-CR-003,3/9/2025 3:00,0.5,1.23,1,0,0,1,0
09-03-2025 04-00-00-CR-001,3/9/2025 4:00,0.4,2.92,2,0,0,0,2
09-03-2025 04-00-00-CR-002,3/9/2025 4:00,0.0500000000000001,12.09,6,3,3,0,0
09-03-2025 04-00-00-CR-003,3/9/2025 4:00,0.183333333333333,2.46,2,0,0,2,0
09-03-2025 05-00-00-CR-001,3/9/2025 5:00,0.3125,2.92,2,0,0,0,2
09-03-2025 05-00-00-CR-002,3/9/2025 5:00,0.325,7.41,3,0,3,0,0
09-03-2025 05-00-00-CR-003,3/9/2025 5:00,0.233333333333333,2.46,2,0,0,2,0
09-03-2025 06-00-00-CR-001,3/9/2025 6:00,0,2.92,2,0,0,0,2
09-03-2025 06-00-00-CR-002,3/9/2025 6:00,0.0194444444444447,5.59,3,2,1,0,0
09-03-2025 06-00-00-CR-003,3/9/2025 6:00,0.015,6.15,5,0,0,5,0
09-03-2025 07-00-00-CR-001,3/9/2025 7:00,0.2375,2.92,2,0,0,0,2
09-03-2025 07-00-00-CR-002,3/9/2025 7:00,0.168333333333333,11.44,5,1,4,0,0
09-03-2025 08-00-00-CR-001,3/9/2025 8:00,-0.022222222222222,4.38,3,0,0,0,3
09-03-2025 08-00-00-CR-002,3/9/2025 8:00,0.1,9.62,5,3,2,0,0
09-03-2025 08-00-00-CR-003,3/9/2025 8:00,0.125,1.23,1,0,0,1,0
09-03-2025 09-00-00-CR-002,3/9/2025 9:00,0.0479166666666667,8.06,4,2,2,0,0
09-03-2025 10-00-00-CR-001,3/9/2025 10:00,0.125,1.46,1,0,0,0,1
09-03-2025 10-00-00-CR-003,3/9/2025 10:00,-0.0333333333333333,1.23,1,0,0,1,0
09-03-2025 11-00-00-CR-001,3/9/2025 11:00,-0.0604166666666665,5.84,4,0,0,0,4
09-03-2025 11-00-00-CR-003,3/9/2025 11:00,0.175,2.46,2,0,0,2,0
09-03-2025 12-00-00-CR-002,3/9/2025 12:00,0.25,5.59,3,2,1,0,0
09-03-2025 12-00-00-CR-003,3/9/2025 12:00,0.175,2.46,2,0,0,2,0
09-03-2025 13-00-00-CR-001,3/9/2025 13:00,-0.170833333333333,2.92,2,0,0,0,2
09-03-2025 13-00-00-CR-002,3/9/2025 13:00,0.0666666666666667,5.59,3,2,1,0,0
09-03-2025 13-00-00-CR-003,3/9/2025 13:00,0.1,2.46,2,0,0,2,0
09-03-2025 14-00-00-CR-001,3/9/2025 14:00,0.102083333333333,5.84,4,0,0,0,4
09-03-2025 14-00-00-CR-002,3/9/2025 14:00,0.08125,8.97,4,1,3,0,0
09-03-2025 14-00-00-CR-003,3/9/2025 14:00,0.052777777777778,3.69,3,0,0,3,0
09-03-2025 15-00-00-CR-001,3/9/2025 15:00,0.175,4.38,3,0,0,0,3
09-03-2025 15-00-00-CR-003,3/9/2025 15:00,-0.0312499999999998,4.92,4,0,0,4,0
09-03-2025 16-00-00-CR-001,3/9/2025 16:00,0.4,1.46,1,0,0,0,1
09-03-2025 16-00-00-CR-002,3/9/2025 16:00,-0.0516666666666666,11.44,5,1,4,0,0
09-03-2025 16-00-00-CR-003,3/9/2025 16:00,0.4,1.23,1,0,0,1,0
09-03-2025 17-00-00-CR-001,3/9/2025 17:00,-0.195833333333333,5.84,4,0,0,0,4
09-03-2025 17-00-00-CR-002,3/9/2025 17:00,0.05625,7.15,4,3,1,0,0
09-03-2025 18-00-00-CR-001,3/9/2025 18:00,0.104166666666667,2.92,2,0,0,0,2
09-03-2025 18-00-00-CR-002,3/9/2025 18:00,-0.0895833333333333,8.97,4,1,3,0,0
09-03-2025 19-00-00-CR-001,3/9/2025 19:00,0,1.46,1,0,0,0,1
09-03-2025 19-00-00-CR-002,3/9/2025 19:00,0,2.47,1,0,1,0,0
09-03-2025 19-00-00-CR-003,3/9/2025 19:00,-0.108333333333333,3.69,3,0,0,3,0
09-03-2025 20-00-00-CR-001,3/9/2025 20:00,0.0194444444444447,4.38,3,0,0,0,3
09-03-2025 20-00-00-CR-002,3/9/2025 20:00,-0.0208333333333333,8.97,4,1,3,0,0
09-03-2025 20-00-00-CR-003,3/9/2025 20:00,0.0333333333333333,3.69,3,0,0,3,0
09-03-2025 21-00-00-CR-001,3/9/2025 21:00,-0.108333333333333,2.92,2,0,0,0,2
09-03-2025 21-00-00-CR-002,3/9/2025 21:00,-0.15,2.47,1,0,1,0,0
09-03-2025 21-00-00-CR-003,3/9/2025 21:00,0.183333333333333,2.46,2,0,0,2,0
09-03-2025 22-00-00-CR-002,3/9/2025 22:00,0.01875,8.06,4,2,2,0,0
09-03-2025 23-00-00-CR-001,3/9/2025 23:00,0.298333333333333,7.3,5,0,0,0,5
09-03-2025 23-00-00-CR-002,3/9/2025 23:00,-0.0875,3.12,2,2,0,0,0
09-03-2025 23-00-00-CR-003,3/9/2025 23:00,0.5,1.23,1,0,0,1,0
10-03-2025 00-00-00-CR-001,3/10/2025 0:00,-0.191666666666666,1.46,1,0,0,0,1
10-03-2025 00-00-00-CR-002,3/10/2025 0:00,0.4,1.56,1,1,0,0,0
10-03-2025 00-00-00-CR-003,3/10/2025 0:00,-0.191666666666666,1.23,1,0,0,1,0
10-03-2025 01-00-00-CR-001,3/10/2025 1:00,-0.0125,5.84,4,0,0,0,4
10-03-2025 01-00-00-CR-002,3/10/2025 1:00,0.0266666666666669,8.71,5,4,1,0,0
10-03-2025 01-00-00-CR-003,3/10/2025 1:00,0.25,4.92,4,0,0,4,0
10-03-2025 02-00-00-CR-001,3/10/2025 2:00,0.125,1.46,1,0,0,0,1
10-03-2025 02-00-00-CR-002,3/10/2025 2:00,0.105,9.62,5,3,2,0,0
10-03-2025 03-00-00-CR-001,3/10/2025 3:00,0.163888888888889,4.38,3,0,0,0,3
10-03-2025 03-00-00-CR-002,3/10/2025 3:00,0.0145833333333334,8.06,4,2,2,0,0
10-03-2025 03-00-00-CR-003,3/10/2025 3:00,-0.15,1.23,1,0,0,1,0
10-03-2025 04-00-00-CR-001,3/10/2025 4:00,-0.0291666666666666,2.92,2,0,0,0,2
10-03-2025 04-00-00-CR-002,3/10/2025 4:00,0.116666666666667,6.5,3,1,2,0,0
10-03-2025 05-00-00-CR-001,3/10/2025 5:00,0.2625,2.92,2,0,0,0,2
10-03-2025 05-00-00-CR-003,3/10/2025 5:00,0.2625,2.46,2,0,0,2,0
10-03-2025 06-00-00-CR-001,3/10/2025 6:00,-0.0999999999999998,5.84,4,0,0,0,4
10-03-2025 06-00-00-CR-002,3/10/2025 6:00,-0.0238095238095237,13.65,7,4,3,0,0
10-03-2025 06-00-00-CR-003,3/10/2025 6:00,0.0708333333333334,7.38,6,0,0,6,0
10-03-2025 07-00-00-CR-002,3/10/2025 7:00,0.341666666666667,4.68,3,3,0,0,0
10-03-2025 07-00-00-CR-003,3/10/2025 7:00,-0.191666666666666,1.23,1,0,0,1,0
10-03-2025 08-00-00-CR-002,3/10/2025 8:00,-0.0888888888888889,12.09,6,3,3,0,0
10-03-2025 08-00-00-CR-003,3/10/2025 8:00,-0.15,1.23,1,0,0,1,0
10-03-2025 09-00-00-CR-001,3/10/2025 9:00,-0.191666666666666,1.46,1,0,0,0,1
10-03-2025 09-00-00-CR-002,3/10/2025 9:00,0.2625,4.03,2,1,1,0,0
10-03-2025 09-00-00-CR-003,3/10/2025 9:00,-0.3,1.23,1,0,0,1,0
10-03-2025 10-00-00-CR-002,3/10/2025 10:00,0.3125,8.06,4,2,2,0,0
10-03-2025 10-00-00-CR-003,3/10/2025 10:00,0.5,1.23,1,0,0,1,0
10-03-2025 11-00-00-CR-001,3/10/2025 11:00,-0.191666666666666,1.46,1,0,0,0,1
10-03-2025 11-00-00-CR-002,3/10/2025 11:00,-0.191666666666666,2.47,1,0,1,0,0
10-03-2025 11-00-00-CR-003,3/10/2025 11:00,0.34375,4.92,4,0,0,4,0
10-03-2025 12-00-00-CR-001,3/10/2025 12:00,-0.0875,2.92,2,0,0,0,2
10-03-2025 12-00-00-CR-002,3/10/2025 12:00,0.113333333333333,9.62,5,3,2,0,0
10-03-2025 12-00-00-CR-003,3/10/2025 12:00,0,2.46,2,0,0,2,0
10-03-2025 13-00-00-CR-002,3/10/2025 13:00,-0.0277777777777777,5.59,3,2,1,0,0
10-03-2025 14-00-00-CR-001,3/10/2025 14:00,-0.108333333333333,4.38,3,0,0,0,3
10-03-2025 14-00-00-CR-002,3/10/2025 14:00,0.0555555555555556,6.5,3,1,2,0,0
10-03-2025 14-00-00-CR-003,3/10/2025 14:00,-0.3,1.23,1,0,0,1,0
10-03-2025 15-00-00-CR-001,3/10/2025 15:00,0,1.46,1,0,0,0,1
10-03-2025 15-00-00-CR-003,3/10/2025 15:00,0.183333333333334,4.92,4,0,0,4,0
10-03-2025 16-00-00-CR-001,3/10/2025 16:00,0.15,5.84,4,0,0,0,4
10-03-2025 16-00-00-CR-002,3/10/2025 16:00,0.4,2.47,1,0,1,0,0
10-03-2025 16-00-00-CR-003,3/10/2025 16:00,0.2625,2.46,2,0,0,2,0
10-03-2025 17-00-00-CR-001,3/10/2025 17:00,-0.225,2.92,2,0,0,0,2
10-03-2025 17-00-00-CR-002,3/10/2025 17:00,0.202083333333333,16.12,8,4,4,0,0
10-03-2025 17-00-00-CR-003,3/10/2025 17:00,-0.0694444444444444,3.69,3,0,0,3,0
10-03-2025 18-00-00-CR-001,3/10/2025 18:00,0.111111111111111,4.38,3,0,0,0,3
10-03-2025 18-00-00-CR-002,3/10/2025 18:00,-0.0875,3.12,2,2,0,0,0
10-03-2025 18-00-00-CR-003,3/10/2025 18:00,-0.158333333333333,3.69,3,0,0,3,0
10-03-2025 19-00-00-CR-002,3/10/2025 19:00,0.125,4.94,2,0,2,0,0
10-03-2025 19-00-00-CR-003,3/10/2025 19:00,-0.0125,2.46,2,0,0,2,0
10-03-2025 20-00-00-CR-002,3/10/2025 20:00,0.0958333333333334,13,6,2,4,0,0
10-03-2025 20-00-00-CR-003,3/10/2025 20:00,0.125,1.23,1,0,0,1,0
10-03-2025 21-00-00-CR-001,3/10/2025 21:00,-0.0305555555555555,4.38,3,0,0,0,3
10-03-2025 21-00-00-CR-002,3/10/2025 21:00,0.0652777777777778,10.27,6,5,1,0,0
10-03-2025 21-00-00-CR-003,3/10/2025 21:00,-0.0875,2.46,2,0,0,2,0
10-03-2025 22-00-00-CR-001,3/10/2025 22:00,0.125,1.46,1,0,0,0,1
10-03-2025 22-00-00-CR-002,3/10/2025 22:00,0.0142857142857143,13.65,7,4,3,0,0
10-03-2025 22-00-00-CR-003,3/10/2025 22:00,-0.3,1.23,1,0,0,1,0
10-03-2025 23-00-00-CR-001,3/10/2025 23:00,0.5,1.46,1,0,0,0,1
10-03-2025 23-00-00-CR-002,3/10/2025 23:00,0.0104166666666667,8.06,4,2,2,0,0
11-03-2025 00-00-00-CR-001,3/11/2025 0:00,0.125,1.46,1,0,0,0,1
11-03-2025 00-00-00-CR-002,3/11/2025 0:00,0.166666666666667,5.59,3,2,1,0,0
11-03-2025 01-00-00-CR-001,3/11/2025 1:00,-0.0166666666666666,4.38,3,0,0,0,3
11-03-2025 01-00-00-CR-002,3/11/2025 1:00,0.0833333333333333,5.59,3,2,1,0,0
11-03-2025 02-00-00-CR-002,3/11/2025 2:00,-0.0805555555555553,6.5,3,1,2,0,0
11-03-2025 02-00-00-CR-003,3/11/2025 2:00,0.125,1.23,1,0,0,1,0
11-03-2025 03-00-00-CR-001,3/11/2025 3:00,-0.095,7.3,5,0,0,0,5
11-03-2025 03-00-00-CR-002,3/11/2025 3:00,0.0194444444444447,6.5,3,1,2,0,0
11-03-2025 03-00-00-CR-003,3/11/2025 3:00,-0.3,1.23,1,0,0,1,0
11-03-2025 04-00-00-CR-002,3/11/2025 4:00,0.17,12.35,5,0,5,0,0
11-03-2025 04-00-00-CR-003,3/11/2025 4:00,-0.0333333333333333,1.23,1,0,0,1,0
11-03-2025 05-00-00-CR-001,3/11/2025 5:00,-0.0166666666666666,4.38,3,0,0,0,3
11-03-2025 05-00-00-CR-002,3/11/2025 5:00,0.169791666666667,16.12,8,4,4,0,0
11-03-2025 06-00-00-CR-001,3/11/2025 6:00,0.15,5.84,4,0,0,0,4
11-03-2025 06-00-00-CR-002,3/11/2025 6:00,-0.00416666666666648,7.15,4,3,1,0,0
11-03-2025 06-00-00-CR-003,3/11/2025 6:00,0.0500000000000001,2.46,2,0,0,2,0
11-03-2025 07-00-00-CR-001,3/11/2025 7:00,0.197222222222222,4.38,3,0,0,0,3
11-03-2025 07-00-00-CR-002,3/11/2025 7:00,-0.05,8.97,4,1,3,0,0
11-03-2025 07-00-00-CR-003,3/11/2025 7:00,0.197222222222222,3.69,3,0,0,3,0
11-03-2025 08-00-00-CR-001,3/11/2025 8:00,0,1.46,1,0,0,0,1
11-03-2025 08-00-00-CR-002,3/11/2025 8:00,0.25,8.97,4,1,3,0,0
11-03-2025 08-00-00-CR-003,3/11/2025 8:00,-0.0333333333333333,1.23,1,0,0,1,0
11-03-2025 09-00-00-CR-002,3/11/2025 9:00,0.0300000000000001,10.53,5,2,3,0,0
11-03-2025 09-00-00-CR-003,3/11/2025 9:00,-0.15,1.23,1,0,0,1,0
11-03-2025 10-00-00-CR-002,3/11/2025 10:00,0.0333333333333333,5.59,3,2,1,0,0
11-03-2025 10-00-00-CR-003,3/11/2025 10:00,-0.15,1.23,1,0,0,1,0
11-03-2025 11-00-00-CR-002,3/11/2025 11:00,-0.0166666666666666,5.59,3,2,1,0,0
11-03-2025 12-00-00-CR-001,3/11/2025 12:00,0.05,7.3,5,0,0,0,5
11-03-2025 12-00-00-CR-002,3/11/2025 12:00,-0.0125,4.03,2,1,1,0,0
11-03-2025 12-00-00-CR-003,3/11/2025 12:00,0.2375,2.46,2,0,0,2,0
11-03-2025 13-00-00-CR-001,3/11/2025 13:00,-0.0833333333333331,4.38,3,0,0,0,3
11-03-2025 13-00-00-CR-002,3/11/2025 13:00,-0.141666666666666,9.62,5,3,2,0,0
11-03-2025 13-00-00-CR-003,3/11/2025 13:00,-0.0666666666666666,3.69,3,0,0,3,0
11-03-2025 14-00-00-CR-001,3/11/2025 14:00,-0.263888888888889,4.38,3,0,0,0,3
11-03-2025 14-00-00-CR-002,3/11/2025 14:00,0,4.94,2,0,2,0,0
11-03-2025 14-00-00-CR-003,3/11/2025 14:00,-0.225,2.46,2,0,0,2,0
11-03-2025 15-00-00-CR-002,3/11/2025 15:00,0.0333333333333333,10.53,5,2,3,0,0
11-03-2025 15-00-00-CR-003,3/11/2025 15:00,0.1,2.46,2,0,0,2,0
11-03-2025 16-00-00-CR-001,3/11/2025 16:00,-0.1625,2.92,2,0,0,0,2
11-03-2025 16-00-00-CR-002,3/11/2025 16:00,0.197222222222222,6.5,3,1,2,0,0
11-03-2025 16-00-00-CR-003,3/11/2025 16:00,-0.0861111111111107,3.69,3,0,0,3,0
11-03-2025 17-00-00-CR-002,3/11/2025 17:00,-0.033333333333333,4.94,2,0,2,0,0
11-03-2025 17-00-00-CR-003,3/11/2025 17:00,0.45,2.46,2,0,0,2,0
11-03-2025 18-00-00-CR-001,3/11/2025 18:00,-0.191666666666666,1.46,1,0,0,0,1
11-03-2025 18-00-00-CR-002,3/11/2025 18:00,0.0666666666666667,5.59,3,2,1,0,0
11-03-2025 18-00-00-CR-003,3/11/2025 18:00,0,1.23,1,0,0,1,0
11-03-2025 19-00-00-CR-001,3/11/2025 19:00,-0.0249999999999999,1.46,1,0,0,0,1
11-03-2025 19-00-00-CR-002,3/11/2025 19:00,0.07,9.62,5,3,2,0,0
11-03-2025 19-00-00-CR-003,3/11/2025 19:00,0.216666666666667,3.69,3,0,0,3,0
11-03-2025 20-00-00-CR-001,3/11/2025 20:00,-0.0249999999999999,1.46,1,0,0,0,1
11-03-2025 20-00-00-CR-002,3/11/2025 20:00,-0.133333333333333,7.15,4,3,1,0,0
11-03-2025 20-00-00-CR-003,3/11/2025 20:00,0.0388888888888893,3.69,3,0,0,3,0
11-03-2025 21-00-00-CR-001,3/11/2025 21:00,0.0500000000000001,2.92,2,0,0,0,2
11-03-2025 21-00-00-CR-002,3/11/2025 21:00,-0.0583333333333332,10.53,5,2,3,0,0
11-03-2025 22-00-00-CR-001,3/11/2025 22:00,0,1.46,1,0,0,0,1
11-03-2025 22-00-00-CR-002,3/11/2025 22:00,0.0833333333333335,8.97,4,1,3,0,0
11-03-2025 22-00-00-CR-003,3/11/2025 22:00,0.125,2.46,2,0,0,2,0
11-03-2025 23-00-00-CR-001,3/11/2025 23:00,0.0625,2.92,2,0,0,0,2
11-03-2025 23-00-00-CR-002,3/11/2025 23:00,0.0541666666666667,8.06,4,2,2,0,0
12-03-2025 00-00-00-CR-001,3/12/2025 0:00,-0.0694444444444444,4.38,3,0,0,0,3
12-03-2025 00-00-00-CR-002,3/12/2025 0:00,-0.160416666666667,8.06,4,2,2,0,0
12-03-2025 00-00-00-CR-003,3/12/2025 0:00,0.4,1.23,1,0,0,1,0
12-03-2025 01-00-00-CR-001,3/12/2025 1:00,-0.170833333333333,5.84,4,0,0,0,4
12-03-2025 01-00-00-CR-002,3/12/2025 1:00,-0.095833333333333,4.03,2,1,1,0,0
12-03-2025 01-00-00-CR-003,3/12/2025 1:00,0.133333333333333,3.69,3,0,0,3,0
12-03-2025 02-00-00-CR-001,3/12/2025 2:00,-0.0249999999999999,1.46,1,0,0,0,1
12-03-2025 02-00-00-CR-002,3/12/2025 2:00,-0.0125,4.03,2,1,1,0,0
12-03-2025 03-00-00-CR-001,3/12/2025 3:00,0.1875,2.92,2,0,0,0,2
12-03-2025 03-00-00-CR-002,3/12/2025 3:00,0.0458333333333334,3.12,2,2,0,0,0
12-03-2025 04-00-00-CR-001,3/12/2025 4:00,0.4,1.46,1,0,0,0,1
12-03-2025 04-00-00-CR-002,3/12/2025 4:00,0.5,2.47,1,0,1,0,0
12-03-2025 05-00-00-CR-002,3/12/2025 5:00,-0.0447916666666665,15.21,8,5,3,0,0
12-03-2025 05-00-00-CR-003,3/12/2025 5:00,0.125,1.23,1,0,0,1,0
12-03-2025 06-00-00-CR-001,3/12/2025 6:00,-0.3,2.92,2,0,0,0,2
12-03-2025 06-00-00-CR-002,3/12/2025 6:00,0.0883333333333334,12.35,5,0,5,0,0
12-03-2025 06-00-00-CR-003,3/12/2025 6:00,-0.0333333333333333,1.23,1,0,0,1,0
12-03-2025 07-00-00-CR-001,3/12/2025 7:00,-0.191666666666666,1.46,1,0,0,0,1
12-03-2025 07-00-00-CR-002,3/12/2025 7:00,0.0854166666666667,8.97,4,1,3,0,0
12-03-2025 08-00-00-CR-001,3/12/2025 8:00,0.0666666666666667,4.38,3,0,0,0,3
12-03-2025 08-00-00-CR-002,3/12/2025 8:00,0.1875,4.94,2,0,2,0,0
12-03-2025 08-00-00-CR-003,3/12/2025 8:00,-0.108333333333333,2.46,2,0,0,2,0
12-03-2025 09-00-00-CR-001,3/12/2025 9:00,0.116666666666667,4.38,3,0,0,0,3
12-03-2025 09-00-00-CR-002,3/12/2025 9:00,-0.1625,4.03,2,1,1,0,0
12-03-2025 09-00-00-CR-003,3/12/2025 9:00,-0.0125,2.46,2,0,0,2,0
12-03-2025 10-00-00-CR-001,3/12/2025 10:00,0.4,1.46,1,0,0,0,1
12-03-2025 10-00-00-CR-002,3/12/2025 10:00,0.0833333333333333,6.5,3,1,2,0,0
12-03-2025 10-00-00-CR-003,3/12/2025 10:00,0.115277777777778,7.38,6,0,0,6,0
12-03-2025 11-00-00-CR-001,3/12/2025 11:00,0.01875,5.84,4,0,0,0,4
12-03-2025 11-00-00-CR-002,3/12/2025 11:00,-0.0583333333333333,8.06,4,2,2,0,0
12-03-2025 11-00-00-CR-003,3/12/2025 11:00,0.197222222222222,3.69,3,0,0,3,0
12-03-2025 12-00-00-CR-001,3/12/2025 12:00,-0.191666666666666,1.46,1,0,0,0,1
12-03-2025 12-00-00-CR-002,3/12/2025 12:00,0.4,1.56,1,1,0,0,0
12-03-2025 12-00-00-CR-003,3/12/2025 12:00,0.4,1.23,1,0,0,1,0
12-03-2025 13-00-00-CR-001,3/12/2025 13:00,-0.191666666666666,1.46,1,0,0,0,1
12-03-2025 13-00-00-CR-002,3/12/2025 13:00,-0.0549999999999998,10.53,5,2,3,0,0
12-03-2025 13-00-00-CR-003,3/12/2025 13:00,0.163888888888889,3.69,3,0,0,3,0
12-03-2025 14-00-00-CR-001,3/12/2025 14:00,0.5,1.46,1,0,0,0,1
12-03-2025 14-00-00-CR-002,3/12/2025 14:00,-0.0444444444444443,13,6,2,4,0,0
12-03-2025 15-00-00-CR-001,3/12/2025 15:00,-0.0916666666666667,2.92,2,0,0,0,2
12-03-2025 15-00-00-CR-002,3/12/2025 15:00,0.0250000000000001,12.09,6,3,3,0,0
12-03-2025 15-00-00-CR-003,3/12/2025 15:00,0.0104166666666667,4.92,4,0,0,4,0
12-03-2025 16-00-00-CR-001,3/12/2025 16:00,0.116666666666667,7.3,5,0,0,0,5
12-03-2025 16-00-00-CR-002,3/12/2025 16:00,0.147222222222222,7.41,3,0,3,0,0
12-03-2025 16-00-00-CR-003,3/12/2025 16:00,-0.170833333333333,2.46,2,0,0,2,0
12-03-2025 17-00-00-CR-001,3/12/2025 17:00,0.0583333333333334,7.3,5,0,0,0,5
12-03-2025 17-00-00-CR-002,3/12/2025 17:00,-0.0549999999999998,9.62,5,3,2,0,0
12-03-2025 17-00-00-CR-003,3/12/2025 17:00,0.0500000000000001,2.46,2,0,0,2,0
12-03-2025 18-00-00-CR-001,3/12/2025 18:00,0.5,1.46,1,0,0,0,1
12-03-2025 18-00-00-CR-002,3/12/2025 18:00,0.0541666666666667,11.18,6,4,2,0,0
12-03-2025 18-00-00-CR-003,3/12/2025 18:00,0.5,1.23,1,0,0,1,0
12-03-2025 20-00-00-CR-001,3/12/2025 20:00,-0.0166666666666667,2.92,2,0,0,0,2
12-03-2025 20-00-00-CR-002,3/12/2025 20:00,-0.141666666666666,9.62,5,3,2,0,0
12-03-2025 20-00-00-CR-003,3/12/2025 20:00,0.0316666666666668,6.15,5,0,0,5,0
12-03-2025 21-00-00-CR-001,3/12/2025 21:00,-0.166666666666667,2.92,2,0,0,0,2
12-03-2025 21-00-00-CR-002,3/12/2025 21:00,0.0222222222222223,6.5,3,1,2,0,0
12-03-2025 21-00-00-CR-003,3/12/2025 21:00,0.4,1.23,1,0,0,1,0
12-03-2025 22-00-00-CR-001,3/12/2025 22:00,-0.095833333333333,2.92,2,0,0,0,2
12-03-2025 22-00-00-CR-002,3/12/2025 22:00,0.125,2.47,1,0,1,0,0
12-03-2025 22-00-00-CR-003,3/12/2025 22:00,-0.15,2.46,2,0,0,2,0
12-03-2025 23-00-00-CR-002,3/12/2025 23:00,0.075,6.5,3,1,2,0,0
12-03-2025 23-00-00-CR-003,3/12/2025 23:00,0.466666666666667,3.69,3,0,0,3,0
13-03-2025 00-00-00-CR-001,3/13/2025 0:00,-0.170833333333333,2.92,2,0,0,0,2
13-03-2025 00-00-00-CR-002,3/13/2025 0:00,0.125,2.47,1,0,1,0,0
13-03-2025 00-00-00-CR-003,3/13/2025 0:00,0.111111111111111,3.69,3,0,0,3,0
13-03-2025 01-00-00-CR-001,3/13/2025 1:00,-0.033333333333333,2.92,2,0,0,0,2
13-03-2025 01-00-00-CR-002,3/13/2025 1:00,0.05625,8.06,4,2,2,0,0
13-03-2025 02-00-00-CR-001,3/13/2025 2:00,-0.191666666666666,1.46,1,0,0,0,1
13-03-2025 02-00-00-CR-002,3/13/2025 2:00,0.002777777777778,5.59,3,2,1,0,0
13-03-2025 02-00-00-CR-003,3/13/2025 2:00,0.0875,4.92,4,0,0,4,0
13-03-2025 03-00-00-CR-001,3/13/2025 3:00,0.0611111111111114,4.38,3,0,0,0,3
13-03-2025 03-00-00-CR-002,3/13/2025 3:00,0.108333333333333,7.15,4,3,1,0,0
13-03-2025 03-00-00-CR-003,3/13/2025 3:00,0.125,2.46,2,0,0,2,0
13-03-2025 04-00-00-CR-001,3/13/2025 4:00,-0.075,2.92,2,0,0,0,2
13-03-2025 04-00-00-CR-002,3/13/2025 4:00,-0.0333333333333333,2.47,1,0,1,0,0
13-03-2025 05-00-00-CR-001,3/13/2025 5:00,-0.0249999999999999,1.46,1,0,0,0,1
13-03-2025 05-00-00-CR-002,3/13/2025 5:00,0.00277777777777801,6.5,3,1,2,0,0
13-03-2025 05-00-00-CR-003,3/13/2025 5:00,0.125,1.23,1,0,0,1,0
13-03-2025 06-00-00-CR-001,3/13/2025 6:00,0.216666666666667,4.38,3,0,0,0,3
13-03-2025 06-00-00-CR-002,3/13/2025 6:00,-0.0604166666666665,8.06,4,2,2,0,0
13-03-2025 07-00-00-CR-002,3/13/2025 7:00,0.0319444444444447,12.09,6,3,3,0,0
13-03-2025 08-00-00-CR-001,3/13/2025 8:00,0.116666666666667,4.38,3,0,0,0,3
13-03-2025 08-00-00-CR-002,3/13/2025 8:00,-0.070833333333333,8.06,4,2,2,0,0
13-03-2025 08-00-00-CR-003,3/13/2025 8:00,-0.0333333333333333,1.23,1,0,0,1,0
13-03-2025 09-00-00-CR-001,3/13/2025 9:00,-0.3,1.46,1,0,0,0,1
13-03-2025 09-00-00-CR-002,3/13/2025 9:00,-0.033333333333333,3.12,2,2,0,0,0
13-03-2025 09-00-00-CR-003,3/13/2025 9:00,-0.191666666666666,1.23,1,0,0,1,0
13-03-2025 10-00-00-CR-001,3/13/2025 10:00,0.125,4.38,3,0,0,0,3
13-03-2025 10-00-00-CR-002,3/13/2025 10:00,0.0416666666666667,8.97,4,1,3,0,0
13-03-2025 10-00-00-CR-003,3/13/2025 10:00,0.3125,2.46,2,0,0,2,0
13-03-2025 11-00-00-CR-002,3/13/2025 11:00,0.139583333333333,8.06,4,2,2,0,0
13-03-2025 11-00-00-CR-003,3/13/2025 11:00,-0.108333333333333,3.69,3,0,0,3,0
13-03-2025 12-00-00-CR-001,3/13/2025 12:00,0.325,4.38,3,0,0,0,3
13-03-2025 12-00-00-CR-002,3/13/2025 12:00,0.05625,7.15,4,3,1,0,0
13-03-2025 13-00-00-CR-001,3/13/2025 13:00,-0.0333333333333333,1.46,1,0,0,0,1
13-03-2025 13-00-00-CR-002,3/13/2025 13:00,0.0222222222222224,11.18,6,4,2,0,0
13-03-2025 13-00-00-CR-003,3/13/2025 13:00,0.0333333333333334,3.69,3,0,0,3,0
13-03-2025 14-00-00-CR-001,3/13/2025 14:00,0.154166666666667,5.84,4,0,0,0,4
13-03-2025 14-00-00-CR-002,3/13/2025 14:00,-0.0875,4.94,2,0,2,0,0
13-03-2025 14-00-00-CR-003,3/13/2025 14:00,0.0458333333333334,2.46,2,0,0,2,0
13-03-2025 15-00-00-CR-002,3/13/2025 15:00,-0.0849999999999999,11.44,5,1,4,0,0
13-03-2025 16-00-00-CR-001,3/13/2025 16:00,0.125,1.46,1,0,0,0,1
13-03-2025 16-00-00-CR-002,3/13/2025 16:00,0.116666666666667,7.41,3,0,3,0,0
13-03-2025 16-00-00-CR-003,3/13/2025 16:00,0,1.23,1,0,0,1,0
13-03-2025 17-00-00-CR-001,3/13/2025 17:00,0.0430555555555557,8.76,6,0,0,0,6
13-03-2025 17-00-00-CR-002,3/13/2025 17:00,-0.0216666666666667,10.53,5,2,3,0,0
13-03-2025 17-00-00-CR-003,3/13/2025 17:00,0.183333333333333,2.46,2,0,0,2,0
13-03-2025 18-00-00-CR-001,3/13/2025 18:00,-0.111111111111111,4.38,3,0,0,0,3
13-03-2025 18-00-00-CR-002,3/13/2025 18:00,0.0166666666666667,8.97,4,1,3,0,0
13-03-2025 19-00-00-CR-001,3/13/2025 19:00,0.125,1.46,1,0,0,0,1
13-03-2025 19-00-00-CR-002,3/13/2025 19:00,0.04,10.53,5,2,3,0,0
13-03-2025 19-00-00-CR-003,3/13/2025 19:00,-0.0333333333333333,1.23,1,0,0,1,0
13-03-2025 20-00-00-CR-001,3/13/2025 20:00,0.108333333333333,4.38,3,0,0,0,3
13-03-2025 20-00-00-CR-002,3/13/2025 20:00,-0.0249999999999999,2.47,1,0,1,0,0
13-03-2025 20-00-00-CR-003,3/13/2025 20:00,0.4,1.23,1,0,0,1,0
13-03-2025 21-00-00-CR-001,3/13/2025 21:00,0,1.46,1,0,0,0,1
13-03-2025 21-00-00-CR-002,3/13/2025 21:00,0.0555555555555556,5.59,3,2,1,0,0
13-03-2025 21-00-00-CR-003,3/13/2025 21:00,-0.15,1.23,1,0,0,1,0
13-03-2025 22-00-00-CR-001,3/13/2025 22:00,-0.3,1.46,1,0,0,0,1
13-03-2025 22-00-00-CR-002,3/13/2025 22:00,0.17,10.53,5,2,3,0,0
13-03-2025 22-00-00-CR-003,3/13/2025 22:00,0.20625,4.92,4,0,0,4,0
13-03-2025 23-00-00-CR-001,3/13/2025 23:00,0.0854166666666667,5.84,4,0,0,0,4
13-03-2025 23-00-00-CR-002,3/13/2025 23:00,0.163888888888889,6.5,3,1,2,0,0
14-03-2025 00-00-00-CR-001,3/14/2025 0:00,-0.0666666666666666,4.38,3,0,0,0,3
14-03-2025 00-00-00-CR-002,3/14/2025 0:00,0.0066666666666668,10.53,5,2,3,0,0
14-03-2025 00-00-00-CR-003,3/14/2025 0:00,0.4,1.23,1,0,0,1,0
14-03-2025 01-00-00-CR-001,3/14/2025 1:00,-0.15,1.46,1,0,0,0,1
14-03-2025 01-00-00-CR-002,3/14/2025 1:00,-0.0194444444444443,12.09,6,3,3,0,0
14-03-2025 01-00-00-CR-003,3/14/2025 1:00,-0.158333333333333,3.69,3,0,0,3,0
14-03-2025 02-00-00-CR-001,3/14/2025 2:00,0.4,1.46,1,0,0,0,1
14-03-2025 02-00-00-CR-002,3/14/2025 2:00,-0.15,2.47,1,0,1,0,0
14-03-2025 02-00-00-CR-003,3/14/2025 2:00,0.05,2.46,2,0,0,2,0
14-03-2025 03-00-00-CR-002,3/14/2025 3:00,0.0277777777777779,19.5,9,3,6,0,0
14-03-2025 03-00-00-CR-003,3/14/2025 3:00,0.125,2.46,2,0,0,2,0
14-03-2025 04-00-00-CR-001,3/14/2025 4:00,0.5,1.46,1,0,0,0,1
14-03-2025 04-00-00-CR-002,3/14/2025 4:00,-0.0249999999999999,2.47,1,0,1,0,0
14-03-2025 04-00-00-CR-003,3/14/2025 4:00,0,2.46,2,0,0,2,0
14-03-2025 05-00-00-CR-001,3/14/2025 5:00,0.45,2.92,2,0,0,0,2
14-03-2025 05-00-00-CR-002,3/14/2025 5:00,0,1.56,1,1,0,0,0
14-03-2025 05-00-00-CR-003,3/14/2025 5:00,0.4,1.23,1,0,0,1,0
14-03-2025 06-00-00-CR-001,3/14/2025 6:00,-0.075,2.92,2,0,0,0,2
14-03-2025 06-00-00-CR-002,3/14/2025 6:00,-0.0999999999999998,7.15,4,3,1,0,0
14-03-2025 06-00-00-CR-003,3/14/2025 6:00,0.00833333333333352,4.92,4,0,0,4,0
14-03-2025 07-00-00-CR-001,3/14/2025 7:00,-0.0125,2.92,2,0,0,0,2
14-03-2025 07-00-00-CR-002,3/14/2025 7:00,-0.141666666666666,9.62,5,3,2,0,0
14-03-2025 07-00-00-CR-003,3/14/2025 7:00,0.125,1.23,1,0,0,1,0
14-03-2025 08-00-00-CR-001,3/14/2025 8:00,-0.15,1.46,1,0,0,0,1
14-03-2025 08-00-00-CR-002,3/14/2025 8:00,0.125,4.03,2,1,1,0,0
14-03-2025 08-00-00-CR-003,3/14/2025 8:00,0.0500000000000001,2.46,2,0,0,2,0
14-03-2025 09-00-00-CR-001,3/14/2025 9:00,-0.075,2.92,2,0,0,0,2
14-03-2025 09-00-00-CR-002,3/14/2025 9:00,0.4,1.56,1,1,0,0,0
14-03-2025 09-00-00-CR-003,3/14/2025 9:00,-0.0541666666666667,4.92,4,0,0,4,0
14-03-2025 10-00-00-CR-001,3/14/2025 10:00,0.104166666666667,2.92,2,0,0,0,2
14-03-2025 10-00-00-CR-002,3/14/2025 10:00,0.0541666666666667,8.97,4,1,3,0,0
14-03-2025 10-00-00-CR-003,3/14/2025 10:00,-0.191666666666666,1.23,1,0,0,1,0
14-03-2025 11-00-00-CR-002,3/14/2025 11:00,0.2375,3.12,2,2,0,0,0
14-03-2025 11-00-00-CR-003,3/14/2025 11:00,0.3125,2.46,2,0,0,2,0
14-03-2025 12-00-00-CR-001,3/14/2025 12:00,0.208333333333333,4.38,3,0,0,0,3
14-03-2025 12-00-00-CR-002,3/14/2025 12:00,0.22,9.62,5,3,2,0,0
14-03-2025 12-00-00-CR-003,3/14/2025 12:00,0.5,1.23,1,0,0,1,0
14-03-2025 13-00-00-CR-001,3/14/2025 13:00,0.5,2.92,2,0,0,0,2
14-03-2025 13-00-00-CR-002,3/14/2025 13:00,-0.0208333333333333,8.97,4,1,3,0,0
14-03-2025 14-00-00-CR-001,3/14/2025 14:00,0.175,4.38,3,0,0,0,3
14-03-2025 14-00-00-CR-002,3/14/2025 14:00,-0.0555555555555553,13.91,6,1,5,0,0
14-03-2025 14-00-00-CR-003,3/14/2025 14:00,0.05,2.46,2,0,0,2,0
14-03-2025 15-00-00-CR-001,3/14/2025 15:00,0.125,1.46,1,0,0,0,1
14-03-2025 15-00-00-CR-002,3/14/2025 15:00,0.141666666666667,11.18,6,4,2,0,0
14-03-2025 15-00-00-CR-003,3/14/2025 15:00,0.0250000000000001,3.69,3,0,0,3,0
14-03-2025 16-00-00-CR-002,3/14/2025 16:00,-0.033333333333333,4.03,2,1,1,0,0
14-03-2025 16-00-00-CR-003,3/14/2025 16:00,0.085,6.15,5,0,0,5,0
14-03-2025 17-00-00-CR-001,3/14/2025 17:00,-0.0291666666666666,2.92,2,0,0,0,2
14-03-2025 17-00-00-CR-002,3/14/2025 17:00,0.0583333333333334,5.59,3,2,1,0,0
14-03-2025 17-00-00-CR-003,3/14/2025 17:00,0.4,1.23,1,0,0,1,0
14-03-2025 18-00-00-CR-001,3/14/2025 18:00,-0.075,2.92,2,0,0,0,2
14-03-2025 18-00-00-CR-002,3/14/2025 18:00,0.0383333333333333,10.53,5,2,3,0,0
14-03-2025 18-00-00-CR-003,3/14/2025 18:00,0.4,1.23,1,0,0,1,0
14-03-2025 19-00-00-CR-001,3/14/2025 19:00,0.110416666666667,5.84,4,0,0,0,4
14-03-2025 19-00-00-CR-002,3/14/2025 19:00,-0.0483333333333332,10.53,5,2,3,0,0
14-03-2025 19-00-00-CR-003,3/14/2025 19:00,0.2625,2.46,2,0,0,2,0
14-03-2025 20-00-00-CR-001,3/14/2025 20:00,-0.245833333333333,2.92,2,0,0,0,2
14-03-2025 20-00-00-CR-002,3/14/2025 20:00,-0.0499999999999999,11.18,6,4,2,0,0
14-03-2025 20-00-00-CR-003,3/14/2025 20:00,0.125,2.46,2,0,0,2,0
14-03-2025 21-00-00-CR-001,3/14/2025 21:00,0,1.46,1,0,0,0,1
14-03-2025 21-00-00-CR-002,3/14/2025 21:00,-0.0916666666666667,4.03,2,1,1,0,0
14-03-2025 21-00-00-CR-003,3/14/2025 21:00,0.5,1.23,1,0,0,1,0
14-03-2025 22-00-00-CR-002,3/14/2025 22:00,0.0458333333333335,13,6,2,4,0,0
14-03-2025 23-00-00-CR-001,3/14/2025 23:00,0.166666666666667,4.38,3,0,0,0,3
14-03-2025 23-00-00-CR-002,3/14/2025 23:00,-0.185,10.53,5,2,3,0,0
14-03-2025 23-00-00-CR-003,3/14/2025 23:00,-0.075,2.46,2,0,0,2,0
15-03-2025 00-00-00-CR-001,3/15/2025 0:00,-0.0666666666666666,4.38,3,0,0,0,3
15-03-2025 00-00-00-CR-002,3/15/2025 0:00,0.0625000000000001,14.3,8,6,2,0,0
15-03-2025 00-00-00-CR-003,3/15/2025 0:00,-0.0291666666666666,2.46,2,0,0,2,0
15-03-2025 01-00-00-CR-001,3/15/2025 1:00,-0.0875,2.92,2,0,0,0,2
15-03-2025 01-00-00-CR-002,3/15/2025 1:00,-0.0125,4.03,2,1,1,0,0
15-03-2025 01-00-00-CR-003,3/15/2025 1:00,0,1.23,1,0,0,1,0
15-03-2025 02-00-00-CR-001,3/15/2025 2:00,0.125,1.46,1,0,0,0,1
15-03-2025 02-00-00-CR-002,3/15/2025 2:00,0.0833333333333333,6.5,3,1,2,0,0
15-03-2025 02-00-00-CR-003,3/15/2025 2:00,-0.0291666666666666,2.46,2,0,0,2,0
15-03-2025 03-00-00-CR-001,3/15/2025 3:00,-0.0249999999999999,1.46,1,0,0,0,1
15-03-2025 03-00-00-CR-002,3/15/2025 3:00,0.125,7.41,3,0,3,0,0
15-03-2025 03-00-00-CR-003,3/15/2025 3:00,-0.170833333333333,2.46,2,0,0,2,0
15-03-2025 04-00-00-CR-001,3/15/2025 4:00,-0.170833333333333,2.92,2,0,0,0,2
15-03-2025 04-00-00-CR-002,3/15/2025 4:00,0.00138888888888903,11.18,6,4,2,0,0
15-03-2025 04-00-00-CR-003,3/15/2025 4:00,0.4,1.23,1,0,0,1,0
15-03-2025 05-00-00-CR-001,3/15/2025 5:00,0.125,1.46,1,0,0,0,1
15-03-2025 05-00-00-CR-002,3/15/2025 5:00,-0.0249999999999999,4.03,2,1,1,0,0
15-03-2025 05-00-00-CR-003,3/15/2025 5:00,0.5,1.23,1,0,0,1,0
15-03-2025 06-00-00-CR-002,3/15/2025 6:00,0.2625,4.03,2,1,1,0,0
15-03-2025 06-00-00-CR-003,3/15/2025 6:00,0.0892857142857144,8.61,7,0,0,7,0
15-03-2025 07-00-00-CR-001,3/15/2025 7:00,-0.05,5.84,4,0,0,0,4
15-03-2025 07-00-00-CR-002,3/15/2025 7:00,0.015625,17.94,8,2,6,0,0
15-03-2025 07-00-00-CR-003,3/15/2025 7:00,0,1.23,1,0,0,1,0
15-03-2025 08-00-00-CR-001,3/15/2025 8:00,0.136666666666667,7.3,5,0,0,0,5
15-03-2025 08-00-00-CR-002,3/15/2025 8:00,-0.161111111111111,6.5,3,1,2,0,0
15-03-2025 08-00-00-CR-003,3/15/2025 8:00,-0.0249999999999999,1.23,1,0,0,1,0
15-03-2025 09-00-00-CR-001,3/15/2025 9:00,-0.0249999999999999,1.46,1,0,0,0,1
15-03-2025 09-00-00-CR-002,3/15/2025 9:00,-0.15,3.12,2,2,0,0,0
15-03-2025 09-00-00-CR-003,3/15/2025 9:00,-0.15,1.23,1,0,0,1,0
15-03-2025 10-00-00-CR-001,3/15/2025 10:00,0.233333333333333,8.76,6,0,0,0,6
15-03-2025 10-00-00-CR-002,3/15/2025 10:00,0.0291666666666668,15.21,8,5,3,0,0
15-03-2025 10-00-00-CR-003,3/15/2025 10:00,0.5,1.23,1,0,0,1,0
15-03-2025 11-00-00-CR-001,3/15/2025 11:00,-0.3,1.46,1,0,0,0,1
15-03-2025 11-00-00-CR-002,3/15/2025 11:00,0.0883333333333334,9.62,5,3,2,0,0
15-03-2025 11-00-00-CR-003,3/15/2025 11:00,-0.0333333333333331,3.69,3,0,0,3,0
15-03-2025 12-00-00-CR-001,3/15/2025 12:00,-0.1625,2.92,2,0,0,0,2
15-03-2025 12-00-00-CR-002,3/15/2025 12:00,0.233333333333333,4.03,2,1,1,0,0
15-03-2025 12-00-00-CR-003,3/15/2025 12:00,-0.15,1.23,1,0,0,1,0
15-03-2025 13-00-00-CR-001,3/15/2025 13:00,0.0458333333333334,2.92,2,0,0,0,2
15-03-2025 13-00-00-CR-002,3/15/2025 13:00,-0.02,10.53,5,2,3,0,0
15-03-2025 13-00-00-CR-003,3/15/2025 13:00,0.0083333333333335,4.92,4,0,0,4,0
15-03-2025 14-00-00-CR-001,3/15/2025 14:00,0.5,2.92,2,0,0,0,2
15-03-2025 15-00-00-CR-001,3/15/2025 15:00,0.3,4.38,3,0,0,0,3
15-03-2025 15-00-00-CR-002,3/15/2025 15:00,-0.0166666666666666,6.5,3,1,2,0,0
15-03-2025 15-00-00-CR-003,3/15/2025 15:00,0.0625,2.46,2,0,0,2,0
15-03-2025 16-00-00-CR-002,3/15/2025 16:00,-0.0125,3.12,2,2,0,0,0
15-03-2025 16-00-00-CR-003,3/15/2025 16:00,0.3125,2.46,2,0,0,2,0
15-03-2025 17-00-00-CR-001,3/15/2025 17:00,0.5,2.92,2,0,0,0,2
15-03-2025 17-00-00-CR-002,3/15/2025 17:00,-0.0273809523809523,13.65,7,4,3,0,0
15-03-2025 17-00-00-CR-003,3/15/2025 17:00,0.125,2.46,2,0,0,2,0
15-03-2025 19-00-00-CR-001,3/15/2025 19:00,0.125,1.46,1,0,0,0,1
15-03-2025 19-00-00-CR-002,3/15/2025 19:00,0.115,9.62,5,3,2,0,0
15-03-2025 19-00-00-CR-003,3/15/2025 19:00,0,1.23,1,0,0,1,0
15-03-2025 20-00-00-CR-001,3/15/2025 20:00,0.1875,2.92,2,0,0,0,2
15-03-2025 20-00-00-CR-002,3/15/2025 20:00,0.433333333333333,7.41,3,0,3,0,0
15-03-2025 20-00-00-CR-003,3/15/2025 20:00,0.2625,2.46,2,0,0,2,0
15-03-2025 21-00-00-CR-001,3/15/2025 21:00,0.125,1.46,1,0,0,0,1
15-03-2025 21-00-00-CR-002,3/15/2025 21:00,0.233333333333333,4.03,2,1,1,0,0
15-03-2025 22-00-00-CR-001,3/15/2025 22:00,-0.0333333333333333,1.46,1,0,0,0,1
15-03-2025 22-00-00-CR-002,3/15/2025 22:00,-0.161111111111111,6.5,3,1,2,0,0
15-03-2025 22-00-00-CR-003,3/15/2025 22:00,0.125,1.23,1,0,0,1,0
15-03-2025 23-00-00-CR-001,3/15/2025 23:00,-0.0875,2.92,2,0,0,0,2
15-03-2025 23-00-00-CR-002,3/15/2025 23:00,0.125,5.59,3,2,1,0,0
16-03-2025 00-00-00-CR-001,3/16/2025 0:00,0.0750000000000002,7.3,5,0,0,0,5
16-03-2025 00-00-00-CR-002,3/16/2025 0:00,0.198611111111111,13,6,2,4,0,0
16-03-2025 00-00-00-CR-003,3/16/2025 0:00,-0.0333333333333331,3.69,3,0,0,3,0
16-03-2025 01-00-00-CR-001,3/16/2025 1:00,0.0625,2.92,2,0,0,0,2
16-03-2025 01-00-00-CR-002,3/16/2025 1:00,0.0458333333333335,7.15,4,3,1,0,0
16-03-2025 01-00-00-CR-003,3/16/2025 1:00,0.0190476190476192,8.61,7,0,0,7,0
16-03-2025 02-00-00-CR-003,3/16/2025 2:00,-0.0249999999999999,1.23,1,0,0,1,0
16-03-2025 03-00-00-CR-002,3/16/2025 3:00,0.00208333333333334,15.21,8,5,3,0,0
16-03-2025 03-00-00-CR-003,3/16/2025 3:00,-0.0249999999999999,1.23,1,0,0,1,0
16-03-2025 04-00-00-CR-001,3/16/2025 4:00,0.125,1.46,1,0,0,0,1
16-03-2025 04-00-00-CR-002,3/16/2025 4:00,0.3125,3.12,2,2,0,0,0
16-03-2025 04-00-00-CR-003,3/16/2025 4:00,0.156666666666667,6.15,5,0,0,5,0
16-03-2025 05-00-00-CR-001,3/16/2025 5:00,0.0458333333333334,2.92,2,0,0,0,2
16-03-2025 05-00-00-CR-003,3/16/2025 5:00,0.175,2.46,2,0,0,2,0
16-03-2025 06-00-00-CR-001,3/16/2025 6:00,-0.170833333333333,2.92,2,0,0,0,2
16-03-2025 06-00-00-CR-002,3/16/2025 6:00,0.25,4.03,2,1,1,0,0
16-03-2025 06-00-00-CR-003,3/16/2025 6:00,-0.111666666666666,6.15,5,0,0,5,0
16-03-2025 07-00-00-CR-002,3/16/2025 7:00,0.15,8.06,4,2,2,0,0
16-03-2025 08-00-00-CR-001,3/16/2025 8:00,0.233333333333333,4.38,3,0,0,0,3
16-03-2025 08-00-00-CR-002,3/16/2025 8:00,-0.225,4.03,2,1,1,0,0
16-03-2025 08-00-00-CR-003,3/16/2025 8:00,0.0194444444444447,3.69,3,0,0,3,0
16-03-2025 09-00-00-CR-001,3/16/2025 9:00,-0.15,1.46,1,0,0,0,1
16-03-2025 09-00-00-CR-002,3/16/2025 9:00,0.147916666666667,8.97,4,1,3,0,0
16-03-2025 09-00-00-CR-003,3/16/2025 9:00,-0.191666666666666,1.23,1,0,0,1,0
16-03-2025 10-00-00-CR-001,3/16/2025 10:00,0,1.46,1,0,0,0,1
16-03-2025 10-00-00-CR-002,3/16/2025 10:00,-0.072222222222222,7.41,3,0,3,0,0
16-03-2025 10-00-00-CR-003,3/16/2025 10:00,-0.3,1.23,1,0,0,1,0
16-03-2025 11-00-00-CR-001,3/16/2025 11:00,-0.0833333333333331,4.38,3,0,0,0,3
16-03-2025 11-00-00-CR-002,3/16/2025 11:00,-0.0611111111111111,5.59,3,2,1,0,0
16-03-2025 11-00-00-CR-003,3/16/2025 11:00,-0.1625,2.46,2,0,0,2,0
16-03-2025 12-00-00-CR-001,3/16/2025 12:00,-0.0125,2.92,2,0,0,0,2
16-03-2025 12-00-00-CR-002,3/16/2025 12:00,-0.0312499999999998,7.15,4,3,1,0,0
16-03-2025 12-00-00-CR-003,3/16/2025 12:00,-0.3,1.23,1,0,0,1,0
16-03-2025 13-00-00-CR-001,3/16/2025 13:00,0.2375,2.92,2,0,0,0,2
16-03-2025 13-00-00-CR-002,3/16/2025 13:00,-0.141666666666667,9.62,5,3,2,0,0
16-03-2025 13-00-00-CR-003,3/16/2025 13:00,0.1,2.46,2,0,0,2,0
16-03-2025 14-00-00-CR-001,3/16/2025 14:00,-0.0333333333333333,1.46,1,0,0,0,1
16-03-2025 14-00-00-CR-002,3/16/2025 14:00,0.0208333333333335,12.09,6,3,3,0,0
16-03-2025 15-00-00-CR-001,3/16/2025 15:00,-0.14,7.3,5,0,0,0,5
16-03-2025 15-00-00-CR-002,3/16/2025 15:00,-0.0125,3.12,2,2,0,0,0
16-03-2025 15-00-00-CR-003,3/16/2025 15:00,-0.3,1.23,1,0,0,1,0
16-03-2025 16-00-00-CR-001,3/16/2025 16:00,-0.0277777777777777,4.38,3,0,0,0,3
16-03-2025 16-00-00-CR-002,3/16/2025 16:00,0.0683333333333333,11.44,5,1,4,0,0
16-03-2025 16-00-00-CR-003,3/16/2025 16:00,0.125,2.46,2,0,0,2,0
16-03-2025 17-00-00-CR-001,3/16/2025 17:00,-0.0166666666666667,4.38,3,0,0,0,3
16-03-2025 17-00-00-CR-002,3/16/2025 17:00,-0.033333333333333,4.03,2,1,1,0,0
16-03-2025 18-00-00-CR-002,3/16/2025 18:00,0.0273809523809524,14.56,7,3,4,0,0
16-03-2025 18-00-00-CR-003,3/16/2025 18:00,0.125,1.23,1,0,0,1,0
16-03-2025 19-00-00-CR-001,3/16/2025 19:00,0.0729166666666667,5.84,4,0,0,0,4
16-03-2025 19-00-00-CR-002,3/16/2025 19:00,0.0433333333333333,10.53,5,2,3,0,0
16-03-2025 19-00-00-CR-003,3/16/2025 19:00,0.1,2.46,2,0,0,2,0
16-03-2025 20-00-00-CR-001,3/16/2025 20:00,0.2,2.92,2,0,0,0,2
16-03-2025 20-00-00-CR-002,3/16/2025 20:00,0.0222222222222223,7.41,3,0,3,0,0
16-03-2025 21-00-00-CR-002,3/16/2025 21:00,-0.0805555555555553,5.59,3,2,1,0,0
16-03-2025 21-00-00-CR-003,3/16/2025 21:00,0.45,2.46,2,0,0,2,0
16-03-2025 22-00-00-CR-001,3/16/2025 22:00,-0.0249999999999999,1.46,1,0,0,0,1
16-03-2025 22-00-00-CR-002,3/16/2025 22:00,-0.0916666666666665,8.06,4,2,2,0,0
16-03-2025 22-00-00-CR-003,3/16/2025 22:00,0,1.23,1,0,0,1,0
16-03-2025 23-00-00-CR-001,3/16/2025 23:00,0,1.46,1,0,0,0,1
16-03-2025 23-00-00-CR-002,3/16/2025 23:00,-0.161111111111111,7.41,3,0,3,0,0
16-03-2025 23-00-00-CR-003,3/16/2025 23:00,-0.0333333333333333,1.23,1,0,0,1,0
17-03-2025 00-00-00-CR-001,3/17/2025 0:00,-0.15,1.46,1,0,0,0,1
17-03-2025 00-00-00-CR-002,3/17/2025 0:00,1.29526019539602E-16,12.09,6,3,3,0,0
17-03-2025 00-00-00-CR-003,3/17/2025 0:00,0.233333333333333,2.46,2,0,0,2,0
17-03-2025 01-00-00-CR-002,3/17/2025 1:00,-0.108333333333333,10.53,5,2,3,0,0
17-03-2025 02-00-00-CR-001,3/17/2025 2:00,-0.0875,2.92,2,0,0,0,2
17-03-2025 02-00-00-CR-002,3/17/2025 2:00,0.110416666666667,8.06,4,2,2,0,0
17-03-2025 02-00-00-CR-003,3/17/2025 2:00,0.4,1.23,1,0,0,1,0
17-03-2025 03-00-00-CR-001,3/17/2025 3:00,0.21875,5.84,4,0,0,0,4
17-03-2025 03-00-00-CR-002,3/17/2025 3:00,-0.0208333333333333,7.15,4,3,1,0,0
17-03-2025 03-00-00-CR-003,3/17/2025 3:00,0.11875,4.92,4,0,0,4,0
17-03-2025 04-00-00-CR-001,3/17/2025 4:00,0.2375,2.92,2,0,0,0,2
17-03-2025 04-00-00-CR-002,3/17/2025 4:00,-0.0125,4.03,2,1,1,0,0
17-03-2025 04-00-00-CR-003,3/17/2025 4:00,0,2.46,2,0,0,2,0
17-03-2025 05-00-00-CR-001,3/17/2025 5:00,-0.15,1.46,1,0,0,0,1
17-03-2025 05-00-00-CR-002,3/17/2025 5:00,0.0444444444444445,13,6,2,4,0,0
17-03-2025 05-00-00-CR-003,3/17/2025 5:00,0.4,2.46,2,0,0,2,0
17-03-2025 06-00-00-CR-002,3/17/2025 6:00,0.1875,4.94,2,0,2,0,0
17-03-2025 06-00-00-CR-003,3/17/2025 6:00,-0.0249999999999999,1.23,1,0,0,1,0
17-03-2025 07-00-00-CR-001,3/17/2025 7:00,-0.191666666666666,1.46,1,0,0,0,1
17-03-2025 07-00-00-CR-002,3/17/2025 7:00,-0.0166666666666667,8.71,5,4,1,0,0
17-03-2025 07-00-00-CR-003,3/17/2025 7:00,-0.0125,2.46,2,0,0,2,0
17-03-2025 08-00-00-CR-001,3/17/2025 8:00,-0.3,1.46,1,0,0,0,1
17-03-2025 08-00-00-CR-002,3/17/2025 8:00,-0.022222222222222,5.59,3,2,1,0,0
17-03-2025 08-00-00-CR-003,3/17/2025 8:00,-0.3,1.23,1,0,0,1,0
17-03-2025 09-00-00-CR-003,3/17/2025 9:00,-0.15,1.23,1,0,0,1,0
17-03-2025 10-00-00-CR-001,3/17/2025 10:00,-0.0249999999999999,1.46,1,0,0,0,1
17-03-2025 10-00-00-CR-002,3/17/2025 10:00,0.0305555555555556,5.59,3,2,1,0,0
17-03-2025 10-00-00-CR-003,3/17/2025 10:00,0.2375,2.46,2,0,0,2,0
17-03-2025 11-00-00-CR-001,3/17/2025 11:00,0.0854166666666667,5.84,4,0,0,0,4
17-03-2025 11-00-00-CR-002,3/17/2025 11:00,-0.108333333333333,4.03,2,1,1,0,0
17-03-2025 11-00-00-CR-003,3/17/2025 11:00,0.104166666666667,2.46,2,0,0,2,0
17-03-2025 12-00-00-CR-002,3/17/2025 12:00,-0.0166666666666667,8.97,4,1,3,0,0
17-03-2025 13-00-00-CR-001,3/17/2025 13:00,0,1.46,1,0,0,0,1
17-03-2025 13-00-00-CR-002,3/17/2025 13:00,0.01875,7.15,4,3,1,0,0
17-03-2025 13-00-00-CR-003,3/17/2025 13:00,0.183333333333333,2.46,2,0,0,2,0
17-03-2025 14-00-00-CR-001,3/17/2025 14:00,0.0305555555555556,4.38,3,0,0,0,3
17-03-2025 14-00-00-CR-002,3/17/2025 14:00,-0.1,10.53,5,2,3,0,0
17-03-2025 14-00-00-CR-003,3/17/2025 14:00,-0.15,1.23,1,0,0,1,0
17-03-2025 15-00-00-CR-002,3/17/2025 15:00,-0.0249999999999999,1.56,1,1,0,0,0
17-03-2025 15-00-00-CR-003,3/17/2025 15:00,-0.0333333333333331,3.69,3,0,0,3,0
17-03-2025 16-00-00-CR-001,3/17/2025 16:00,0.4,1.46,1,0,0,0,1
17-03-2025 16-00-00-CR-002,3/17/2025 16:00,0.147222222222222,6.5,3,1,2,0,0
17-03-2025 16-00-00-CR-003,3/17/2025 16:00,0.183333333333333,2.46,2,0,0,2,0
17-03-2025 17-00-00-CR-001,3/17/2025 17:00,0.125,1.46,1,0,0,0,1
17-03-2025 17-00-00-CR-002,3/17/2025 17:00,0.0194444444444447,5.59,3,2,1,0,0
17-03-2025 18-00-00-CR-001,3/17/2025 18:00,-0.0583333333333333,4.38,3,0,0,0,3
17-03-2025 18-00-00-CR-002,3/17/2025 18:00,0.288888888888889,5.59,3,2,1,0,0
17-03-2025 18-00-00-CR-003,3/17/2025 18:00,0.5,1.23,1,0,0,1,0
17-03-2025 19-00-00-CR-001,3/17/2025 19:00,-0.3,1.46,1,0,0,0,1
17-03-2025 19-00-00-CR-002,3/17/2025 19:00,-0.15,2.47,1,0,1,0,0
17-03-2025 20-00-00-CR-001,3/17/2025 20:00,0.125,1.46,1,0,0,0,1
17-03-2025 20-00-00-CR-002,3/17/2025 20:00,-0.0583333333333333,5.59,3,2,1,0,0
17-03-2025 20-00-00-CR-003,3/17/2025 20:00,0.075,3.69,3,0,0,3,0
17-03-2025 21-00-00-CR-001,3/17/2025 21:00,-0.15,1.46,1,0,0,0,1
17-03-2025 21-00-00-CR-002,3/17/2025 21:00,0.0630952380952381,13.65,7,4,3,0,0
17-03-2025 22-00-00-CR-001,3/17/2025 22:00,0.104166666666667,2.92,2,0,0,0,2
17-03-2025 22-00-00-CR-002,3/17/2025 22:00,0.4,1.56,1,1,0,0,0
17-03-2025 23-00-00-CR-001,3/17/2025 23:00,0.5,1.46,1,0,0,0,1
17-03-2025 23-00-00-CR-002,3/17/2025 23:00,-0.0583333333333333,6.5,3,1,2,0,0
17-03-2025 23-00-00-CR-003,3/17/2025 23:00,0.125,1.23,1,0,0,1,0
18-03-2025 00-00-00-CR-001,3/18/2025 0:00,0.05,2.92,2,0,0,0,2
18-03-2025 00-00-00-CR-002,3/18/2025 0:00,-0.00833333333333333,6.5,3,1,2,0,0
18-03-2025 00-00-00-CR-003,3/18/2025 0:00,-0.129166666666666,4.92,4,0,0,4,0
18-03-2025 01-00-00-CR-002,3/18/2025 1:00,0.116666666666667,8.06,4,2,2,0,0
18-03-2025 02-00-00-CR-001,3/18/2025 2:00,-0.0125,2.92,2,0,0,0,2
18-03-2025 02-00-00-CR-002,3/18/2025 2:00,0.01,9.62,5,3,2,0,0
18-03-2025 02-00-00-CR-003,3/18/2025 2:00,-0.0249999999999999,1.23,1,0,0,1,0
18-03-2025 03-00-00-CR-001,3/18/2025 3:00,0.0611111111111114,4.38,3,0,0,0,3
18-03-2025 03-00-00-CR-002,3/18/2025 3:00,0.166666666666667,5.59,3,2,1,0,0
18-03-2025 04-00-00-CR-001,3/18/2025 4:00,-0.3,2.92,2,0,0,0,2
18-03-2025 04-00-00-CR-002,3/18/2025 4:00,-0.133333333333333,12.09,6,3,3,0,0
18-03-2025 04-00-00-CR-003,3/18/2025 4:00,0.125,1.23,1,0,0,1,0
18-03-2025 05-00-00-CR-001,3/18/2025 5:00,0.0500000000000001,2.92,2,0,0,0,2
18-03-2025 05-00-00-CR-002,3/18/2025 5:00,0,4.94,2,0,2,0,0
18-03-2025 05-00-00-CR-003,3/18/2025 5:00,-0.3,1.23,1,0,0,1,0
18-03-2025 06-00-00-CR-001,3/18/2025 6:00,0.05,2.92,2,0,0,0,2
18-03-2025 06-00-00-CR-002,3/18/2025 6:00,0.115277777777778,13,6,2,4,0,0
18-03-2025 06-00-00-CR-003,3/18/2025 6:00,0.125,1.23,1,0,0,1,0
18-03-2025 07-00-00-CR-002,3/18/2025 7:00,0.05625,8.97,4,1,3,0,0
18-03-2025 07-00-00-CR-003,3/18/2025 7:00,-0.0291666666666666,2.46,2,0,0,2,0
18-03-2025 08-00-00-CR-001,3/18/2025 8:00,-0.191666666666666,2.92,2,0,0,0,2
18-03-2025 08-00-00-CR-002,3/18/2025 8:00,-0.0249999999999999,2.47,1,0,1,0,0
18-03-2025 08-00-00-CR-003,3/18/2025 8:00,0.154166666666667,2.46,2,0,0,2,0
18-03-2025 09-00-00-CR-001,3/18/2025 9:00,0.5,1.46,1,0,0,0,1
18-03-2025 09-00-00-CR-002,3/18/2025 9:00,-0.15,4.03,2,1,1,0,0
18-03-2025 09-00-00-CR-003,3/18/2025 9:00,0.0458333333333334,2.46,2,0,0,2,0
18-03-2025 10-00-00-CR-002,3/18/2025 10:00,-0.108333333333333,6.5,3,1,2,0,0
18-03-2025 10-00-00-CR-003,3/18/2025 10:00,-0.0125,2.46,2,0,0,2,0
18-03-2025 11-00-00-CR-001,3/18/2025 11:00,-0.191666666666666,1.46,1,0,0,0,1
18-03-2025 11-00-00-CR-002,3/18/2025 11:00,0.00166666666666669,7.8,5,5,0,0,0
18-03-2025 11-00-00-CR-003,3/18/2025 11:00,0,1.23,1,0,0,1,0
18-03-2025 12-00-00-CR-001,3/18/2025 12:00,-0.0249999999999999,1.46,1,0,0,0,1
18-03-2025 12-00-00-CR-002,3/18/2025 12:00,0.0500000000000001,4.94,2,0,2,0,0
18-03-2025 12-00-00-CR-003,3/18/2025 12:00,0.125,1.23,1,0,0,1,0
18-03-2025 13-00-00-CR-002,3/18/2025 13:00,0.0333333333333335,8.06,4,2,2,0,0
18-03-2025 13-00-00-CR-003,3/18/2025 13:00,-0.0916666666666665,4.92,4,0,0,4,0
18-03-2025 14-00-00-CR-001,3/18/2025 14:00,-0.3,1.46,1,0,0,0,1
18-03-2025 14-00-00-CR-002,3/18/2025 14:00,0.4,4.94,2,0,2,0,0
18-03-2025 14-00-00-CR-003,3/18/2025 14:00,-0.0187499999999999,4.92,4,0,0,4,0
18-03-2025 15-00-00-CR-001,3/18/2025 15:00,-0.225,2.92,2,0,0,0,2
18-03-2025 15-00-00-CR-002,3/18/2025 15:00,-0.0249999999999999,2.47,1,0,1,0,0
18-03-2025 15-00-00-CR-003,3/18/2025 15:00,-0.191666666666666,1.23,1,0,0,1,0
18-03-2025 16-00-00-CR-001,3/18/2025 16:00,-0.15,1.46,1,0,0,0,1
18-03-2025 16-00-00-CR-002,3/18/2025 16:00,0.080952380952381,14.56,7,3,4,0,0
18-03-2025 16-00-00-CR-003,3/18/2025 16:00,0.125,1.23,1,0,0,1,0
18-03-2025 17-00-00-CR-001,3/18/2025 17:00,0.258333333333333,4.38,3,0,0,0,3
18-03-2025 17-00-00-CR-002,3/18/2025 17:00,0.0625,4.03,2,1,1,0,0
18-03-2025 17-00-00-CR-003,3/18/2025 17:00,-0.0875,2.46,2,0,0,2,0
18-03-2025 18-00-00-CR-001,3/18/2025 18:00,0.5,1.46,1,0,0,0,1
18-03-2025 18-00-00-CR-002,3/18/2025 18:00,-0.0166666666666667,5.59,3,2,1,0,0
18-03-2025 18-00-00-CR-003,3/18/2025 18:00,0.154166666666667,2.46,2,0,0,2,0
18-03-2025 19-00-00-CR-002,3/18/2025 19:00,0.0726190476190477,11.83,7,6,1,0,0
18-03-2025 19-00-00-CR-003,3/18/2025 19:00,0.125,1.23,1,0,0,1,0
18-03-2025 20-00-00-CR-002,3/18/2025 20:00,-0.0249999999999999,2.47,1,0,1,0,0
18-03-2025 20-00-00-CR-003,3/18/2025 20:00,0.125,3.69,3,0,0,3,0
18-03-2025 21-00-00-CR-001,3/18/2025 21:00,0.147222222222222,4.38,3,0,0,0,3
18-03-2025 21-00-00-CR-002,3/18/2025 21:00,0.0333333333333334,6.5,3,1,2,0,0
18-03-2025 21-00-00-CR-003,3/18/2025 21:00,-0.122222222222222,3.69,3,0,0,3,0
18-03-2025 22-00-00-CR-001,3/18/2025 22:00,-0.13125,5.84,4,0,0,0,4
18-03-2025 22-00-00-CR-002,3/18/2025 22:00,0.114583333333334,6.24,4,4,0,0,0
18-03-2025 22-00-00-CR-003,3/18/2025 22:00,0.0500000000000001,2.46,2,0,0,2,0
18-03-2025 23-00-00-CR-002,3/18/2025 23:00,-0.033333333333333,4.94,2,0,2,0,0
18-03-2025 23-00-00-CR-003,3/18/2025 23:00,-0.0875,2.46,2,0,0,2,0
19-03-2025 00-00-00-CR-001,3/19/2025 0:00,-0.225,2.92,2,0,0,0,2
19-03-2025 00-00-00-CR-002,3/19/2025 0:00,0.125,2.47,1,0,1,0,0
19-03-2025 00-00-00-CR-003,3/19/2025 0:00,-0.191666666666666,1.23,1,0,0,1,0
19-03-2025 01-00-00-CR-001,3/19/2025 1:00,0.183333333333333,2.92,2,0,0,0,2
19-03-2025 01-00-00-CR-002,3/19/2025 1:00,-0.0249999999999999,4.03,2,1,1,0,0
19-03-2025 01-00-00-CR-003,3/19/2025 1:00,0.052777777777778,3.69,3,0,0,3,0
19-03-2025 02-00-00-CR-001,3/19/2025 2:00,0,1.46,1,0,0,0,1
19-03-2025 02-00-00-CR-002,3/19/2025 2:00,0.2,6.5,3,1,2,0,0
19-03-2025 03-00-00-CR-001,3/19/2025 3:00,0.158333333333333,4.38,3,0,0,0,3
19-03-2025 03-00-00-CR-002,3/19/2025 3:00,0.179166666666667,8.06,4,2,2,0,0
19-03-2025 03-00-00-CR-003,3/19/2025 3:00,-0.108333333333333,2.46,2,0,0,2,0
19-03-2025 04-00-00-CR-001,3/19/2025 4:00,0.0625,2.92,2,0,0,0,2
19-03-2025 04-00-00-CR-002,3/19/2025 4:00,-0.0979166666666666,8.06,4,2,2,0,0
19-03-2025 04-00-00-CR-003,3/19/2025 4:00,0.125,2.46,2,0,0,2,0
19-03-2025 05-00-00-CR-001,3/19/2025 5:00,0.208333333333333,4.38,3,0,0,0,3
19-03-2025 05-00-00-CR-002,3/19/2025 5:00,0.0559523809523812,15.47,7,2,5,0,0
19-03-2025 05-00-00-CR-003,3/19/2025 5:00,0.125,1.23,1,0,0,1,0
19-03-2025 06-00-00-CR-001,3/19/2025 6:00,0,1.46,1,0,0,0,1
19-03-2025 06-00-00-CR-002,3/19/2025 6:00,0.118333333333333,10.53,5,2,3,0,0
19-03-2025 07-00-00-CR-001,3/19/2025 7:00,0.18125,5.84,4,0,0,0,4
19-03-2025 07-00-00-CR-002,3/19/2025 7:00,0.125,2.47,1,0,1,0,0
19-03-2025 07-00-00-CR-003,3/19/2025 7:00,0.125,1.23,1,0,0,1,0
19-03-2025 08-00-00-CR-001,3/19/2025 8:00,-0.0125,2.92,2,0,0,0,2
19-03-2025 08-00-00-CR-002,3/19/2025 8:00,-0.191666666666666,2.47,1,0,1,0,0
19-03-2025 08-00-00-CR-003,3/19/2025 8:00,0.5,2.46,2,0,0,2,0
19-03-2025 09-00-00-CR-001,3/19/2025 9:00,0.125,2.92,2,0,0,0,2
19-03-2025 09-00-00-CR-002,3/19/2025 9:00,0.118333333333333,10.53,5,2,3,0,0
19-03-2025 09-00-00-CR-003,3/19/2025 9:00,0.0500000000000001,2.46,2,0,0,2,0
19-03-2025 10-00-00-CR-001,3/19/2025 10:00,0.095,7.3,5,0,0,0,5
19-03-2025 10-00-00-CR-002,3/19/2025 10:00,0.075,5.59,3,2,1,0,0
19-03-2025 10-00-00-CR-003,3/19/2025 10:00,-0.245833333333333,2.46,2,0,0,2,0
19-03-2025 11-00-00-CR-001,3/19/2025 11:00,0.216666666666667,4.38,3,0,0,0,3
19-03-2025 11-00-00-CR-002,3/19/2025 11:00,-0.0133333333333331,8.71,5,4,1,0,0
19-03-2025 11-00-00-CR-003,3/19/2025 11:00,0.5,1.23,1,0,0,1,0
19-03-2025 12-00-00-CR-001,3/19/2025 12:00,0.4,1.46,1,0,0,0,1
19-03-2025 12-00-00-CR-002,3/19/2025 12:00,0.154166666666667,3.12,2,2,0,0,0
19-03-2025 12-00-00-CR-003,3/19/2025 12:00,-0.1125,2.46,2,0,0,2,0
19-03-2025 13-00-00-CR-001,3/19/2025 13:00,-0.1125,2.92,2,0,0,0,2
19-03-2025 13-00-00-CR-002,3/19/2025 13:00,0.0541666666666667,12.09,6,3,3,0,0
19-03-2025 13-00-00-CR-003,3/19/2025 13:00,-0.033333333333333,2.46,2,0,0,2,0
19-03-2025 14-00-00-CR-002,3/19/2025 14:00,-0.0333333333333333,12.09,6,3,3,0,0
19-03-2025 14-00-00-CR-003,3/19/2025 14:00,0.0625,2.46,2,0,0,2,0
19-03-2025 15-00-00-CR-001,3/19/2025 15:00,0,1.46,1,0,0,0,1
19-03-2025 15-00-00-CR-002,3/19/2025 15:00,-0.033333333333333,4.03,2,1,1,0,0
19-03-2025 15-00-00-CR-003,3/19/2025 15:00,-0.213888888888889,3.69,3,0,0,3,0
19-03-2025 16-00-00-CR-001,3/19/2025 16:00,0.208333333333333,4.38,3,0,0,0,3
19-03-2025 16-00-00-CR-002,3/19/2025 16:00,-0.0766666666666666,11.44,5,1,4,0,0
19-03-2025 16-00-00-CR-003,3/19/2025 16:00,-0.15,1.23,1,0,0,1,0
19-03-2025 17-00-00-CR-001,3/19/2025 17:00,0.0291666666666667,8.76,6,0,0,0,6
19-03-2025 17-00-00-CR-002,3/19/2025 17:00,0.3125,3.12,2,2,0,0,0
19-03-2025 17-00-00-CR-003,3/19/2025 17:00,0.104166666666667,2.46,2,0,0,2,0
19-03-2025 18-00-00-CR-002,3/19/2025 18:00,0.0266666666666668,9.62,5,3,2,0,0
19-03-2025 18-00-00-CR-003,3/19/2025 18:00,0.3125,2.46,2,0,0,2,0
19-03-2025 19-00-00-CR-001,3/19/2025 19:00,0.108333333333333,4.38,3,0,0,0,3
19-03-2025 19-00-00-CR-002,3/19/2025 19:00,0.035,12.35,5,0,5,0,0
19-03-2025 19-00-00-CR-003,3/19/2025 19:00,0.125,2.46,2,0,0,2,0
19-03-2025 20-00-00-CR-002,3/19/2025 20:00,-0.015,9.62,5,3,2,0,0
19-03-2025 21-00-00-CR-001,3/19/2025 21:00,-0.033333333333333,2.92,2,0,0,0,2
19-03-2025 21-00-00-CR-002,3/19/2025 21:00,0.25,4.03,2,1,1,0,0
19-03-2025 22-00-00-CR-001,3/19/2025 22:00,0.4,1.46,1,0,0,0,1
19-03-2025 22-00-00-CR-002,3/19/2025 22:00,0.075,5.59,3,2,1,0,0
19-03-2025 22-00-00-CR-003,3/19/2025 22:00,-0.0166666666666666,3.69,3,0,0,3,0
19-03-2025 23-00-00-CR-001,3/19/2025 23:00,0.125,1.46,1,0,0,0,1
19-03-2025 23-00-00-CR-002,3/19/2025 23:00,-0.0291666666666666,3.12,2,2,0,0,0
19-03-2025 23-00-00-CR-003,3/19/2025 23:00,0.0625,2.46,2,0,0,2,0
20-03-2025 00-00-00-CR-001,3/20/2025 0:00,-0.0125,2.92,2,0,0,0,2
20-03-2025 00-00-00-CR-002,3/20/2025 0:00,0.0222222222222223,6.5,3,1,2,0,0
20-03-2025 00-00-00-CR-003,3/20/2025 0:00,-0.3,1.23,1,0,0,1,0
20-03-2025 01-00-00-CR-001,3/20/2025 1:00,0.125,1.46,1,0,0,0,1
20-03-2025 01-00-00-CR-002,3/20/2025 1:00,0.152380952380953,14.56,7,3,4,0,0
20-03-2025 01-00-00-CR-003,3/20/2025 1:00,0.154166666666667,2.46,2,0,0,2,0
20-03-2025 02-00-00-CR-001,3/20/2025 2:00,-0.0333333333333333,1.46,1,0,0,0,1
20-03-2025 02-00-00-CR-002,3/20/2025 2:00,0.125,2.47,1,0,1,0,0
20-03-2025 02-00-00-CR-003,3/20/2025 2:00,0.075,3.69,3,0,0,3,0
20-03-2025 03-00-00-CR-001,3/20/2025 3:00,0.0305555555555556,4.38,3,0,0,0,3
20-03-2025 03-00-00-CR-002,3/20/2025 3:00,-0.3,1.56,1,1,0,0,0
20-03-2025 03-00-00-CR-003,3/20/2025 3:00,-0.191666666666666,1.23,1,0,0,1,0
20-03-2025 04-00-00-CR-001,3/20/2025 4:00,0.0194444444444447,4.38,3,0,0,0,3
20-03-2025 04-00-00-CR-002,3/20/2025 4:00,-0.0583333333333333,7.15,4,3,1,0,0
20-03-2025 04-00-00-CR-003,3/20/2025 4:00,-0.0291666666666666,2.46,2,0,0,2,0
20-03-2025 05-00-00-CR-001,3/20/2025 5:00,0.5,1.46,1,0,0,0,1
20-03-2025 05-00-00-CR-002,3/20/2025 5:00,-0.015,10.53,5,2,3,0,0
20-03-2025 05-00-00-CR-003,3/20/2025 5:00,0.208333333333333,3.69,3,0,0,3,0
20-03-2025 06-00-00-CR-001,3/20/2025 6:00,0.225,8.76,6,0,0,0,6
20-03-2025 06-00-00-CR-002,3/20/2025 6:00,-0.122222222222222,7.41,3,0,3,0,0
20-03-2025 06-00-00-CR-003,3/20/2025 6:00,-0.170833333333333,2.46,2,0,0,2,0
20-03-2025 07-00-00-CR-001,3/20/2025 7:00,-0.0979166666666665,5.84,4,0,0,0,4
20-03-2025 07-00-00-CR-002,3/20/2025 7:00,-0.106666666666667,11.44,5,1,4,0,0
20-03-2025 07-00-00-CR-003,3/20/2025 7:00,0.266666666666667,3.69,3,0,0,3,0
20-03-2025 08-00-00-CR-002,3/20/2025 8:00,0.00625000000000017,8.06,4,2,2,0,0
20-03-2025 08-00-00-CR-003,3/20/2025 8:00,0.5,1.23,1,0,0,1,0
20-03-2025 09-00-00-CR-001,3/20/2025 9:00,0.2,2.92,2,0,0,0,2
20-03-2025 10-00-00-CR-001,3/20/2025 10:00,0,1.46,1,0,0,0,1
20-03-2025 10-00-00-CR-002,3/20/2025 10:00,-0.072222222222222,4.68,3,3,0,0,0
20-03-2025 10-00-00-CR-003,3/20/2025 10:00,0,1.23,1,0,0,1,0
20-03-2025 11-00-00-CR-001,3/20/2025 11:00,0.0416666666666667,4.38,3,0,0,0,3
20-03-2025 11-00-00-CR-002,3/20/2025 11:00,0.115277777777778,12.09,6,3,3,0,0
20-03-2025 11-00-00-CR-003,3/20/2025 11:00,0.125,1.23,1,0,0,1,0
20-03-2025 12-00-00-CR-001,3/20/2025 12:00,-0.0291666666666666,2.92,2,0,0,0,2
20-03-2025 12-00-00-CR-002,3/20/2025 12:00,0.125,4.03,2,1,1,0,0
20-03-2025 12-00-00-CR-003,3/20/2025 12:00,0.0333333333333333,3.69,3,0,0,3,0
20-03-2025 13-00-00-CR-001,3/20/2025 13:00,0.175,2.92,2,0,0,0,2
20-03-2025 13-00-00-CR-002,3/20/2025 13:00,0.1125,8.97,4,1,3,0,0
20-03-2025 13-00-00-CR-003,3/20/2025 13:00,0.125,1.23,1,0,0,1,0
20-03-2025 14-00-00-CR-001,3/20/2025 14:00,0.108333333333333,4.38,3,0,0,0,3
20-03-2025 14-00-00-CR-002,3/20/2025 14:00,0.266666666666667,9.62,5,3,2,0,0
20-03-2025 15-00-00-CR-001,3/20/2025 15:00,0.125,2.92,2,0,0,0,2
20-03-2025 15-00-00-CR-002,3/20/2025 15:00,-0.0333333333333333,1.56,1,1,0,0,0
20-03-2025 15-00-00-CR-003,3/20/2025 15:00,-0.0116666666666664,6.15,5,0,0,5,0
20-03-2025 16-00-00-CR-001,3/20/2025 16:00,0.2875,5.84,4,0,0,0,4
20-03-2025 16-00-00-CR-002,3/20/2025 16:00,0,1.56,1,1,0,0,0
20-03-2025 16-00-00-CR-003,3/20/2025 16:00,-0.15,2.46,2,0,0,2,0
20-03-2025 17-00-00-CR-001,3/20/2025 17:00,-0.0333333333333333,1.46,1,0,0,0,1
20-03-2025 17-00-00-CR-002,3/20/2025 17:00,-0.0366666666666664,9.62,5,3,2,0,0
20-03-2025 17-00-00-CR-003,3/20/2025 17:00,0.3125,2.46,2,0,0,2,0
20-03-2025 18-00-00-CR-001,3/20/2025 18:00,-0.25,4.38,3,0,0,0,3
20-03-2025 18-00-00-CR-002,3/20/2025 18:00,-0.1625,4.94,2,0,2,0,0
20-03-2025 19-00-00-CR-001,3/20/2025 19:00,0.125,1.46,1,0,0,0,1
20-03-2025 19-00-00-CR-002,3/20/2025 19:00,1.29526019539602E-16,10.27,6,5,1,0,0
20-03-2025 19-00-00-CR-003,3/20/2025 19:00,-0.0666666666666666,3.69,3,0,0,3,0
20-03-2025 20-00-00-CR-002,3/20/2025 20:00,0.00625000000000001,8.06,4,2,2,0,0
20-03-2025 20-00-00-CR-003,3/20/2025 20:00,0.4,1.23,1,0,0,1,0
20-03-2025 21-00-00-CR-001,3/20/2025 21:00,-0.191666666666666,1.46,1,0,0,0,1
20-03-2025 21-00-00-CR-003,3/20/2025 21:00,0.1,2.46,2,0,0,2,0
20-03-2025 22-00-00-CR-001,3/20/2025 22:00,0.25,2.92,2,0,0,0,2
20-03-2025 22-00-00-CR-002,3/20/2025 22:00,-0.3,2.47,1,0,1,0,0
20-03-2025 23-00-00-CR-002,3/20/2025 23:00,0.0166666666666667,7.15,4,3,1,0,0
21-03-2025 00-00-00-CR-001,3/21/2025 0:00,0.125,2.92,2,0,0,0,2
21-03-2025 00-00-00-CR-002,3/21/2025 0:00,0.125,2.47,1,0,1,0,0
21-03-2025 00-00-00-CR-003,3/21/2025 0:00,-0.191666666666666,3.69,3,0,0,3,0
21-03-2025 01-00-00-CR-001,3/21/2025 1:00,-0.033333333333333,2.92,2,0,0,0,2
21-03-2025 01-00-00-CR-002,3/21/2025 1:00,0.5,1.56,1,1,0,0,0
21-03-2025 01-00-00-CR-003,3/21/2025 1:00,0.154166666666667,2.46,2,0,0,2,0
21-03-2025 02-00-00-CR-001,3/21/2025 2:00,0.125,1.46,1,0,0,0,1
21-03-2025 02-00-00-CR-002,3/21/2025 2:00,0.183333333333333,4.03,2,1,1,0,0
21-03-2025 02-00-00-CR-003,3/21/2025 2:00,0.102777777777778,3.69,3,0,0,3,0
21-03-2025 03-00-00-CR-001,3/21/2025 3:00,-0.033333333333333,2.92,2,0,0,0,2
21-03-2025 03-00-00-CR-002,3/21/2025 3:00,0.125,4.94,2,0,2,0,0
21-03-2025 03-00-00-CR-003,3/21/2025 3:00,-0.3,1.23,1,0,0,1,0
21-03-2025 04-00-00-CR-001,3/21/2025 4:00,-0.0916666666666667,2.92,2,0,0,0,2
21-03-2025 04-00-00-CR-002,3/21/2025 4:00,0.125,4.03,2,1,1,0,0
21-03-2025 04-00-00-CR-003,3/21/2025 4:00,-0.0249999999999999,1.23,1,0,0,1,0
21-03-2025 05-00-00-CR-001,3/21/2025 5:00,-0.0333333333333333,1.46,1,0,0,0,1
21-03-2025 05-00-00-CR-002,3/21/2025 5:00,-0.0125,4.94,2,0,2,0,0
21-03-2025 05-00-00-CR-003,3/21/2025 5:00,-0.15,1.23,1,0,0,1,0
21-03-2025 06-00-00-CR-001,3/21/2025 6:00,-0.15,1.46,1,0,0,0,1
21-03-2025 06-00-00-CR-002,3/21/2025 6:00,0.130555555555556,12.09,6,3,3,0,0
21-03-2025 06-00-00-CR-003,3/21/2025 6:00,-0.075,2.46,2,0,0,2,0
21-03-2025 07-00-00-CR-001,3/21/2025 7:00,0.0194444444444447,4.38,3,0,0,0,3
21-03-2025 07-00-00-CR-002,3/21/2025 7:00,-0.103333333333333,12.35,5,0,5,0,0
21-03-2025 08-00-00-CR-001,3/21/2025 8:00,0.145833333333334,5.84,4,0,0,0,4
21-03-2025 08-00-00-CR-002,3/21/2025 8:00,-0.0520833333333333,8.06,4,2,2,0,0
21-03-2025 09-00-00-CR-001,3/21/2025 9:00,-0.033333333333333,2.92,2,0,0,0,2
21-03-2025 09-00-00-CR-002,3/21/2025 9:00,0.143333333333333,10.53,5,2,3,0,0
21-03-2025 09-00-00-CR-003,3/21/2025 9:00,0.3125,2.46,2,0,0,2,0
21-03-2025 10-00-00-CR-001,3/21/2025 10:00,0,1.46,1,0,0,0,1
21-03-2025 10-00-00-CR-003,3/21/2025 10:00,-0.0249999999999999,1.23,1,0,0,1,0
21-03-2025 11-00-00-CR-001,3/21/2025 11:00,-0.191666666666666,1.46,1,0,0,0,1
21-03-2025 11-00-00-CR-002,3/21/2025 11:00,0.158333333333333,5.59,3,2,1,0,0
21-03-2025 11-00-00-CR-003,3/21/2025 11:00,0.2375,2.46,2,0,0,2,0
21-03-2025 12-00-00-CR-002,3/21/2025 12:00,0.2,4.03,2,1,1,0,0
21-03-2025 12-00-00-CR-003,3/21/2025 12:00,-0.0875,2.46,2,0,0,2,0
21-03-2025 13-00-00-CR-001,3/21/2025 13:00,-0.191666666666666,1.46,1,0,0,0,1
21-03-2025 13-00-00-CR-002,3/21/2025 13:00,-0.126666666666667,10.53,5,2,3,0,0
21-03-2025 13-00-00-CR-003,3/21/2025 13:00,0.0770833333333335,4.92,4,0,0,4,0
21-03-2025 14-00-00-CR-001,3/21/2025 14:00,0.5,1.46,1,0,0,0,1
21-03-2025 14-00-00-CR-002,3/21/2025 14:00,-0.0291666666666666,4.03,2,1,1,0,0
21-03-2025 15-00-00-CR-002,3/21/2025 15:00,0.3125,4.03,2,1,1,0,0
21-03-2025 15-00-00-CR-003,3/21/2025 15:00,-0.0333333333333333,2.46,2,0,0,2,0
21-03-2025 16-00-00-CR-001,3/21/2025 16:00,-0.191666666666666,1.46,1,0,0,0,1
21-03-2025 16-00-00-CR-002,3/21/2025 16:00,0.0708333333333335,11.18,6,4,2,0,0
21-03-2025 17-00-00-CR-002,3/21/2025 17:00,-0.0597222222222222,10.27,6,5,1,0,0
21-03-2025 17-00-00-CR-003,3/21/2025 17:00,0.197222222222222,3.69,3,0,0,3,0
21-03-2025 18-00-00-CR-001,3/21/2025 18:00,-0.15,1.46,1,0,0,0,1
21-03-2025 18-00-00-CR-002,3/21/2025 18:00,0.0333333333333333,5.59,3,2,1,0,0
21-03-2025 19-00-00-CR-002,3/21/2025 19:00,-0.0483333333333332,9.62,5,3,2,0,0
21-03-2025 19-00-00-CR-003,3/21/2025 19:00,0.1625,4.92,4,0,0,4,0
21-03-2025 20-00-00-CR-001,3/21/2025 20:00,0.197222222222222,4.38,3,0,0,0,3
21-03-2025 20-00-00-CR-002,3/21/2025 20:00,0.111111111111111,6.5,3,1,2,0,0
21-03-2025 20-00-00-CR-003,3/21/2025 20:00,0.0833333333333333,3.69,3,0,0,3,0
21-03-2025 21-00-00-CR-001,3/21/2025 21:00,0.0625,2.92,2,0,0,0,2
21-03-2025 21-00-00-CR-002,3/21/2025 21:00,-0.225,3.12,2,2,0,0,0
21-03-2025 21-00-00-CR-003,3/21/2025 21:00,0.208333333333333,3.69,3,0,0,3,0
21-03-2025 22-00-00-CR-001,3/21/2025 22:00,0.1875,2.92,2,0,0,0,2
21-03-2025 22-00-00-CR-002,3/21/2025 22:00,-0.015,9.62,5,3,2,0,0
21-03-2025 23-00-00-CR-001,3/21/2025 23:00,0.5,1.46,1,0,0,0,1
21-03-2025 23-00-00-CR-002,3/21/2025 23:00,0.0458333333333334,8.06,4,2,2,0,0
22-03-2025 00-00-00-CR-001,3/22/2025 0:00,0.5,1.46,1,0,0,0,1
22-03-2025 00-00-00-CR-002,3/22/2025 0:00,0.104166666666667,4.03,2,1,1,0,0
22-03-2025 00-00-00-CR-003,3/22/2025 0:00,0.125,1.23,1,0,0,1,0
22-03-2025 01-00-00-CR-001,3/22/2025 1:00,-0.072222222222222,4.38,3,0,0,0,3
22-03-2025 01-00-00-CR-002,3/22/2025 1:00,-0.00378787878787872,19.89,11,8,3,0,0
22-03-2025 01-00-00-CR-003,3/22/2025 1:00,-0.15,1.23,1,0,0,1,0
22-03-2025 02-00-00-CR-001,3/22/2025 2:00,-0.0249999999999999,2.92,2,0,0,0,2
22-03-2025 02-00-00-CR-002,3/22/2025 2:00,-0.04,9.62,5,3,2,0,0
22-03-2025 02-00-00-CR-003,3/22/2025 2:00,0.5,1.23,1,0,0,1,0
22-03-2025 03-00-00-CR-001,3/22/2025 3:00,-0.0875,2.92,2,0,0,0,2
22-03-2025 03-00-00-CR-002,3/22/2025 3:00,-0.0333333333333333,2.47,1,0,1,0,0
22-03-2025 03-00-00-CR-003,3/22/2025 3:00,-0.3,1.23,1,0,0,1,0
22-03-2025 04-00-00-CR-001,3/22/2025 4:00,-0.0249999999999999,1.46,1,0,0,0,1
22-03-2025 04-00-00-CR-002,3/22/2025 4:00,0.0625,3.12,2,2,0,0,0
22-03-2025 04-00-00-CR-003,3/22/2025 4:00,-0.225,2.46,2,0,0,2,0
22-03-2025 05-00-00-CR-001,3/22/2025 5:00,0.1,2.92,2,0,0,0,2
22-03-2025 05-00-00-CR-002,3/22/2025 5:00,0.022916666666667,8.06,4,2,2,0,0
22-03-2025 05-00-00-CR-003,3/22/2025 5:00,-0.225,2.46,2,0,0,2,0
22-03-2025 06-00-00-CR-001,3/22/2025 6:00,0.2,2.92,2,0,0,0,2
22-03-2025 06-00-00-CR-002,3/22/2025 6:00,0,1.56,1,1,0,0,0
22-03-2025 06-00-00-CR-003,3/22/2025 6:00,0.5,1.23,1,0,0,1,0
22-03-2025 07-00-00-CR-001,3/22/2025 7:00,0.0722222222222222,4.38,3,0,0,0,3
22-03-2025 07-00-00-CR-002,3/22/2025 7:00,0.025,7.41,3,0,3,0,0
22-03-2025 07-00-00-CR-003,3/22/2025 7:00,0.05625,4.92,4,0,0,4,0
22-03-2025 08-00-00-CR-002,3/22/2025 8:00,-0.15,1.56,1,1,0,0,0
22-03-2025 08-00-00-CR-003,3/22/2025 8:00,0.283333333333333,3.69,3,0,0,3,0
22-03-2025 09-00-00-CR-001,3/22/2025 9:00,-0.0125,2.92,2,0,0,0,2
22-03-2025 09-00-00-CR-002,3/22/2025 9:00,-0.0194444444444444,5.59,3,2,1,0,0
22-03-2025 09-00-00-CR-003,3/22/2025 9:00,0.5,1.23,1,0,0,1,0
22-03-2025 10-00-00-CR-002,3/22/2025 10:00,-0.245833333333333,4.03,2,1,1,0,0
22-03-2025 10-00-00-CR-003,3/22/2025 10:00,0.208333333333333,3.69,3,0,0,3,0
22-03-2025 11-00-00-CR-001,3/22/2025 11:00,-0.0125,2.92,2,0,0,0,2
22-03-2025 11-00-00-CR-002,3/22/2025 11:00,0.075,7.15,4,3,1,0,0
22-03-2025 11-00-00-CR-003,3/22/2025 11:00,-0.0125,4.92,4,0,0,4,0
22-03-2025 12-00-00-CR-001,3/22/2025 12:00,0.102083333333334,5.84,4,0,0,0,4
22-03-2025 12-00-00-CR-002,3/22/2025 12:00,0.0944444444444447,6.5,3,1,2,0,0
22-03-2025 12-00-00-CR-003,3/22/2025 12:00,0.197222222222222,3.69,3,0,0,3,0
22-03-2025 13-00-00-CR-001,3/22/2025 13:00,-0.0638888888888888,8.76,6,0,0,0,6
22-03-2025 13-00-00-CR-002,3/22/2025 13:00,0.0305555555555556,16.77,9,6,3,0,0
22-03-2025 13-00-00-CR-003,3/22/2025 13:00,-0.0249999999999999,1.23,1,0,0,1,0
22-03-2025 14-00-00-CR-001,3/22/2025 14:00,-0.0222222222222222,4.38,3,0,0,0,3
22-03-2025 14-00-00-CR-002,3/22/2025 14:00,0.08125,9.88,4,0,4,0,0
22-03-2025 14-00-00-CR-003,3/22/2025 14:00,0.45,2.46,2,0,0,2,0
22-03-2025 15-00-00-CR-001,3/22/2025 15:00,0.125,2.92,2,0,0,0,2
22-03-2025 15-00-00-CR-002,3/22/2025 15:00,0.1875,4.03,2,1,1,0,0
22-03-2025 16-00-00-CR-002,3/22/2025 16:00,-0.0263888888888887,11.18,6,4,2,0,0
22-03-2025 16-00-00-CR-003,3/22/2025 16:00,-0.00833333333333333,3.69,3,0,0,3,0
22-03-2025 17-00-00-CR-001,3/22/2025 17:00,0.4,1.46,1,0,0,0,1
22-03-2025 17-00-00-CR-002,3/22/2025 17:00,-0.245833333333333,4.03,2,1,1,0,0
22-03-2025 17-00-00-CR-003,3/22/2025 17:00,0.0500000000000001,2.46,2,0,0,2,0
22-03-2025 18-00-00-CR-001,3/22/2025 18:00,-0.0249999999999999,1.46,1,0,0,0,1
22-03-2025 18-00-00-CR-002,3/22/2025 18:00,-0.022222222222222,4.68,3,3,0,0,0
22-03-2025 19-00-00-CR-002,3/22/2025 19:00,-0.19375,7.15,4,3,1,0,0
22-03-2025 19-00-00-CR-003,3/22/2025 19:00,-0.0249999999999999,1.23,1,0,0,1,0
22-03-2025 20-00-00-CR-002,3/22/2025 20:00,0.2625,4.94,2,0,2,0,0
22-03-2025 20-00-00-CR-003,3/22/2025 20:00,-0.170833333333333,2.46,2,0,0,2,0
22-03-2025 21-00-00-CR-001,3/22/2025 21:00,-0.245833333333333,2.92,2,0,0,0,2
22-03-2025 21-00-00-CR-002,3/22/2025 21:00,0.2,7.41,3,0,3,0,0
22-03-2025 21-00-00-CR-003,3/22/2025 21:00,0.4,1.23,1,0,0,1,0
22-03-2025 22-00-00-CR-001,3/22/2025 22:00,0.075,4.38,3,0,0,0,3
22-03-2025 22-00-00-CR-002,3/22/2025 22:00,0.0291666666666667,13,6,2,4,0,0
22-03-2025 22-00-00-CR-003,3/22/2025 22:00,-0.108333333333333,3.69,3,0,0,3,0
22-03-2025 23-00-00-CR-001,3/22/2025 23:00,-0.1625,2.92,2,0,0,0,2
22-03-2025 23-00-00-CR-002,3/22/2025 23:00,0.4,1.56,1,1,0,0,0
22-03-2025 23-00-00-CR-003,3/22/2025 23:00,-0.0333333333333333,1.23,1,0,0,1,0
23-03-2025 00-00-00-CR-002,3/23/2025 0:00,-0.0444444444444444,10.27,6,5,1,0,0
23-03-2025 00-00-00-CR-003,3/23/2025 0:00,-0.3,1.23,1,0,0,1,0
23-03-2025 01-00-00-CR-001,3/23/2025 1:00,0.341666666666667,4.38,3,0,0,0,3
23-03-2025 01-00-00-CR-002,3/23/2025 1:00,-0.00833333333333333,5.59,3,2,1,0,0
23-03-2025 01-00-00-CR-003,3/23/2025 1:00,0,1.23,1,0,0,1,0
23-03-2025 02-00-00-CR-001,3/23/2025 2:00,-0.0916666666666667,2.92,2,0,0,0,2
23-03-2025 02-00-00-CR-002,3/23/2025 2:00,0.191666666666667,10.53,5,2,3,0,0
23-03-2025 02-00-00-CR-003,3/23/2025 2:00,0.118055555555556,7.38,6,0,0,6,0
23-03-2025 03-00-00-CR-001,3/23/2025 3:00,-0.3,1.46,1,0,0,0,1
23-03-2025 03-00-00-CR-002,3/23/2025 3:00,0.183333333333333,4.94,2,0,2,0,0
23-03-2025 03-00-00-CR-003,3/23/2025 3:00,-0.166666666666667,2.46,2,0,0,2,0
23-03-2025 04-00-00-CR-002,3/23/2025 4:00,0.125,1.56,1,1,0,0,0
23-03-2025 04-00-00-CR-003,3/23/2025 4:00,0.4,1.23,1,0,0,1,0
23-03-2025 05-00-00-CR-002,3/23/2025 5:00,-0.3,1.56,1,1,0,0,0
23-03-2025 05-00-00-CR-003,3/23/2025 5:00,-0.0277777777777777,3.69,3,0,0,3,0
23-03-2025 06-00-00-CR-001,3/23/2025 6:00,0.0583333333333334,4.38,3,0,0,0,3
23-03-2025 06-00-00-CR-002,3/23/2025 6:00,-0.0520833333333333,8.97,4,1,3,0,0
23-03-2025 07-00-00-CR-001,3/23/2025 7:00,-0.191666666666666,1.46,1,0,0,0,1
23-03-2025 07-00-00-CR-002,3/23/2025 7:00,0.341666666666667,4.68,3,3,0,0,0
23-03-2025 07-00-00-CR-003,3/23/2025 7:00,0.4,1.23,1,0,0,1,0
23-03-2025 08-00-00-CR-001,3/23/2025 8:00,-0.0249999999999999,1.46,1,0,0,0,1
23-03-2025 08-00-00-CR-002,3/23/2025 8:00,0.45,3.12,2,2,0,0,0
23-03-2025 08-00-00-CR-003,3/23/2025 8:00,0.4,1.23,1,0,0,1,0
23-03-2025 09-00-00-CR-001,3/23/2025 9:00,0.0694444444444445,8.76,6,0,0,0,6
23-03-2025 09-00-00-CR-003,3/23/2025 9:00,0.125,1.23,1,0,0,1,0
23-03-2025 10-00-00-CR-001,3/23/2025 10:00,0.288888888888889,4.38,3,0,0,0,3
23-03-2025 10-00-00-CR-002,3/23/2025 10:00,-0.110416666666667,15.21,8,5,3,0,0
23-03-2025 10-00-00-CR-003,3/23/2025 10:00,0.341666666666667,3.69,3,0,0,3,0
23-03-2025 11-00-00-CR-001,3/23/2025 11:00,-0.3,2.92,2,0,0,0,2
23-03-2025 11-00-00-CR-002,3/23/2025 11:00,-0.0333333333333333,2.47,1,0,1,0,0
23-03-2025 11-00-00-CR-003,3/23/2025 11:00,0.125,1.23,1,0,0,1,0
23-03-2025 12-00-00-CR-001,3/23/2025 12:00,-0.0875,2.92,2,0,0,0,2
23-03-2025 12-00-00-CR-002,3/23/2025 12:00,-0.0875,4.03,2,1,1,0,0
23-03-2025 12-00-00-CR-003,3/23/2025 12:00,-0.0333333333333333,1.23,1,0,0,1,0
23-03-2025 13-00-00-CR-001,3/23/2025 13:00,0.0875,5.84,4,0,0,0,4
23-03-2025 13-00-00-CR-002,3/23/2025 13:00,-0.0333333333333333,1.56,1,1,0,0,0
23-03-2025 14-00-00-CR-001,3/23/2025 14:00,0.0458333333333334,2.92,2,0,0,0,2
23-03-2025 14-00-00-CR-002,3/23/2025 14:00,0.2,6.5,3,1,2,0,0
23-03-2025 14-00-00-CR-003,3/23/2025 14:00,-0.033333333333333,2.46,2,0,0,2,0
23-03-2025 15-00-00-CR-001,3/23/2025 15:00,-0.0566666666666664,7.3,5,0,0,0,5
23-03-2025 15-00-00-CR-002,3/23/2025 15:00,-0.0291666666666666,4.03,2,1,1,0,0
23-03-2025 15-00-00-CR-003,3/23/2025 15:00,-0.0249999999999999,1.23,1,0,0,1,0
23-03-2025 16-00-00-CR-001,3/23/2025 16:00,0.3125,2.92,2,0,0,0,2
23-03-2025 16-00-00-CR-002,3/23/2025 16:00,0.3125,4.03,2,1,1,0,0
23-03-2025 16-00-00-CR-003,3/23/2025 16:00,-0.172222222222222,3.69,3,0,0,3,0
23-03-2025 17-00-00-CR-001,3/23/2025 17:00,0.125,2.92,2,0,0,0,2
23-03-2025 17-00-00-CR-002,3/23/2025 17:00,0.0683333333333333,9.62,5,3,2,0,0
23-03-2025 17-00-00-CR-003,3/23/2025 17:00,-0.0333333333333333,1.23,1,0,0,1,0
23-03-2025 18-00-00-CR-001,3/23/2025 18:00,-0.0333333333333333,1.46,1,0,0,0,1
23-03-2025 18-00-00-CR-002,3/23/2025 18:00,0.05,8.06,4,2,2,0,0
23-03-2025 18-00-00-CR-003,3/23/2025 18:00,-0.15,1.23,1,0,0,1,0
23-03-2025 19-00-00-CR-001,3/23/2025 19:00,0.2625,2.92,2,0,0,0,2
23-03-2025 19-00-00-CR-002,3/23/2025 19:00,0.005,9.62,5,3,2,0,0
23-03-2025 19-00-00-CR-003,3/23/2025 19:00,0.004166666666667,4.92,4,0,0,4,0
23-03-2025 20-00-00-CR-001,3/23/2025 20:00,-0.0916666666666667,2.92,2,0,0,0,2
23-03-2025 20-00-00-CR-002,3/23/2025 20:00,0.122916666666667,8.06,4,2,2,0,0
23-03-2025 20-00-00-CR-003,3/23/2025 20:00,0.4,1.23,1,0,0,1,0
23-03-2025 21-00-00-CR-001,3/23/2025 21:00,0.00500000000000014,7.3,5,0,0,0,5
23-03-2025 21-00-00-CR-002,3/23/2025 21:00,0.272916666666667,7.15,4,3,1,0,0
23-03-2025 21-00-00-CR-003,3/23/2025 21:00,-0.15,2.46,2,0,0,2,0
23-03-2025 22-00-00-CR-002,3/23/2025 22:00,0.5,3.12,2,2,0,0,0
23-03-2025 22-00-00-CR-003,3/23/2025 22:00,-0.3,1.23,1,0,0,1,0
23-03-2025 23-00-00-CR-001,3/23/2025 23:00,-0.033333333333333,2.92,2,0,0,0,2
23-03-2025 23-00-00-CR-002,3/23/2025 23:00,0.0166666666666667,7.15,4,3,1,0,0
23-03-2025 23-00-00-CR-003,3/23/2025 23:00,0.125,1.23,1,0,0,1,0
24-03-2025 00-00-00-CR-001,3/24/2025 0:00,0.4,1.46,1,0,0,0,1
24-03-2025 00-00-00-CR-002,3/24/2025 0:00,0.125,7.41,3,0,3,0,0
24-03-2025 00-00-00-CR-003,3/24/2025 0:00,0.4,1.23,1,0,0,1,0
24-03-2025 01-00-00-CR-002,3/24/2025 1:00,0.158333333333333,6.5,3,1,2,0,0
24-03-2025 01-00-00-CR-003,3/24/2025 1:00,-0.1125,2.46,2,0,0,2,0
24-03-2025 02-00-00-CR-001,3/24/2025 2:00,-0.0249999999999999,1.46,1,0,0,0,1
24-03-2025 02-00-00-CR-002,3/24/2025 2:00,-0.0875,8.06,4,2,2,0,0
24-03-2025 02-00-00-CR-003,3/24/2025 2:00,-0.13125,4.92,4,0,0,4,0
24-03-2025 03-00-00-CR-002,3/24/2025 3:00,-0.0766666666666666,10.53,5,2,3,0,0
24-03-2025 03-00-00-CR-003,3/24/2025 3:00,-0.3,1.23,1,0,0,1,0
24-03-2025 04-00-00-CR-001,3/24/2025 4:00,-0.108333333333333,2.92,2,0,0,0,2
24-03-2025 04-00-00-CR-002,3/24/2025 4:00,0.15,8.06,4,2,2,0,0
24-03-2025 04-00-00-CR-003,3/24/2025 4:00,-0.0125,2.46,2,0,0,2,0
24-03-2025 05-00-00-CR-001,3/24/2025 5:00,-0.0222222222222222,4.38,3,0,0,0,3
24-03-2025 05-00-00-CR-002,3/24/2025 5:00,0.466666666666667,6.5,3,1,2,0,0
24-03-2025 05-00-00-CR-003,3/24/2025 5:00,-0.0333333333333333,2.46,2,0,0,2,0
24-03-2025 06-00-00-CR-001,3/24/2025 6:00,0.125,1.46,1,0,0,0,1
24-03-2025 06-00-00-CR-002,3/24/2025 6:00,-0.1,6.5,3,1,2,0,0
24-03-2025 06-00-00-CR-003,3/24/2025 6:00,0.2625,2.46,2,0,0,2,0
24-03-2025 07-00-00-CR-001,3/24/2025 7:00,-0.15,4.38,3,0,0,0,3
24-03-2025 07-00-00-CR-002,3/24/2025 7:00,0.00208333333333351,8.97,4,1,3,0,0
24-03-2025 07-00-00-CR-003,3/24/2025 7:00,-0.3,1.23,1,0,0,1,0
24-03-2025 08-00-00-CR-002,3/24/2025 8:00,-0.0761904761904762,14.56,7,3,4,0,0
24-03-2025 08-00-00-CR-003,3/24/2025 8:00,-0.00166666666666666,6.15,5,0,0,5,0
24-03-2025 09-00-00-CR-001,3/24/2025 9:00,-0.0249999999999999,1.46,1,0,0,0,1
24-03-2025 09-00-00-CR-002,3/24/2025 9:00,-0.0216666666666666,10.53,5,2,3,0,0
24-03-2025 09-00-00-CR-003,3/24/2025 9:00,0.211666666666667,6.15,5,0,0,5,0
24-03-2025 10-00-00-CR-001,3/24/2025 10:00,-0.0333333333333333,1.46,1,0,0,0,1
24-03-2025 10-00-00-CR-002,3/24/2025 10:00,-0.0833333333333331,14.56,7,3,4,0,0
24-03-2025 10-00-00-CR-003,3/24/2025 10:00,-0.3,1.23,1,0,0,1,0
24-03-2025 11-00-00-CR-002,3/24/2025 11:00,0.060416666666667,8.06,4,2,2,0,0
24-03-2025 12-00-00-CR-001,3/24/2025 12:00,0.2125,5.84,4,0,0,0,4
24-03-2025 12-00-00-CR-002,3/24/2025 12:00,0.0250000000000001,12.09,6,3,3,0,0
24-03-2025 13-00-00-CR-002,3/24/2025 13:00,0.125,13.65,7,4,3,0,0
24-03-2025 13-00-00-CR-003,3/24/2025 13:00,-0.166666666666667,2.46,2,0,0,2,0
24-03-2025 14-00-00-CR-001,3/24/2025 14:00,0.5,1.46,1,0,0,0,1
24-03-2025 14-00-00-CR-002,3/24/2025 14:00,-0.0312499999999998,8.97,4,1,3,0,0
24-03-2025 14-00-00-CR-003,3/24/2025 14:00,0.158333333333333,3.69,3,0,0,3,0
24-03-2025 15-00-00-CR-001,3/24/2025 15:00,0,1.46,1,0,0,0,1
24-03-2025 15-00-00-CR-002,3/24/2025 15:00,-0.072222222222222,5.59,3,2,1,0,0
24-03-2025 15-00-00-CR-003,3/24/2025 15:00,0.0916666666666669,3.69,3,0,0,3,0
24-03-2025 16-00-00-CR-001,3/24/2025 16:00,-0.0875,2.92,2,0,0,0,2
24-03-2025 16-00-00-CR-002,3/24/2025 16:00,0.25625,8.97,4,1,3,0,0
24-03-2025 16-00-00-CR-003,3/24/2025 16:00,0.158333333333333,3.69,3,0,0,3,0
24-03-2025 17-00-00-CR-001,3/24/2025 17:00,0.1,2.92,2,0,0,0,2
24-03-2025 17-00-00-CR-002,3/24/2025 17:00,0.0458333333333334,8.06,4,2,2,0,0
24-03-2025 17-00-00-CR-003,3/24/2025 17:00,0.25,2.46,2,0,0,2,0
24-03-2025 18-00-00-CR-001,3/24/2025 18:00,0.0500000000000001,2.92,2,0,0,0,2
24-03-2025 18-00-00-CR-002,3/24/2025 18:00,0.0833333333333333,5.59,3,2,1,0,0
24-03-2025 18-00-00-CR-003,3/24/2025 18:00,-0.0333333333333333,1.23,1,0,0,1,0
24-03-2025 19-00-00-CR-001,3/24/2025 19:00,0.125,1.46,1,0,0,0,1
24-03-2025 19-00-00-CR-002,3/24/2025 19:00,-0.0166666666666667,4.94,2,0,2,0,0
24-03-2025 19-00-00-CR-003,3/24/2025 19:00,-0.122222222222222,3.69,3,0,0,3,0
24-03-2025 20-00-00-CR-001,3/24/2025 20:00,0.175,2.92,2,0,0,0,2
24-03-2025 20-00-00-CR-002,3/24/2025 20:00,0.1,4.03,2,1,1,0,0
24-03-2025 20-00-00-CR-003,3/24/2025 20:00,-0.0875,2.46,2,0,0,2,0
24-03-2025 21-00-00-CR-001,3/24/2025 21:00,-0.191666666666666,1.46,1,0,0,0,1
24-03-2025 21-00-00-CR-002,3/24/2025 21:00,0.15,8.06,4,2,2,0,0
24-03-2025 21-00-00-CR-003,3/24/2025 21:00,-0.0333333333333333,1.23,1,0,0,1,0
24-03-2025 22-00-00-CR-001,3/24/2025 22:00,0.125,2.92,2,0,0,0,2
24-03-2025 22-00-00-CR-002,3/24/2025 22:00,-0.0604166666666666,8.06,4,2,2,0,0
24-03-2025 22-00-00-CR-003,3/24/2025 22:00,0.4,1.23,1,0,0,1,0
24-03-2025 23-00-00-CR-002,3/24/2025 23:00,0.0333333333333334,6.5,3,1,2,0,0
24-03-2025 23-00-00-CR-003,3/24/2025 23:00,0.2,3.69,3,0,0,3,0
25-03-2025 00-00-00-CR-001,3/25/2025 0:00,-0.0125,2.92,2,0,0,0,2
25-03-2025 00-00-00-CR-002,3/25/2025 0:00,0.108333333333333,7.41,3,0,3,0,0
25-03-2025 00-00-00-CR-003,3/25/2025 0:00,-0.0541666666666665,4.92,4,0,0,4,0
25-03-2025 01-00-00-CR-002,3/25/2025 1:00,0.06,9.62,5,3,2,0,0
25-03-2025 01-00-00-CR-003,3/25/2025 1:00,0.0500000000000001,2.46,2,0,0,2,0
25-03-2025 02-00-00-CR-002,3/25/2025 2:00,0.05625,7.15,4,3,1,0,0
25-03-2025 02-00-00-CR-003,3/25/2025 2:00,-0.00624999999999983,4.92,4,0,0,4,0
25-03-2025 03-00-00-CR-001,3/25/2025 3:00,0,1.46,1,0,0,0,1
25-03-2025 03-00-00-CR-002,3/25/2025 3:00,0.25,4.94,2,0,2,0,0
25-03-2025 03-00-00-CR-003,3/25/2025 3:00,-0.1,3.69,3,0,0,3,0
25-03-2025 04-00-00-CR-001,3/25/2025 4:00,-0.022222222222222,4.38,3,0,0,0,3
25-03-2025 04-00-00-CR-002,3/25/2025 4:00,0.125,2.47,1,0,1,0,0
25-03-2025 04-00-00-CR-003,3/25/2025 4:00,-0.0125,2.46,2,0,0,2,0
25-03-2025 05-00-00-CR-001,3/25/2025 5:00,-0.0875,2.92,2,0,0,0,2
25-03-2025 05-00-00-CR-002,3/25/2025 5:00,0.0625,4.03,2,1,1,0,0
25-03-2025 06-00-00-CR-001,3/25/2025 6:00,0.125,1.46,1,0,0,0,1
25-03-2025 06-00-00-CR-002,3/25/2025 6:00,0.125,2.47,1,0,1,0,0
25-03-2025 06-00-00-CR-003,3/25/2025 6:00,0.0916666666666669,3.69,3,0,0,3,0
25-03-2025 07-00-00-CR-001,3/25/2025 7:00,-0.3,1.46,1,0,0,0,1
25-03-2025 07-00-00-CR-002,3/25/2025 7:00,0.0616666666666668,11.44,5,1,4,0,0
25-03-2025 07-00-00-CR-003,3/25/2025 7:00,-0.3,1.23,1,0,0,1,0
25-03-2025 08-00-00-CR-001,3/25/2025 8:00,-0.0249999999999999,1.46,1,0,0,0,1
25-03-2025 08-00-00-CR-002,3/25/2025 8:00,-0.0583333333333333,6.5,3,1,2,0,0
25-03-2025 09-00-00-CR-001,3/25/2025 9:00,0.5,2.92,2,0,0,0,2
25-03-2025 09-00-00-CR-002,3/25/2025 9:00,0.21875,8.97,4,1,3,0,0
25-03-2025 09-00-00-CR-003,3/25/2025 9:00,0.0458333333333334,2.46,2,0,0,2,0
25-03-2025 10-00-00-CR-001,3/25/2025 10:00,-0.0333333333333333,1.46,1,0,0,0,1
25-03-2025 10-00-00-CR-002,3/25/2025 10:00,0.0916666666666668,10.53,5,2,3,0,0
25-03-2025 10-00-00-CR-003,3/25/2025 10:00,-0.166666666666667,2.46,2,0,0,2,0
25-03-2025 11-00-00-CR-001,3/25/2025 11:00,0.25,4.38,3,0,0,0,3
25-03-2025 11-00-00-CR-002,3/25/2025 11:00,0.0333333333333333,10.53,5,2,3,0,0
25-03-2025 11-00-00-CR-003,3/25/2025 11:00,0.0305555555555556,3.69,3,0,0,3,0
25-03-2025 12-00-00-CR-003,3/25/2025 12:00,-0.191666666666666,4.92,4,0,0,4,0
25-03-2025 13-00-00-CR-002,3/25/2025 13:00,-0.035,10.53,5,2,3,0,0
25-03-2025 13-00-00-CR-003,3/25/2025 13:00,0.163888888888889,3.69,3,0,0,3,0
25-03-2025 14-00-00-CR-001,3/25/2025 14:00,-0.191666666666666,1.46,1,0,0,0,1
25-03-2025 14-00-00-CR-002,3/25/2025 14:00,-0.025,13,6,2,4,0,0
25-03-2025 14-00-00-CR-003,3/25/2025 14:00,0.0458333333333334,2.46,2,0,0,2,0
25-03-2025 15-00-00-CR-001,3/25/2025 15:00,0.0583333333333334,7.3,5,0,0,0,5
25-03-2025 15-00-00-CR-002,3/25/2025 15:00,0.204166666666667,12.09,6,3,3,0,0
25-03-2025 15-00-00-CR-003,3/25/2025 15:00,0.166666666666667,3.69,3,0,0,3,0
25-03-2025 16-00-00-CR-001,3/25/2025 16:00,0.125,2.92,2,0,0,0,2
25-03-2025 16-00-00-CR-002,3/25/2025 16:00,0.0733333333333335,11.44,5,1,4,0,0
25-03-2025 16-00-00-CR-003,3/25/2025 16:00,0.4,1.23,1,0,0,1,0
25-03-2025 17-00-00-CR-001,3/25/2025 17:00,0.1625,5.84,4,0,0,0,4
25-03-2025 17-00-00-CR-002,3/25/2025 17:00,0.1,4.03,2,1,1,0,0
25-03-2025 18-00-00-CR-002,3/25/2025 18:00,0.197222222222222,6.5,3,1,2,0,0
25-03-2025 18-00-00-CR-003,3/25/2025 18:00,-0.15,1.23,1,0,0,1,0
25-03-2025 19-00-00-CR-001,3/25/2025 19:00,0.125,2.92,2,0,0,0,2
25-03-2025 19-00-00-CR-002,3/25/2025 19:00,0.055,8.71,5,4,1,0,0
25-03-2025 20-00-00-CR-001,3/25/2025 20:00,0.5,2.92,2,0,0,0,2
25-03-2025 20-00-00-CR-002,3/25/2025 20:00,-0.00208333333333325,15.21,8,5,3,0,0
25-03-2025 20-00-00-CR-003,3/25/2025 20:00,-0.0875,2.46,2,0,0,2,0
25-03-2025 21-00-00-CR-001,3/25/2025 21:00,-0.0875,2.92,2,0,0,0,2
25-03-2025 21-00-00-CR-002,3/25/2025 21:00,0.145,10.53,5,2,3,0,0
25-03-2025 21-00-00-CR-003,3/25/2025 21:00,-0.245833333333333,2.46,2,0,0,2,0
25-03-2025 22-00-00-CR-001,3/25/2025 22:00,0.0729166666666667,5.84,4,0,0,0,4
25-03-2025 22-00-00-CR-002,3/25/2025 22:00,0.00625000000000017,8.97,4,1,3,0,0
25-03-2025 23-00-00-CR-002,3/25/2025 23:00,-0.163888888888889,7.41,3,0,3,0,0
25-03-2025 23-00-00-CR-003,3/25/2025 23:00,0.104166666666667,2.46,2,0,0,2,0
26-03-2025 00-00-00-CR-001,3/26/2025 0:00,0.25,2.92,2,0,0,0,2
26-03-2025 00-00-00-CR-002,3/26/2025 0:00,-0.0333333333333332,8.97,4,1,3,0,0
26-03-2025 01-00-00-CR-003,3/26/2025 1:00,-0.0483333333333332,6.15,5,0,0,5,0
26-03-2025 02-00-00-CR-001,3/26/2025 2:00,0.0187500000000001,5.84,4,0,0,0,4
26-03-2025 02-00-00-CR-002,3/26/2025 2:00,0.0625000000000001,12.09,6,3,3,0,0
26-03-2025 02-00-00-CR-003,3/26/2025 2:00,0.3125,2.46,2,0,0,2,0
26-03-2025 03-00-00-CR-001,3/26/2025 3:00,0.2625,2.92,2,0,0,0,2
26-03-2025 03-00-00-CR-002,3/26/2025 3:00,0.15,8.97,4,1,3,0,0
26-03-2025 04-00-00-CR-001,3/26/2025 4:00,0.08125,5.84,4,0,0,0,4
26-03-2025 04-00-00-CR-002,3/26/2025 4:00,-0.033333333333333,4.94,2,0,2,0,0
26-03-2025 04-00-00-CR-003,3/26/2025 4:00,-0.095833333333333,2.46,2,0,0,2,0
26-03-2025 05-00-00-CR-001,3/26/2025 5:00,-0.033333333333333,2.92,2,0,0,0,2
26-03-2025 05-00-00-CR-002,3/26/2025 5:00,0.1875,3.12,2,2,0,0,0
26-03-2025 05-00-00-CR-003,3/26/2025 5:00,0.0354166666666667,4.92,4,0,0,4,0
26-03-2025 06-00-00-CR-001,3/26/2025 6:00,0.125,1.46,1,0,0,0,1
26-03-2025 06-00-00-CR-002,3/26/2025 6:00,-0.166666666666667,4.03,2,1,1,0,0
26-03-2025 06-00-00-CR-003,3/26/2025 6:00,0.5,1.23,1,0,0,1,0
26-03-2025 07-00-00-CR-002,3/26/2025 7:00,0.0316666666666668,9.62,5,3,2,0,0
26-03-2025 07-00-00-CR-003,3/26/2025 7:00,0.125,2.46,2,0,0,2,0
26-03-2025 08-00-00-CR-001,3/26/2025 8:00,0.4,1.46,1,0,0,0,1
26-03-2025 08-00-00-CR-002,3/26/2025 8:00,-0.0333333333333333,1.56,1,1,0,0,0
26-03-2025 08-00-00-CR-003,3/26/2025 8:00,0.0583333333333334,3.69,3,0,0,3,0
26-03-2025 09-00-00-CR-001,3/26/2025 9:00,-0.3,1.46,1,0,0,0,1
26-03-2025 09-00-00-CR-002,3/26/2025 9:00,-0.104166666666667,10.27,6,5,1,0,0
26-03-2025 10-00-00-CR-002,3/26/2025 10:00,-0.0291666666666666,3.12,2,2,0,0,0
26-03-2025 10-00-00-CR-003,3/26/2025 10:00,0.1875,4.92,4,0,0,4,0
26-03-2025 11-00-00-CR-001,3/26/2025 11:00,-0.0249999999999999,1.46,1,0,0,0,1
26-03-2025 11-00-00-CR-002,3/26/2025 11:00,0.218333333333333,9.62,5,3,2,0,0
26-03-2025 11-00-00-CR-003,3/26/2025 11:00,-0.0583333333333333,3.69,3,0,0,3,0
26-03-2025 12-00-00-CR-001,3/26/2025 12:00,-0.15,1.46,1,0,0,0,1
26-03-2025 12-00-00-CR-002,3/26/2025 12:00,-0.00238095238095227,14.56,7,3,4,0,0
26-03-2025 12-00-00-CR-003,3/26/2025 12:00,-0.0875,2.46,2,0,0,2,0
26-03-2025 13-00-00-CR-001,3/26/2025 13:00,0.3125,2.92,2,0,0,0,2
26-03-2025 13-00-00-CR-002,3/26/2025 13:00,0,10.27,6,5,1,0,0
26-03-2025 14-00-00-CR-002,3/26/2025 14:00,0.122222222222222,5.59,3,2,1,0,0
26-03-2025 15-00-00-CR-001,3/26/2025 15:00,0.0111111111111112,8.76,6,0,0,0,6
26-03-2025 15-00-00-CR-002,3/26/2025 15:00,-0.0125,3.12,2,2,0,0,0
26-03-2025 15-00-00-CR-003,3/26/2025 15:00,0.288888888888889,3.69,3,0,0,3,0
26-03-2025 16-00-00-CR-001,3/26/2025 16:00,-0.15,1.46,1,0,0,0,1
26-03-2025 16-00-00-CR-002,3/26/2025 16:00,-0.0249999999999999,2.47,1,0,1,0,0
26-03-2025 16-00-00-CR-003,3/26/2025 16:00,-0.15,1.23,1,0,0,1,0
26-03-2025 17-00-00-CR-001,3/26/2025 17:00,0.175,2.92,2,0,0,0,2
26-03-2025 18-00-00-CR-002,3/26/2025 18:00,-0.0375,14.3,8,6,2,0,0
26-03-2025 18-00-00-CR-003,3/26/2025 18:00,-0.095833333333333,2.46,2,0,0,2,0
26-03-2025 19-00-00-CR-002,3/26/2025 19:00,0.25,6.5,3,1,2,0,0
26-03-2025 19-00-00-CR-003,3/26/2025 19:00,0.0571428571428572,8.61,7,0,0,7,0
26-03-2025 20-00-00-CR-001,3/26/2025 20:00,0.04375,5.84,4,0,0,0,4
26-03-2025 20-00-00-CR-002,3/26/2025 20:00,0.122916666666667,8.97,4,1,3,0,0
26-03-2025 20-00-00-CR-003,3/26/2025 20:00,0.4,1.23,1,0,0,1,0
26-03-2025 21-00-00-CR-002,3/26/2025 21:00,-0.0166666666666665,15.47,7,2,5,0,0
26-03-2025 21-00-00-CR-003,3/26/2025 21:00,-0.05625,4.92,4,0,0,4,0
26-03-2025 22-00-00-CR-001,3/26/2025 22:00,0.4,1.46,1,0,0,0,1
26-03-2025 22-00-00-CR-002,3/26/2025 22:00,-0.0875,4.03,2,1,1,0,0
26-03-2025 22-00-00-CR-003,3/26/2025 22:00,-0.0125,2.46,2,0,0,2,0
26-03-2025 23-00-00-CR-002,3/26/2025 23:00,0.5,7.15,4,3,1,0,0
26-03-2025 23-00-00-CR-003,3/26/2025 23:00,-0.033333333333333,2.46,2,0,0,2,0
27-03-2025 00-00-00-CR-002,3/27/2025 0:00,-0.166666666666667,3.12,2,2,0,0,0
27-03-2025 00-00-00-CR-003,3/27/2025 0:00,-0.0916666666666665,4.92,4,0,0,4,0
27-03-2025 01-00-00-CR-002,3/27/2025 1:00,0.00104166666666685,15.21,8,5,3,0,0
27-03-2025 02-00-00-CR-001,3/27/2025 2:00,0.21875,5.84,4,0,0,0,4
27-03-2025 02-00-00-CR-002,3/27/2025 2:00,0.0066666666666668,11.44,5,1,4,0,0
27-03-2025 03-00-00-CR-001,3/27/2025 3:00,-0.3,1.46,1,0,0,0,1
27-03-2025 03-00-00-CR-002,3/27/2025 3:00,0.186111111111111,11.18,6,4,2,0,0
27-03-2025 03-00-00-CR-003,3/27/2025 3:00,0.4,1.23,1,0,0,1,0
27-03-2025 04-00-00-CR-001,3/27/2025 4:00,0.4,1.46,1,0,0,0,1
27-03-2025 04-00-00-CR-002,3/27/2025 4:00,-0.0333333333333333,1.56,1,1,0,0,0
27-03-2025 05-00-00-CR-001,3/27/2025 5:00,-0.0875,2.92,2,0,0,0,2
27-03-2025 05-00-00-CR-002,3/27/2025 5:00,-0.211111111111111,5.59,3,2,1,0,0
27-03-2025 06-00-00-CR-002,3/27/2025 6:00,0.2625,4.03,2,1,1,0,0
27-03-2025 06-00-00-CR-003,3/27/2025 6:00,0.05,2.46,2,0,0,2,0
27-03-2025 07-00-00-CR-001,3/27/2025 7:00,0.4,1.46,1,0,0,0,1
27-03-2025 07-00-00-CR-002,3/27/2025 7:00,0.03125,8.06,4,2,2,0,0
27-03-2025 07-00-00-CR-003,3/27/2025 7:00,0.183333333333333,2.46,2,0,0,2,0
27-03-2025 08-00-00-CR-001,3/27/2025 8:00,0.5,1.46,1,0,0,0,1
27-03-2025 08-00-00-CR-002,3/27/2025 8:00,-0.0562499999999999,14.3,8,6,2,0,0
27-03-2025 08-00-00-CR-003,3/27/2025 8:00,0.125,1.23,1,0,0,1,0
27-03-2025 09-00-00-CR-001,3/27/2025 9:00,-0.1625,2.92,2,0,0,0,2
27-03-2025 09-00-00-CR-002,3/27/2025 9:00,0.18125,9.88,4,0,4,0,0
27-03-2025 09-00-00-CR-003,3/27/2025 9:00,0.0194444444444447,3.69,3,0,0,3,0
27-03-2025 10-00-00-CR-001,3/27/2025 10:00,0.0500000000000001,2.92,2,0,0,0,2
27-03-2025 10-00-00-CR-002,3/27/2025 10:00,0.5,1.56,1,1,0,0,0
27-03-2025 10-00-00-CR-003,3/27/2025 10:00,-0.075,2.46,2,0,0,2,0
27-03-2025 11-00-00-CR-001,3/27/2025 11:00,-0.0604166666666665,5.84,4,0,0,0,4
27-03-2025 11-00-00-CR-002,3/27/2025 11:00,-0.113888888888889,11.18,6,4,2,0,0
27-03-2025 11-00-00-CR-003,3/27/2025 11:00,-0.3,1.23,1,0,0,1,0
27-03-2025 12-00-00-CR-001,3/27/2025 12:00,-0.15,1.46,1,0,0,0,1
27-03-2025 12-00-00-CR-002,3/27/2025 12:00,0.0500000000000001,3.12,2,2,0,0,0
27-03-2025 12-00-00-CR-003,3/27/2025 12:00,-0.0166666666666667,3.69,3,0,0,3,0
27-03-2025 13-00-00-CR-001,3/27/2025 13:00,0.125,1.46,1,0,0,0,1
27-03-2025 13-00-00-CR-002,3/27/2025 13:00,-0.0875,4.94,2,0,2,0,0
27-03-2025 13-00-00-CR-003,3/27/2025 13:00,0.4,1.23,1,0,0,1,0
27-03-2025 14-00-00-CR-001,3/27/2025 14:00,-0.15,1.46,1,0,0,0,1
27-03-2025 14-00-00-CR-002,3/27/2025 14:00,-0.00833333333333333,6.5,3,1,2,0,0
27-03-2025 14-00-00-CR-003,3/27/2025 14:00,-0.191666666666666,1.23,1,0,0,1,0
27-03-2025 15-00-00-CR-001,3/27/2025 15:00,-0.0722222222222222,4.38,3,0,0,0,3
27-03-2025 15-00-00-CR-002,3/27/2025 15:00,0.0833333333333333,6.5,3,1,2,0,0
27-03-2025 15-00-00-CR-003,3/27/2025 15:00,0,1.23,1,0,0,1,0
27-03-2025 16-00-00-CR-001,3/27/2025 16:00,0.4,1.46,1,0,0,0,1
27-03-2025 16-00-00-CR-002,3/27/2025 16:00,0.125,2.47,1,0,1,0,0
27-03-2025 16-00-00-CR-003,3/27/2025 16:00,-0.0305555555555553,3.69,3,0,0,3,0
27-03-2025 17-00-00-CR-001,3/27/2025 17:00,-0.191666666666666,1.46,1,0,0,0,1
27-03-2025 17-00-00-CR-002,3/27/2025 17:00,0.0722222222222222,6.5,3,1,2,0,0
27-03-2025 17-00-00-CR-003,3/27/2025 17:00,0.0729166666666667,4.92,4,0,0,4,0
27-03-2025 18-00-00-CR-001,3/27/2025 18:00,-0.0694444444444444,4.38,3,0,0,0,3
27-03-2025 18-00-00-CR-002,3/27/2025 18:00,-0.0638888888888887,4.68,3,3,0,0,0
27-03-2025 18-00-00-CR-003,3/27/2025 18:00,-0.15,1.23,1,0,0,1,0
27-03-2025 19-00-00-CR-001,3/27/2025 19:00,-0.0333333333333333,1.46,1,0,0,0,1
27-03-2025 19-00-00-CR-002,3/27/2025 19:00,0.105,8.71,5,4,1,0,0
27-03-2025 19-00-00-CR-003,3/27/2025 19:00,-0.0249999999999999,1.23,1,0,0,1,0
27-03-2025 20-00-00-CR-002,3/27/2025 20:00,0.125,1.56,1,1,0,0,0
27-03-2025 21-00-00-CR-001,3/27/2025 21:00,-0.129166666666666,5.84,4,0,0,0,4
27-03-2025 21-00-00-CR-002,3/27/2025 21:00,0.125,2.47,1,0,1,0,0
27-03-2025 21-00-00-CR-003,3/27/2025 21:00,-0.1625,2.46,2,0,0,2,0
27-03-2025 22-00-00-CR-002,3/27/2025 22:00,0.125,2.47,1,0,1,0,0
27-03-2025 23-00-00-CR-001,3/27/2025 23:00,-0.0333333333333333,1.46,1,0,0,0,1
27-03-2025 23-00-00-CR-002,3/27/2025 23:00,0.4,2.47,1,0,1,0,0
27-03-2025 23-00-00-CR-003,3/27/2025 23:00,0.183333333333333,2.46,2,0,0,2,0
28-03-2025 00-00-00-CR-001,3/28/2025 0:00,-0.108333333333333,4.38,3,0,0,0,3
28-03-2025 00-00-00-CR-002,3/28/2025 0:00,-0.0194444444444444,5.59,3,2,1,0,0
28-03-2025 00-00-00-CR-003,3/28/2025 0:00,-0.0249999999999999,2.46,2,0,0,2,0
28-03-2025 01-00-00-CR-001,3/28/2025 1:00,0.0625,2.92,2,0,0,0,2
28-03-2025 01-00-00-CR-002,3/28/2025 1:00,0.175,4.03,2,1,1,0,0
28-03-2025 01-00-00-CR-003,3/28/2025 1:00,0.5,1.23,1,0,0,1,0
28-03-2025 02-00-00-CR-002,3/28/2025 2:00,0.125,4.68,3,3,0,0,0
28-03-2025 02-00-00-CR-003,3/28/2025 2:00,0,1.23,1,0,0,1,0
28-03-2025 03-00-00-CR-002,3/28/2025 3:00,0.0583333333333336,6.5,3,1,2,0,0
28-03-2025 03-00-00-CR-003,3/28/2025 3:00,-0.0916666666666665,4.92,4,0,0,4,0
28-03-2025 04-00-00-CR-001,3/28/2025 4:00,0.1875,2.92,2,0,0,0,2
28-03-2025 04-00-00-CR-002,3/28/2025 4:00,0.4,2.47,1,0,1,0,0
28-03-2025 04-00-00-CR-003,3/28/2025 4:00,-0.0583333333333333,3.69,3,0,0,3,0
28-03-2025 05-00-00-CR-001,3/28/2025 5:00,-0.0125,2.92,2,0,0,0,2
28-03-2025 05-00-00-CR-002,3/28/2025 5:00,-0.0249999999999999,1.56,1,1,0,0,0
28-03-2025 05-00-00-CR-003,3/28/2025 5:00,0.2,2.46,2,0,0,2,0
28-03-2025 06-00-00-CR-001,3/28/2025 6:00,-0.01875,5.84,4,0,0,0,4
28-03-2025 06-00-00-CR-002,3/28/2025 6:00,-0.0194444444444444,4.68,3,3,0,0,0
28-03-2025 06-00-00-CR-003,3/28/2025 6:00,0.183333333333333,2.46,2,0,0,2,0
28-03-2025 07-00-00-CR-002,3/28/2025 7:00,0.198333333333333,11.44,5,1,4,0,0
28-03-2025 07-00-00-CR-003,3/28/2025 7:00,-0.033333333333333,2.46,2,0,0,2,0
28-03-2025 08-00-00-CR-001,3/28/2025 8:00,-0.191666666666666,1.46,1,0,0,0,1
28-03-2025 08-00-00-CR-002,3/28/2025 8:00,-0.113888888888889,5.59,3,2,1,0,0
28-03-2025 08-00-00-CR-003,3/28/2025 8:00,0.125,2.46,2,0,0,2,0
28-03-2025 09-00-00-CR-001,3/28/2025 9:00,-0.0249999999999999,1.46,1,0,0,0,1
28-03-2025 09-00-00-CR-002,3/28/2025 9:00,0.147222222222222,4.68,3,3,0,0,0
28-03-2025 09-00-00-CR-003,3/28/2025 9:00,-0.15,1.23,1,0,0,1,0
28-03-2025 10-00-00-CR-001,3/28/2025 10:00,0.125,2.92,2,0,0,0,2
28-03-2025 10-00-00-CR-002,3/28/2025 10:00,0.3,5.59,3,2,1,0,0
28-03-2025 11-00-00-CR-001,3/28/2025 11:00,0,1.46,1,0,0,0,1
28-03-2025 11-00-00-CR-002,3/28/2025 11:00,-0.1125,4.03,2,1,1,0,0
28-03-2025 11-00-00-CR-003,3/28/2025 11:00,-0.0249999999999999,1.23,1,0,0,1,0
28-03-2025 12-00-00-CR-001,3/28/2025 12:00,0.0916666666666667,7.3,5,0,0,0,5
28-03-2025 12-00-00-CR-002,3/28/2025 12:00,-0.0875,4.94,2,0,2,0,0
28-03-2025 12-00-00-CR-003,3/28/2025 12:00,0,1.23,1,0,0,1,0
28-03-2025 13-00-00-CR-001,3/28/2025 13:00,0.5,1.46,1,0,0,0,1
28-03-2025 13-00-00-CR-002,3/28/2025 13:00,0.125,11.18,6,4,2,0,0
28-03-2025 13-00-00-CR-003,3/28/2025 13:00,-0.0249999999999999,1.23,1,0,0,1,0
28-03-2025 14-00-00-CR-001,3/28/2025 14:00,0.4,1.46,1,0,0,0,1
28-03-2025 14-00-00-CR-002,3/28/2025 14:00,-0.0125,3.12,2,2,0,0,0
28-03-2025 15-00-00-CR-001,3/28/2025 15:00,0.1875,2.92,2,0,0,0,2
28-03-2025 15-00-00-CR-002,3/28/2025 15:00,-0.0125,4.03,2,1,1,0,0
28-03-2025 15-00-00-CR-003,3/28/2025 15:00,-0.033333333333333,2.46,2,0,0,2,0
28-03-2025 16-00-00-CR-001,3/28/2025 16:00,-0.225,2.92,2,0,0,0,2
28-03-2025 16-00-00-CR-002,3/28/2025 16:00,-0.3,1.56,1,1,0,0,0
28-03-2025 16-00-00-CR-003,3/28/2025 16:00,-0.0125,2.46,2,0,0,2,0
28-03-2025 17-00-00-CR-001,3/28/2025 17:00,-0.111111111111111,4.38,3,0,0,0,3
28-03-2025 17-00-00-CR-002,3/28/2025 17:00,-0.00833333333333333,6.5,3,1,2,0,0
28-03-2025 17-00-00-CR-003,3/28/2025 17:00,-0.023611111111111,7.38,6,0,0,6,0
28-03-2025 18-00-00-CR-001,3/28/2025 18:00,0.175,2.92,2,0,0,0,2
28-03-2025 18-00-00-CR-002,3/28/2025 18:00,0.0333333333333334,7.41,3,0,3,0,0
28-03-2025 18-00-00-CR-003,3/28/2025 18:00,-0.191666666666666,1.23,1,0,0,1,0
28-03-2025 19-00-00-CR-001,3/28/2025 19:00,0.147916666666667,5.84,4,0,0,0,4
28-03-2025 19-00-00-CR-002,3/28/2025 19:00,-0.25,6.5,3,1,2,0,0
28-03-2025 19-00-00-CR-003,3/28/2025 19:00,0.4,2.46,2,0,0,2,0
28-03-2025 20-00-00-CR-001,3/28/2025 20:00,-0.3,2.92,2,0,0,0,2
28-03-2025 20-00-00-CR-002,3/28/2025 20:00,0.125,5.59,3,2,1,0,0
28-03-2025 20-00-00-CR-003,3/28/2025 20:00,-0.166666666666667,2.46,2,0,0,2,0
28-03-2025 21-00-00-CR-001,3/28/2025 21:00,0.125,1.46,1,0,0,0,1
28-03-2025 21-00-00-CR-002,3/28/2025 21:00,0.35625,8.97,4,1,3,0,0
28-03-2025 21-00-00-CR-003,3/28/2025 21:00,-0.15,2.46,2,0,0,2,0
28-03-2025 22-00-00-CR-001,3/28/2025 22:00,-0.3,1.46,1,0,0,0,1
28-03-2025 22-00-00-CR-002,3/28/2025 22:00,0.302083333333334,8.06,4,2,2,0,0
28-03-2025 22-00-00-CR-003,3/28/2025 22:00,-0.1125,2.46,2,0,0,2,0
28-03-2025 23-00-00-CR-001,3/28/2025 23:00,0.125,1.46,1,0,0,0,1
28-03-2025 23-00-00-CR-002,3/28/2025 23:00,0.125,1.56,1,1,0,0,0
28-03-2025 23-00-00-CR-003,3/28/2025 23:00,0.25,2.46,2,0,0,2,0
29-03-2025 00-00-00-CR-002,3/29/2025 0:00,0.2375,3.12,2,2,0,0,0
29-03-2025 01-00-00-CR-001,3/29/2025 1:00,-0.0125,2.92,2,0,0,0,2
29-03-2025 01-00-00-CR-002,3/29/2025 1:00,0.308333333333333,4.68,3,3,0,0,0
29-03-2025 01-00-00-CR-003,3/29/2025 1:00,-0.3,1.23,1,0,0,1,0
29-03-2025 02-00-00-CR-002,3/29/2025 2:00,0.075,7.15,4,3,1,0,0
29-03-2025 02-00-00-CR-003,3/29/2025 2:00,-0.102083333333333,4.92,4,0,0,4,0
29-03-2025 03-00-00-CR-001,3/29/2025 3:00,-0.0277777777777777,4.38,3,0,0,0,3
29-03-2025 03-00-00-CR-002,3/29/2025 3:00,-0.0229166666666665,8.97,4,1,3,0,0
29-03-2025 03-00-00-CR-003,3/29/2025 3:00,0.154166666666667,2.46,2,0,0,2,0
29-03-2025 04-00-00-CR-001,3/29/2025 4:00,-0.15,1.46,1,0,0,0,1
29-03-2025 04-00-00-CR-002,3/29/2025 4:00,0.0625,3.12,2,2,0,0,0
29-03-2025 04-00-00-CR-003,3/29/2025 4:00,-0.0520833333333333,4.92,4,0,0,4,0
29-03-2025 05-00-00-CR-001,3/29/2025 5:00,0.3125,2.92,2,0,0,0,2
29-03-2025 05-00-00-CR-002,3/29/2025 5:00,-0.191666666666666,1.56,1,1,0,0,0
29-03-2025 05-00-00-CR-003,3/29/2025 5:00,0.216666666666667,3.69,3,0,0,3,0
29-03-2025 06-00-00-CR-002,3/29/2025 6:00,0.0833333333333335,8.06,4,2,2,0,0
29-03-2025 06-00-00-CR-003,3/29/2025 6:00,0.125,2.46,2,0,0,2,0
29-03-2025 07-00-00-CR-001,3/29/2025 7:00,0.0583333333333334,4.38,3,0,0,0,3
29-03-2025 07-00-00-CR-002,3/29/2025 7:00,0.1875,4.03,2,1,1,0,0
29-03-2025 07-00-00-CR-003,3/29/2025 7:00,0.125,2.46,2,0,0,2,0
29-03-2025 08-00-00-CR-001,3/29/2025 8:00,-0.0875,2.92,2,0,0,0,2
29-03-2025 08-00-00-CR-002,3/29/2025 8:00,0.111111111111111,4.68,3,3,0,0,0
29-03-2025 08-00-00-CR-003,3/29/2025 8:00,-0.0916666666666667,4.92,4,0,0,4,0
29-03-2025 09-00-00-CR-001,3/29/2025 9:00,0.1875,2.92,2,0,0,0,2
29-03-2025 09-00-00-CR-002,3/29/2025 9:00,0.0464285714285714,13.65,7,4,3,0,0
29-03-2025 09-00-00-CR-003,3/29/2025 9:00,0.125,1.23,1,0,0,1,0
29-03-2025 10-00-00-CR-001,3/29/2025 10:00,0.4,1.46,1,0,0,0,1
29-03-2025 10-00-00-CR-002,3/29/2025 10:00,-0.095833333333333,4.03,2,1,1,0,0
29-03-2025 10-00-00-CR-003,3/29/2025 10:00,0.104166666666667,2.46,2,0,0,2,0
29-03-2025 11-00-00-CR-001,3/29/2025 11:00,-0.3,1.46,1,0,0,0,1
29-03-2025 11-00-00-CR-002,3/29/2025 11:00,0.0458333333333334,4.03,2,1,1,0,0
29-03-2025 12-00-00-CR-001,3/29/2025 12:00,0.125,1.46,1,0,0,0,1
29-03-2025 12-00-00-CR-002,3/29/2025 12:00,0.0500000000000001,8.06,4,2,2,0,0
29-03-2025 12-00-00-CR-003,3/29/2025 12:00,0.2,3.69,3,0,0,3,0
29-03-2025 13-00-00-CR-001,3/29/2025 13:00,0.125,2.92,2,0,0,0,2
29-03-2025 13-00-00-CR-002,3/29/2025 13:00,-0.166666666666667,8.97,4,1,3,0,0
29-03-2025 13-00-00-CR-003,3/29/2025 13:00,-0.0694444444444444,3.69,3,0,0,3,0
29-03-2025 14-00-00-CR-001,3/29/2025 14:00,0.183333333333333,2.92,2,0,0,0,2
29-03-2025 14-00-00-CR-003,3/29/2025 14:00,-0.033333333333333,2.46,2,0,0,2,0
29-03-2025 15-00-00-CR-001,3/29/2025 15:00,0,1.46,1,0,0,0,1
29-03-2025 15-00-00-CR-002,3/29/2025 15:00,-0.0611111111111111,6.5,3,1,2,0,0
29-03-2025 15-00-00-CR-003,3/29/2025 15:00,0.166666666666667,3.69,3,0,0,3,0
29-03-2025 16-00-00-CR-001,3/29/2025 16:00,0.5,1.46,1,0,0,0,1
29-03-2025 16-00-00-CR-002,3/29/2025 16:00,0.0527777777777778,12.09,6,3,3,0,0
29-03-2025 16-00-00-CR-003,3/29/2025 16:00,0.00277777777777799,3.69,3,0,0,3,0
29-03-2025 17-00-00-CR-002,3/29/2025 17:00,0.086904761904762,15.47,7,2,5,0,0
29-03-2025 17-00-00-CR-003,3/29/2025 17:00,-0.0291666666666666,2.46,2,0,0,2,0
29-03-2025 18-00-00-CR-001,3/29/2025 18:00,-0.0249999999999999,1.46,1,0,0,0,1
29-03-2025 18-00-00-CR-002,3/29/2025 18:00,0.0458333333333334,4.03,2,1,1,0,0
29-03-2025 18-00-00-CR-003,3/29/2025 18:00,0.0458333333333334,2.46,2,0,0,2,0
29-03-2025 19-00-00-CR-001,3/29/2025 19:00,0.0500000000000001,2.92,2,0,0,0,2
29-03-2025 19-00-00-CR-002,3/29/2025 19:00,0.0296296296296298,18.59,9,4,5,0,0
29-03-2025 19-00-00-CR-003,3/29/2025 19:00,0.125,1.23,1,0,0,1,0
29-03-2025 20-00-00-CR-001,3/29/2025 20:00,-0.0305555555555555,4.38,3,0,0,0,3
29-03-2025 20-00-00-CR-002,3/29/2025 20:00,0,2.47,1,0,1,0,0
29-03-2025 20-00-00-CR-003,3/29/2025 20:00,0.05,2.46,2,0,0,2,0
29-03-2025 21-00-00-CR-001,3/29/2025 21:00,0.4,1.46,1,0,0,0,1
29-03-2025 21-00-00-CR-002,3/29/2025 21:00,0.00333333333333335,10.53,5,2,3,0,0
29-03-2025 21-00-00-CR-003,3/29/2025 21:00,0.125,2.46,2,0,0,2,0
29-03-2025 22-00-00-CR-001,3/29/2025 22:00,-0.245833333333333,2.92,2,0,0,0,2
29-03-2025 22-00-00-CR-002,3/29/2025 22:00,0.1375,11.18,6,4,2,0,0
29-03-2025 23-00-00-CR-002,3/29/2025 23:00,0.108333333333333,6.5,3,1,2,0,0
30-03-2025 00-00-00-CR-001,3/30/2025 0:00,0.075,4.38,3,0,0,0,3
30-03-2025 00-00-00-CR-002,3/30/2025 0:00,-0.245833333333333,4.03,2,1,1,0,0
30-03-2025 01-00-00-CR-001,3/30/2025 1:00,-0.0694444444444443,8.76,6,0,0,0,6
30-03-2025 01-00-00-CR-002,3/30/2025 1:00,-0.213888888888889,6.5,3,1,2,0,0
30-03-2025 01-00-00-CR-003,3/30/2025 1:00,-0.191666666666666,1.23,1,0,0,1,0
30-03-2025 02-00-00-CR-001,3/30/2025 2:00,0.0222222222222223,4.38,3,0,0,0,3
30-03-2025 02-00-00-CR-002,3/30/2025 2:00,0.175,3.12,2,2,0,0,0
30-03-2025 02-00-00-CR-003,3/30/2025 2:00,-0.122222222222222,3.69,3,0,0,3,0
30-03-2025 03-00-00-CR-001,3/30/2025 3:00,-0.0125,2.92,2,0,0,0,2
30-03-2025 03-00-00-CR-002,3/30/2025 3:00,-0.0694444444444444,7.41,3,0,3,0,0
30-03-2025 03-00-00-CR-003,3/30/2025 3:00,-0.191666666666666,1.23,1,0,0,1,0
30-03-2025 04-00-00-CR-001,3/30/2025 4:00,-0.0166666666666667,2.92,2,0,0,0,2
30-03-2025 04-00-00-CR-002,3/30/2025 4:00,0.105555555555556,6.5,3,1,2,0,0
30-03-2025 04-00-00-CR-003,3/30/2025 4:00,-0.0249999999999999,1.23,1,0,0,1,0
30-03-2025 05-00-00-CR-001,3/30/2025 5:00,0.4,1.46,1,0,0,0,1
30-03-2025 05-00-00-CR-002,3/30/2025 5:00,0.125,1.56,1,1,0,0,0
30-03-2025 05-00-00-CR-003,3/30/2025 5:00,0.154166666666667,2.46,2,0,0,2,0
30-03-2025 06-00-00-CR-001,3/30/2025 6:00,-0.0333333333333333,1.46,1,0,0,0,1
30-03-2025 06-00-00-CR-002,3/30/2025 6:00,0.131666666666667,11.44,5,1,4,0,0
30-03-2025 06-00-00-CR-003,3/30/2025 6:00,-0.05,4.92,4,0,0,4,0
30-03-2025 07-00-00-CR-001,3/30/2025 7:00,0.00166666666666681,7.3,5,0,0,0,5
30-03-2025 07-00-00-CR-002,3/30/2025 7:00,0.052777777777778,6.5,3,1,2,0,0
30-03-2025 07-00-00-CR-003,3/30/2025 7:00,-0.0125,2.46,2,0,0,2,0
30-03-2025 08-00-00-CR-001,3/30/2025 8:00,0.2,2.92,2,0,0,0,2
30-03-2025 08-00-00-CR-002,3/30/2025 8:00,-0.103333333333333,11.44,5,1,4,0,0
30-03-2025 08-00-00-CR-003,3/30/2025 8:00,0.4,2.46,2,0,0,2,0
30-03-2025 09-00-00-CR-001,3/30/2025 9:00,-0.0249999999999999,1.46,1,0,0,0,1
30-03-2025 09-00-00-CR-002,3/30/2025 9:00,-0.0202380952380951,13.65,7,4,3,0,0
30-03-2025 09-00-00-CR-003,3/30/2025 9:00,-0.0333333333333333,1.23,1,0,0,1,0
30-03-2025 10-00-00-CR-002,3/30/2025 10:00,0.0283333333333336,8.71,5,4,1,0,0
30-03-2025 10-00-00-CR-003,3/30/2025 10:00,-0.3,1.23,1,0,0,1,0
30-03-2025 11-00-00-CR-002,3/30/2025 11:00,0.158333333333333,6.5,3,1,2,0,0
30-03-2025 11-00-00-CR-003,3/30/2025 11:00,-0.0916666666666667,2.46,2,0,0,2,0
30-03-2025 12-00-00-CR-002,3/30/2025 12:00,-0.0142857142857143,13.65,7,4,3,0,0
30-03-2025 13-00-00-CR-002,3/30/2025 13:00,0.179166666666667,6.24,4,4,0,0,0
30-03-2025 14-00-00-CR-001,3/30/2025 14:00,-0.0291666666666666,2.92,2,0,0,0,2
30-03-2025 14-00-00-CR-003,3/30/2025 14:00,0.0166666666666667,4.92,4,0,0,4,0
30-03-2025 15-00-00-CR-001,3/30/2025 15:00,0,1.46,1,0,0,0,1
30-03-2025 15-00-00-CR-002,3/30/2025 15:00,-0.0875,4.94,2,0,2,0,0
30-03-2025 15-00-00-CR-003,3/30/2025 15:00,-0.1625,2.46,2,0,0,2,0
30-03-2025 16-00-00-CR-001,3/30/2025 16:00,0.4,1.46,1,0,0,0,1
30-03-2025 16-00-00-CR-002,3/30/2025 16:00,-0.0666666666666666,6.5,3,1,2,0,0
30-03-2025 16-00-00-CR-003,3/30/2025 16:00,0.05,2.46,2,0,0,2,0
30-03-2025 17-00-00-CR-002,3/30/2025 17:00,-0.122222222222222,7.41,3,0,3,0,0
30-03-2025 17-00-00-CR-003,3/30/2025 17:00,0.2,3.69,3,0,0,3,0
30-03-2025 18-00-00-CR-001,3/30/2025 18:00,-0.191666666666666,1.46,1,0,0,0,1
30-03-2025 18-00-00-CR-002,3/30/2025 18:00,0.154166666666667,4.03,2,1,1,0,0
30-03-2025 19-00-00-CR-001,3/30/2025 19:00,0.4,1.46,1,0,0,0,1
30-03-2025 19-00-00-CR-002,3/30/2025 19:00,0.2,7.41,3,0,3,0,0
30-03-2025 19-00-00-CR-003,3/30/2025 19:00,0.0833333333333333,3.69,3,0,0,3,0
30-03-2025 20-00-00-CR-002,3/30/2025 20:00,0.191666666666667,8.06,4,2,2,0,0
30-03-2025 20-00-00-CR-003,3/30/2025 20:00,-0.191666666666666,1.23,1,0,0,1,0
30-03-2025 21-00-00-CR-001,3/30/2025 21:00,0.125,1.46,1,0,0,0,1
30-03-2025 21-00-00-CR-002,3/30/2025 21:00,-0.072222222222222,5.59,3,2,1,0,0
30-03-2025 21-00-00-CR-003,3/30/2025 21:00,-0.0249999999999999,1.23,1,0,0,1,0
30-03-2025 22-00-00-CR-001,3/30/2025 22:00,-0.0979166666666665,5.84,4,0,0,0,4
30-03-2025 22-00-00-CR-002,3/30/2025 22:00,0.125,1.56,1,1,0,0,0
30-03-2025 22-00-00-CR-003,3/30/2025 22:00,-0.0166666666666667,2.46,2,0,0,2,0
30-03-2025 23-00-00-CR-001,3/30/2025 23:00,0.125,1.46,1,0,0,0,1
30-03-2025 23-00-00-CR-002,3/30/2025 23:00,0.154166666666667,3.12,2,2,0,0,0
