Timestamp,Sensor ID,Time_Sensor_ID,Latitude,Longitude,Location,River Level (m),Change in Level (m),Flood Event
3/1/2025 0:00,CR-001,01-03-2025 00-00-00-CR-001,10.62038,-61.466257,Caroni Source,2.09,-1.53,No
3/1/2025 0:00,CR-002,01-03-2025 00-00-00-CR-002,10.617247,-61.43931,Early Caroni,2.49,0.04,No
3/1/2025 0:00,CR-003,01-03-2025 00-00-00-CR-003,10.616628,-61.420142,Mid Upper Caroni,1.97,-0.97,No
3/1/2025 0:00,CR-004,01-03-2025 00-00-00-CR-004,10.609654,-61.395995,Mid Caroni,1.97,-1.84,No
3/1/2025 0:00,CR-005,01-03-2025 00-00-00-CR-005,10.606111,-61.374422,Mid Lower Caroni,1.71,-0.68,No
3/1/2025 0:00,CR-006,01-03-2025 00-00-00-CR-006,10.582769,-61.341406,Lower Caroni,1.75,-0.34,No
3/1/2025 0:00,CR-007,01-03-2025 00-00-00-CR-007,10.578663,-61.291224,Caroni Swamp Entrance,3.1,0.33,No
3/1/2025 0:00,CR-008,01-03-2025 00-00-00-CR-008,10.5799,-61.255061,Caroni River Mouth,1.82,-0.94,No
3/1/2025 1:00,CR-001,01-03-2025 01-00-00-CR-001,10.62038,-61.466257,Caroni Source,2.78,0.69,No
3/1/2025 1:00,CR-002,01-03-2025 01-00-00-CR-002,10.617247,-61.43931,Early Caroni,2.39,-0.1,No
3/1/2025 1:00,CR-003,01-03-2025 01-00-00-CR-003,10.616628,-61.420142,Mid Upper Caroni,2.54,0.57,No
3/1/2025 1:00,CR-004,01-03-2025 01-00-00-CR-004,10.609654,-61.395995,Mid Caroni,1.88,-0.09,No
3/1/2025 1:00,CR-005,01-03-2025 01-00-00-CR-005,10.606111,-61.374422,Mid Lower Caroni,2.61,0.9,No
3/1/2025 1:00,CR-006,01-03-2025 01-00-00-CR-006,10.582769,-61.341406,Lower Caroni,3.74,1.99,No
3/1/2025 1:00,CR-007,01-03-2025 01-00-00-CR-007,10.578663,-61.291224,Caroni Swamp Entrance,3.13,0.03,No
3/1/2025 1:00,CR-008,01-03-2025 01-00-00-CR-008,10.5799,-61.255061,Caroni River Mouth,2.36,0.54,No
3/1/2025 2:00,CR-001,01-03-2025 02-00-00-CR-001,10.62038,-61.466257,Caroni Source,3.22,0.44,No
3/1/2025 2:00,CR-002,01-03-2025 02-00-00-CR-002,10.617247,-61.43931,Early Caroni,3.08,0.69,No
3/1/2025 2:00,CR-003,01-03-2025 02-00-00-CR-003,10.616628,-61.420142,Mid Upper Caroni,2.37,-0.17,No
3/1/2025 2:00,CR-004,01-03-2025 02-00-00-CR-004,10.609654,-61.395995,Mid Caroni,2.81,0.93,No
3/1/2025 2:00,CR-005,01-03-2025 02-00-00-CR-005,10.606111,-61.374422,Mid Lower Caroni,3.05,0.44,No
3/1/2025 2:00,CR-006,01-03-2025 02-00-00-CR-006,10.582769,-61.341406,Lower Caroni,3.57,-0.17,No
3/1/2025 2:00,CR-007,01-03-2025 02-00-00-CR-007,10.578663,-61.291224,Caroni Swamp Entrance,3.37,0.24,No
3/1/2025 2:00,CR-008,01-03-2025 02-00-00-CR-008,10.5799,-61.255061,Caroni River Mouth,3.86,1.5,Yes
3/1/2025 3:00,CR-001,01-03-2025 03-00-00-CR-001,10.62038,-61.466257,Caroni Source,2.45,-0.77,No
3/1/2025 3:00,CR-002,01-03-2025 03-00-00-CR-002,10.617247,-61.43931,Early Caroni,1.82,-1.26,No
3/1/2025 3:00,CR-003,01-03-2025 03-00-00-CR-003,10.616628,-61.420142,Mid Upper Caroni,1.5,-0.87,No
3/1/2025 3:00,CR-004,01-03-2025 03-00-00-CR-004,10.609654,-61.395995,Mid Caroni,1.9,-0.91,No
3/1/2025 3:00,CR-005,01-03-2025 03-00-00-CR-005,10.606111,-61.374422,Mid Lower Caroni,2.61,-0.44,No
3/1/2025 3:00,CR-006,01-03-2025 03-00-00-CR-006,10.582769,-61.341406,Lower Caroni,2.25,-1.32,No
3/1/2025 3:00,CR-007,01-03-2025 03-00-00-CR-007,10.578663,-61.291224,Caroni Swamp Entrance,2.95,-0.42,No
3/1/2025 3:00,CR-008,01-03-2025 03-00-00-CR-008,10.5799,-61.255061,Caroni River Mouth,2.86,-1,No
3/1/2025 4:00,CR-001,01-03-2025 04-00-00-CR-001,10.62038,-61.466257,Caroni Source,2.76,0.31,No
3/1/2025 4:00,CR-002,01-03-2025 04-00-00-CR-002,10.617247,-61.43931,Early Caroni,2.95,1.13,No
3/1/2025 4:00,CR-003,01-03-2025 04-00-00-CR-003,10.616628,-61.420142,Mid Upper Caroni,3.48,1.98,No
3/1/2025 4:00,CR-004,01-03-2025 04-00-00-CR-004,10.609654,-61.395995,Mid Caroni,1.81,-0.09,No
3/1/2025 4:00,CR-005,01-03-2025 04-00-00-CR-005,10.606111,-61.374422,Mid Lower Caroni,2.56,-0.05,No
3/1/2025 4:00,CR-006,01-03-2025 04-00-00-CR-006,10.582769,-61.341406,Lower Caroni,2.11,-0.14,No
3/1/2025 4:00,CR-007,01-03-2025 04-00-00-CR-007,10.578663,-61.291224,Caroni Swamp Entrance,2.01,-0.94,No
3/1/2025 4:00,CR-008,01-03-2025 04-00-00-CR-008,10.5799,-61.255061,Caroni River Mouth,3.83,0.97,Yes
3/1/2025 5:00,CR-001,01-03-2025 05-00-00-CR-001,10.62038,-61.466257,Caroni Source,2.07,-0.69,No
3/1/2025 5:00,CR-002,01-03-2025 05-00-00-CR-002,10.617247,-61.43931,Early Caroni,2.43,-0.52,No
3/1/2025 5:00,CR-003,01-03-2025 05-00-00-CR-003,10.616628,-61.420142,Mid Upper Caroni,2.55,-0.93,No
3/1/2025 5:00,CR-004,01-03-2025 05-00-00-CR-004,10.609654,-61.395995,Mid Caroni,2.88,1.07,No
3/1/2025 5:00,CR-005,01-03-2025 05-00-00-CR-005,10.606111,-61.374422,Mid Lower Caroni,2.44,-0.12,No
3/1/2025 5:00,CR-006,01-03-2025 05-00-00-CR-006,10.582769,-61.341406,Lower Caroni,3.74,1.63,No
3/1/2025 5:00,CR-007,01-03-2025 05-00-00-CR-007,10.578663,-61.291224,Caroni Swamp Entrance,2.38,0.37,No
3/1/2025 5:00,CR-008,01-03-2025 05-00-00-CR-008,10.5799,-61.255061,Caroni River Mouth,2.2,-1.63,No
3/1/2025 6:00,CR-001,01-03-2025 06-00-00-CR-001,10.62038,-61.466257,Caroni Source,2.76,0.69,No
3/1/2025 6:00,CR-002,01-03-2025 06-00-00-CR-002,10.617247,-61.43931,Early Caroni,3.93,1.5,Yes
3/1/2025 6:00,CR-003,01-03-2025 06-00-00-CR-003,10.616628,-61.420142,Mid Upper Caroni,3.02,0.47,No
3/1/2025 6:00,CR-004,01-03-2025 06-00-00-CR-004,10.609654,-61.395995,Mid Caroni,1.89,-0.99,No
3/1/2025 6:00,CR-005,01-03-2025 06-00-00-CR-005,10.606111,-61.374422,Mid Lower Caroni,3.41,0.97,No
3/1/2025 6:00,CR-006,01-03-2025 06-00-00-CR-006,10.582769,-61.341406,Lower Caroni,2.46,-1.28,No
3/1/2025 6:00,CR-007,01-03-2025 06-00-00-CR-007,10.578663,-61.291224,Caroni Swamp Entrance,3.25,0.87,No
3/1/2025 6:00,CR-008,01-03-2025 06-00-00-CR-008,10.5799,-61.255061,Caroni River Mouth,2.61,0.41,No
3/1/2025 7:00,CR-001,01-03-2025 07-00-00-CR-001,10.62038,-61.466257,Caroni Source,2.1,-0.66,No
3/1/2025 7:00,CR-002,01-03-2025 07-00-00-CR-002,10.617247,-61.43931,Early Caroni,2.66,-1.27,No
3/1/2025 7:00,CR-003,01-03-2025 07-00-00-CR-003,10.616628,-61.420142,Mid Upper Caroni,2.87,-0.15,No
3/1/2025 7:00,CR-004,01-03-2025 07-00-00-CR-004,10.609654,-61.395995,Mid Caroni,2.71,0.82,No
3/1/2025 7:00,CR-005,01-03-2025 07-00-00-CR-005,10.606111,-61.374422,Mid Lower Caroni,3.53,0.12,No
3/1/2025 7:00,CR-006,01-03-2025 07-00-00-CR-006,10.582769,-61.341406,Lower Caroni,3.86,1.4,Yes
3/1/2025 7:00,CR-007,01-03-2025 07-00-00-CR-007,10.578663,-61.291224,Caroni Swamp Entrance,3.74,0.49,No
3/1/2025 7:00,CR-008,01-03-2025 07-00-00-CR-008,10.5799,-61.255061,Caroni River Mouth,3.84,1.23,Yes
3/1/2025 8:00,CR-001,01-03-2025 08-00-00-CR-001,10.62038,-61.466257,Caroni Source,1.73,-0.37,No
3/1/2025 8:00,CR-002,01-03-2025 08-00-00-CR-002,10.617247,-61.43931,Early Caroni,1.65,-1.01,No
3/1/2025 8:00,CR-003,01-03-2025 08-00-00-CR-003,10.616628,-61.420142,Mid Upper Caroni,2.99,0.12,No
3/1/2025 8:00,CR-004,01-03-2025 08-00-00-CR-004,10.609654,-61.395995,Mid Caroni,1.98,-0.73,No
3/1/2025 8:00,CR-005,01-03-2025 08-00-00-CR-005,10.606111,-61.374422,Mid Lower Caroni,1.65,-1.88,No
3/1/2025 8:00,CR-006,01-03-2025 08-00-00-CR-006,10.582769,-61.341406,Lower Caroni,1.65,-2.21,No
3/1/2025 8:00,CR-007,01-03-2025 08-00-00-CR-007,10.578663,-61.291224,Caroni Swamp Entrance,2.46,-1.28,No
3/1/2025 8:00,CR-008,01-03-2025 08-00-00-CR-008,10.5799,-61.255061,Caroni River Mouth,3.43,-0.41,No
3/1/2025 9:00,CR-001,01-03-2025 09-00-00-CR-001,10.62038,-61.466257,Caroni Source,2.5,0.77,No
3/1/2025 9:00,CR-002,01-03-2025 09-00-00-CR-002,10.617247,-61.43931,Early Caroni,3.41,1.76,No
3/1/2025 9:00,CR-003,01-03-2025 09-00-00-CR-003,10.616628,-61.420142,Mid Upper Caroni,2.14,-0.85,No
3/1/2025 9:00,CR-004,01-03-2025 09-00-00-CR-004,10.609654,-61.395995,Mid Caroni,1.96,-0.02,No
3/1/2025 9:00,CR-005,01-03-2025 09-00-00-CR-005,10.606111,-61.374422,Mid Lower Caroni,2.01,0.36,No
3/1/2025 9:00,CR-006,01-03-2025 09-00-00-CR-006,10.582769,-61.341406,Lower Caroni,2.65,1,No
3/1/2025 9:00,CR-007,01-03-2025 09-00-00-CR-007,10.578663,-61.291224,Caroni Swamp Entrance,2.18,-0.28,No
3/1/2025 9:00,CR-008,01-03-2025 09-00-00-CR-008,10.5799,-61.255061,Caroni River Mouth,3.48,0.05,No
3/1/2025 10:00,CR-001,01-03-2025 10-00-00-CR-001,10.62038,-61.466257,Caroni Source,3.12,0.62,No
3/1/2025 10:00,CR-002,01-03-2025 10-00-00-CR-002,10.617247,-61.43931,Early Caroni,2.89,-0.52,No
3/1/2025 10:00,CR-003,01-03-2025 10-00-00-CR-003,10.616628,-61.420142,Mid Upper Caroni,3.47,1.33,No
3/1/2025 10:00,CR-004,01-03-2025 10-00-00-CR-004,10.609654,-61.395995,Mid Caroni,1.97,0.01,No
3/1/2025 10:00,CR-005,01-03-2025 10-00-00-CR-005,10.606111,-61.374422,Mid Lower Caroni,2.13,0.12,No
3/1/2025 10:00,CR-006,01-03-2025 10-00-00-CR-006,10.582769,-61.341406,Lower Caroni,3.37,0.72,No
3/1/2025 10:00,CR-007,01-03-2025 10-00-00-CR-007,10.578663,-61.291224,Caroni Swamp Entrance,3.13,0.95,No
3/1/2025 10:00,CR-008,01-03-2025 10-00-00-CR-008,10.5799,-61.255061,Caroni River Mouth,3.73,0.25,No
3/1/2025 11:00,CR-001,01-03-2025 11-00-00-CR-001,10.62038,-61.466257,Caroni Source,2.28,-0.84,No
3/1/2025 11:00,CR-002,01-03-2025 11-00-00-CR-002,10.617247,-61.43931,Early Caroni,3.19,0.3,No
3/1/2025 11:00,CR-003,01-03-2025 11-00-00-CR-003,10.616628,-61.420142,Mid Upper Caroni,3.47,0,No
3/1/2025 11:00,CR-004,01-03-2025 11-00-00-CR-004,10.609654,-61.395995,Mid Caroni,3.21,1.24,No
3/1/2025 11:00,CR-005,01-03-2025 11-00-00-CR-005,10.606111,-61.374422,Mid Lower Caroni,3.96,1.83,Yes
3/1/2025 11:00,CR-006,01-03-2025 11-00-00-CR-006,10.582769,-61.341406,Lower Caroni,1.54,-1.83,No
3/1/2025 11:00,CR-007,01-03-2025 11-00-00-CR-007,10.578663,-61.291224,Caroni Swamp Entrance,3.19,0.06,No
3/1/2025 11:00,CR-008,01-03-2025 11-00-00-CR-008,10.5799,-61.255061,Caroni River Mouth,2.33,-1.4,No
3/1/2025 12:00,CR-001,01-03-2025 12-00-00-CR-001,10.62038,-61.466257,Caroni Source,2.39,0.11,No
3/1/2025 12:00,CR-002,01-03-2025 12-00-00-CR-002,10.617247,-61.43931,Early Caroni,2.32,-0.87,No
3/1/2025 12:00,CR-003,01-03-2025 12-00-00-CR-003,10.616628,-61.420142,Mid Upper Caroni,2.05,-1.42,No
3/1/2025 12:00,CR-004,01-03-2025 12-00-00-CR-004,10.609654,-61.395995,Mid Caroni,2.13,-1.08,No
3/1/2025 12:00,CR-005,01-03-2025 12-00-00-CR-005,10.606111,-61.374422,Mid Lower Caroni,1.91,-2.05,No
3/1/2025 12:00,CR-006,01-03-2025 12-00-00-CR-006,10.582769,-61.341406,Lower Caroni,1.84,0.3,No
3/1/2025 12:00,CR-007,01-03-2025 12-00-00-CR-007,10.578663,-61.291224,Caroni Swamp Entrance,2.4,-0.79,No
3/1/2025 12:00,CR-008,01-03-2025 12-00-00-CR-008,10.5799,-61.255061,Caroni River Mouth,3.33,1,No
3/1/2025 13:00,CR-001,01-03-2025 13-00-00-CR-001,10.62038,-61.466257,Caroni Source,2.62,0.23,No
3/1/2025 13:00,CR-002,01-03-2025 13-00-00-CR-002,10.617247,-61.43931,Early Caroni,3.11,0.79,No
3/1/2025 13:00,CR-003,01-03-2025 13-00-00-CR-003,10.616628,-61.420142,Mid Upper Caroni,2.53,0.48,No
3/1/2025 13:00,CR-004,01-03-2025 13-00-00-CR-004,10.609654,-61.395995,Mid Caroni,3.14,1.01,No
3/1/2025 13:00,CR-005,01-03-2025 13-00-00-CR-005,10.606111,-61.374422,Mid Lower Caroni,2.07,0.16,No
3/1/2025 13:00,CR-006,01-03-2025 13-00-00-CR-006,10.582769,-61.341406,Lower Caroni,2.78,0.94,No
3/1/2025 13:00,CR-007,01-03-2025 13-00-00-CR-007,10.578663,-61.291224,Caroni Swamp Entrance,2.61,0.21,No
3/1/2025 13:00,CR-008,01-03-2025 13-00-00-CR-008,10.5799,-61.255061,Caroni River Mouth,2.81,-0.52,No
3/1/2025 14:00,CR-001,01-03-2025 14-00-00-CR-001,10.62038,-61.466257,Caroni Source,3.18,0.56,No
3/1/2025 14:00,CR-002,01-03-2025 14-00-00-CR-002,10.617247,-61.43931,Early Caroni,3.21,0.1,No
3/1/2025 14:00,CR-003,01-03-2025 14-00-00-CR-003,10.616628,-61.420142,Mid Upper Caroni,3.59,1.06,No
3/1/2025 14:00,CR-004,01-03-2025 14-00-00-CR-004,10.609654,-61.395995,Mid Caroni,3.36,0.22,No
3/1/2025 14:00,CR-005,01-03-2025 14-00-00-CR-005,10.606111,-61.374422,Mid Lower Caroni,3.22,1.15,No
3/1/2025 14:00,CR-006,01-03-2025 14-00-00-CR-006,10.582769,-61.341406,Lower Caroni,3.6,0.82,No
3/1/2025 14:00,CR-007,01-03-2025 14-00-00-CR-007,10.578663,-61.291224,Caroni Swamp Entrance,2.94,0.33,No
3/1/2025 14:00,CR-008,01-03-2025 14-00-00-CR-008,10.5799,-61.255061,Caroni River Mouth,3.27,0.46,No
3/1/2025 15:00,CR-001,01-03-2025 15-00-00-CR-001,10.62038,-61.466257,Caroni Source,3.63,0.45,No
3/1/2025 15:00,CR-002,01-03-2025 15-00-00-CR-002,10.617247,-61.43931,Early Caroni,2.68,-0.53,No
3/1/2025 15:00,CR-003,01-03-2025 15-00-00-CR-003,10.616628,-61.420142,Mid Upper Caroni,2.45,-1.14,No
3/1/2025 15:00,CR-004,01-03-2025 15-00-00-CR-004,10.609654,-61.395995,Mid Caroni,2.14,-1.22,No
3/1/2025 15:00,CR-005,01-03-2025 15-00-00-CR-005,10.606111,-61.374422,Mid Lower Caroni,3.24,0.02,No
3/1/2025 15:00,CR-006,01-03-2025 15-00-00-CR-006,10.582769,-61.341406,Lower Caroni,3.26,-0.34,No
3/1/2025 15:00,CR-007,01-03-2025 15-00-00-CR-007,10.578663,-61.291224,Caroni Swamp Entrance,2.73,-0.21,No
3/1/2025 15:00,CR-008,01-03-2025 15-00-00-CR-008,10.5799,-61.255061,Caroni River Mouth,1.86,-1.41,No
3/1/2025 16:00,CR-001,01-03-2025 16-00-00-CR-001,10.62038,-61.466257,Caroni Source,3.43,-0.2,No
3/1/2025 16:00,CR-002,01-03-2025 16-00-00-CR-002,10.617247,-61.43931,Early Caroni,3.13,0.45,No
3/1/2025 16:00,CR-003,01-03-2025 16-00-00-CR-003,10.616628,-61.420142,Mid Upper Caroni,3.28,0.83,No
3/1/2025 16:00,CR-004,01-03-2025 16-00-00-CR-004,10.609654,-61.395995,Mid Caroni,3.19,1.05,No
3/1/2025 16:00,CR-005,01-03-2025 16-00-00-CR-005,10.606111,-61.374422,Mid Lower Caroni,3.21,-0.03,No
3/1/2025 16:00,CR-006,01-03-2025 16-00-00-CR-006,10.582769,-61.341406,Lower Caroni,3.73,0.47,No
3/1/2025 16:00,CR-007,01-03-2025 16-00-00-CR-007,10.578663,-61.291224,Caroni Swamp Entrance,3.67,0.94,No
3/1/2025 16:00,CR-008,01-03-2025 16-00-00-CR-008,10.5799,-61.255061,Caroni River Mouth,1.52,-0.34,No
3/1/2025 17:00,CR-001,01-03-2025 17-00-00-CR-001,10.62038,-61.466257,Caroni Source,1.97,-1.46,No
3/1/2025 17:00,CR-002,01-03-2025 17-00-00-CR-002,10.617247,-61.43931,Early Caroni,3.76,0.63,No
3/1/2025 17:00,CR-003,01-03-2025 17-00-00-CR-003,10.616628,-61.420142,Mid Upper Caroni,2.51,-0.77,No
3/1/2025 17:00,CR-004,01-03-2025 17-00-00-CR-004,10.609654,-61.395995,Mid Caroni,3.87,0.68,Yes
3/1/2025 17:00,CR-005,01-03-2025 17-00-00-CR-005,10.606111,-61.374422,Mid Lower Caroni,1.53,-1.68,No
3/1/2025 17:00,CR-006,01-03-2025 17-00-00-CR-006,10.582769,-61.341406,Lower Caroni,1.66,-2.07,No
3/1/2025 17:00,CR-007,01-03-2025 17-00-00-CR-007,10.578663,-61.291224,Caroni Swamp Entrance,1.87,-1.8,No
3/1/2025 17:00,CR-008,01-03-2025 17-00-00-CR-008,10.5799,-61.255061,Caroni River Mouth,3.81,2.29,Yes
3/1/2025 18:00,CR-001,01-03-2025 18-00-00-CR-001,10.62038,-61.466257,Caroni Source,1.5,-0.47,No
3/1/2025 18:00,CR-002,01-03-2025 18-00-00-CR-002,10.617247,-61.43931,Early Caroni,3.9,0.14,Yes
3/1/2025 18:00,CR-003,01-03-2025 18-00-00-CR-003,10.616628,-61.420142,Mid Upper Caroni,3.25,0.74,No
3/1/2025 18:00,CR-004,01-03-2025 18-00-00-CR-004,10.609654,-61.395995,Mid Caroni,2.87,-1,No
3/1/2025 18:00,CR-005,01-03-2025 18-00-00-CR-005,10.606111,-61.374422,Mid Lower Caroni,3.05,1.52,No
3/1/2025 18:00,CR-006,01-03-2025 18-00-00-CR-006,10.582769,-61.341406,Lower Caroni,2.93,1.27,No
3/1/2025 18:00,CR-007,01-03-2025 18-00-00-CR-007,10.578663,-61.291224,Caroni Swamp Entrance,2.65,0.78,No
3/1/2025 18:00,CR-008,01-03-2025 18-00-00-CR-008,10.5799,-61.255061,Caroni River Mouth,3.06,-0.75,No
3/1/2025 19:00,CR-001,01-03-2025 19-00-00-CR-001,10.62038,-61.466257,Caroni Source,2.24,0.74,No
3/1/2025 19:00,CR-002,01-03-2025 19-00-00-CR-002,10.617247,-61.43931,Early Caroni,2.46,-1.44,No
3/1/2025 19:00,CR-003,01-03-2025 19-00-00-CR-003,10.616628,-61.420142,Mid Upper Caroni,1.9,-1.35,No
3/1/2025 19:00,CR-004,01-03-2025 19-00-00-CR-004,10.609654,-61.395995,Mid Caroni,1.77,-1.1,No
3/1/2025 19:00,CR-005,01-03-2025 19-00-00-CR-005,10.606111,-61.374422,Mid Lower Caroni,3.85,0.8,Yes
3/1/2025 19:00,CR-006,01-03-2025 19-00-00-CR-006,10.582769,-61.341406,Lower Caroni,2.01,-0.92,No
3/1/2025 19:00,CR-007,01-03-2025 19-00-00-CR-007,10.578663,-61.291224,Caroni Swamp Entrance,1.56,-1.09,No
3/1/2025 19:00,CR-008,01-03-2025 19-00-00-CR-008,10.5799,-61.255061,Caroni River Mouth,3.08,0.02,No
3/1/2025 20:00,CR-001,01-03-2025 20-00-00-CR-001,10.62038,-61.466257,Caroni Source,3.01,0.77,No
3/1/2025 20:00,CR-002,01-03-2025 20-00-00-CR-002,10.617247,-61.43931,Early Caroni,3.54,1.08,No
3/1/2025 20:00,CR-003,01-03-2025 20-00-00-CR-003,10.616628,-61.420142,Mid Upper Caroni,3.99,2.09,Yes
3/1/2025 20:00,CR-004,01-03-2025 20-00-00-CR-004,10.609654,-61.395995,Mid Caroni,2.94,1.17,No
3/1/2025 20:00,CR-005,01-03-2025 20-00-00-CR-005,10.606111,-61.374422,Mid Lower Caroni,3.38,-0.47,No
3/1/2025 20:00,CR-006,01-03-2025 20-00-00-CR-006,10.582769,-61.341406,Lower Caroni,2.76,0.75,No
3/1/2025 20:00,CR-007,01-03-2025 20-00-00-CR-007,10.578663,-61.291224,Caroni Swamp Entrance,1.94,0.38,No
3/1/2025 20:00,CR-008,01-03-2025 20-00-00-CR-008,10.5799,-61.255061,Caroni River Mouth,2.18,-0.9,No
3/1/2025 21:00,CR-001,01-03-2025 21-00-00-CR-001,10.62038,-61.466257,Caroni Source,3.05,0.04,No
3/1/2025 21:00,CR-002,01-03-2025 21-00-00-CR-002,10.617247,-61.43931,Early Caroni,3.41,-0.13,No
3/1/2025 21:00,CR-003,01-03-2025 21-00-00-CR-003,10.616628,-61.420142,Mid Upper Caroni,2.45,-1.54,No
3/1/2025 21:00,CR-004,01-03-2025 21-00-00-CR-004,10.609654,-61.395995,Mid Caroni,2.21,-0.73,No
3/1/2025 21:00,CR-005,01-03-2025 21-00-00-CR-005,10.606111,-61.374422,Mid Lower Caroni,3.66,0.28,No
3/1/2025 21:00,CR-006,01-03-2025 21-00-00-CR-006,10.582769,-61.341406,Lower Caroni,3.87,1.11,Yes
3/1/2025 21:00,CR-007,01-03-2025 21-00-00-CR-007,10.578663,-61.291224,Caroni Swamp Entrance,3.19,1.25,No
3/1/2025 21:00,CR-008,01-03-2025 21-00-00-CR-008,10.5799,-61.255061,Caroni River Mouth,3.55,1.37,No
3/1/2025 22:00,CR-001,01-03-2025 22-00-00-CR-001,10.62038,-61.466257,Caroni Source,3.8,0.75,No
3/1/2025 22:00,CR-002,01-03-2025 22-00-00-CR-002,10.617247,-61.43931,Early Caroni,3.27,-0.14,No
3/1/2025 22:00,CR-003,01-03-2025 22-00-00-CR-003,10.616628,-61.420142,Mid Upper Caroni,2.48,0.03,No
3/1/2025 22:00,CR-004,01-03-2025 22-00-00-CR-004,10.609654,-61.395995,Mid Caroni,3.19,0.98,No
3/1/2025 22:00,CR-005,01-03-2025 22-00-00-CR-005,10.606111,-61.374422,Mid Lower Caroni,3.39,-0.27,No
3/1/2025 22:00,CR-006,01-03-2025 22-00-00-CR-006,10.582769,-61.341406,Lower Caroni,1.7,-2.17,No
3/1/2025 22:00,CR-007,01-03-2025 22-00-00-CR-007,10.578663,-61.291224,Caroni Swamp Entrance,1.59,-1.6,No
3/1/2025 22:00,CR-008,01-03-2025 22-00-00-CR-008,10.5799,-61.255061,Caroni River Mouth,2.46,-1.09,No
3/1/2025 23:00,CR-001,01-03-2025 23-00-00-CR-001,10.62038,-61.466257,Caroni Source,2.19,-1.61,No
3/1/2025 23:00,CR-002,01-03-2025 23-00-00-CR-002,10.617247,-61.43931,Early Caroni,3.82,0.55,Yes
3/1/2025 23:00,CR-003,01-03-2025 23-00-00-CR-003,10.616628,-61.420142,Mid Upper Caroni,3.3,0.82,No
3/1/2025 23:00,CR-004,01-03-2025 23-00-00-CR-004,10.609654,-61.395995,Mid Caroni,1.75,-1.44,No
3/1/2025 23:00,CR-005,01-03-2025 23-00-00-CR-005,10.606111,-61.374422,Mid Lower Caroni,3.01,-0.38,No
3/1/2025 23:00,CR-006,01-03-2025 23-00-00-CR-006,10.582769,-61.341406,Lower Caroni,3.83,2.13,Yes
3/1/2025 23:00,CR-007,01-03-2025 23-00-00-CR-007,10.578663,-61.291224,Caroni Swamp Entrance,1.99,0.4,No
3/1/2025 23:00,CR-008,01-03-2025 23-00-00-CR-008,10.5799,-61.255061,Caroni River Mouth,2.89,0.43,No
3/2/2025 0:00,CR-001,02-03-2025 00-00-00-CR-001,10.62038,-61.466257,Caroni Source,3.03,0.84,No
3/2/2025 0:00,CR-002,02-03-2025 00-00-00-CR-002,10.617247,-61.43931,Early Caroni,1.64,-2.18,No
3/2/2025 0:00,CR-003,02-03-2025 00-00-00-CR-003,10.616628,-61.420142,Mid Upper Caroni,2.06,-1.24,No
3/2/2025 0:00,CR-004,02-03-2025 00-00-00-CR-004,10.609654,-61.395995,Mid Caroni,3.24,1.49,No
3/2/2025 0:00,CR-005,02-03-2025 00-00-00-CR-005,10.606111,-61.374422,Mid Lower Caroni,2.68,-0.33,No
3/2/2025 0:00,CR-006,02-03-2025 00-00-00-CR-006,10.582769,-61.341406,Lower Caroni,2.48,-1.35,No
3/2/2025 0:00,CR-007,02-03-2025 00-00-00-CR-007,10.578663,-61.291224,Caroni Swamp Entrance,2.46,0.47,No
3/2/2025 0:00,CR-008,02-03-2025 00-00-00-CR-008,10.5799,-61.255061,Caroni River Mouth,2.04,-0.85,No
3/2/2025 1:00,CR-001,02-03-2025 01-00-00-CR-001,10.62038,-61.466257,Caroni Source,3.74,0.71,No
3/2/2025 1:00,CR-002,02-03-2025 01-00-00-CR-002,10.617247,-61.43931,Early Caroni,3.75,2.11,No
3/2/2025 1:00,CR-003,02-03-2025 01-00-00-CR-003,10.616628,-61.420142,Mid Upper Caroni,2.01,-0.05,No
3/2/2025 1:00,CR-004,02-03-2025 01-00-00-CR-004,10.609654,-61.395995,Mid Caroni,3.77,0.53,No
3/2/2025 1:00,CR-005,02-03-2025 01-00-00-CR-005,10.606111,-61.374422,Mid Lower Caroni,1.56,-1.12,No
3/2/2025 1:00,CR-006,02-03-2025 01-00-00-CR-006,10.582769,-61.341406,Lower Caroni,2.04,-0.44,No
3/2/2025 1:00,CR-007,02-03-2025 01-00-00-CR-007,10.578663,-61.291224,Caroni Swamp Entrance,3.7,1.24,No
3/2/2025 1:00,CR-008,02-03-2025 01-00-00-CR-008,10.5799,-61.255061,Caroni River Mouth,2.7,0.66,No
3/2/2025 2:00,CR-001,02-03-2025 02-00-00-CR-001,10.62038,-61.466257,Caroni Source,1.65,-2.09,No
3/2/2025 2:00,CR-002,02-03-2025 02-00-00-CR-002,10.617247,-61.43931,Early Caroni,2.86,-0.89,No
3/2/2025 2:00,CR-003,02-03-2025 02-00-00-CR-003,10.616628,-61.420142,Mid Upper Caroni,2.19,0.18,No
3/2/2025 2:00,CR-004,02-03-2025 02-00-00-CR-004,10.609654,-61.395995,Mid Caroni,3.31,-0.46,No
3/2/2025 2:00,CR-005,02-03-2025 02-00-00-CR-005,10.606111,-61.374422,Mid Lower Caroni,3.55,1.99,No
3/2/2025 2:00,CR-006,02-03-2025 02-00-00-CR-006,10.582769,-61.341406,Lower Caroni,3.59,1.55,No
3/2/2025 2:00,CR-007,02-03-2025 02-00-00-CR-007,10.578663,-61.291224,Caroni Swamp Entrance,2.64,-1.06,No
3/2/2025 2:00,CR-008,02-03-2025 02-00-00-CR-008,10.5799,-61.255061,Caroni River Mouth,1.76,-0.94,No
3/2/2025 3:00,CR-001,02-03-2025 03-00-00-CR-001,10.62038,-61.466257,Caroni Source,2,0.35,No
3/2/2025 3:00,CR-002,02-03-2025 03-00-00-CR-002,10.617247,-61.43931,Early Caroni,3.78,0.92,No
3/2/2025 3:00,CR-003,02-03-2025 03-00-00-CR-003,10.616628,-61.420142,Mid Upper Caroni,1.71,-0.48,No
3/2/2025 3:00,CR-004,02-03-2025 03-00-00-CR-004,10.609654,-61.395995,Mid Caroni,1.77,-1.54,No
3/2/2025 3:00,CR-005,02-03-2025 03-00-00-CR-005,10.606111,-61.374422,Mid Lower Caroni,3.48,-0.07,No
3/2/2025 3:00,CR-006,02-03-2025 03-00-00-CR-006,10.582769,-61.341406,Lower Caroni,3.06,-0.53,No
3/2/2025 3:00,CR-007,02-03-2025 03-00-00-CR-007,10.578663,-61.291224,Caroni Swamp Entrance,2.79,0.15,No
3/2/2025 3:00,CR-008,02-03-2025 03-00-00-CR-008,10.5799,-61.255061,Caroni River Mouth,1.68,-0.08,No
3/2/2025 4:00,CR-001,02-03-2025 04-00-00-CR-001,10.62038,-61.466257,Caroni Source,2.87,0.87,No
3/2/2025 4:00,CR-002,02-03-2025 04-00-00-CR-002,10.617247,-61.43931,Early Caroni,3.48,-0.3,No
3/2/2025 4:00,CR-003,02-03-2025 04-00-00-CR-003,10.616628,-61.420142,Mid Upper Caroni,3.51,1.8,No
3/2/2025 4:00,CR-004,02-03-2025 04-00-00-CR-004,10.609654,-61.395995,Mid Caroni,1.79,0.02,No
3/2/2025 4:00,CR-005,02-03-2025 04-00-00-CR-005,10.606111,-61.374422,Mid Lower Caroni,2.75,-0.73,No
3/2/2025 4:00,CR-006,02-03-2025 04-00-00-CR-006,10.582769,-61.341406,Lower Caroni,3.42,0.36,No
3/2/2025 4:00,CR-007,02-03-2025 04-00-00-CR-007,10.578663,-61.291224,Caroni Swamp Entrance,3.62,0.83,No
3/2/2025 4:00,CR-008,02-03-2025 04-00-00-CR-008,10.5799,-61.255061,Caroni River Mouth,3.6,1.92,No
3/2/2025 5:00,CR-001,02-03-2025 05-00-00-CR-001,10.62038,-61.466257,Caroni Source,3.66,0.79,No
3/2/2025 5:00,CR-002,02-03-2025 05-00-00-CR-002,10.617247,-61.43931,Early Caroni,2.67,-0.81,No
3/2/2025 5:00,CR-003,02-03-2025 05-00-00-CR-003,10.616628,-61.420142,Mid Upper Caroni,3.86,0.35,Yes
3/2/2025 5:00,CR-004,02-03-2025 05-00-00-CR-004,10.609654,-61.395995,Mid Caroni,2.36,0.57,No
3/2/2025 5:00,CR-005,02-03-2025 05-00-00-CR-005,10.606111,-61.374422,Mid Lower Caroni,2.56,-0.19,No
3/2/2025 5:00,CR-006,02-03-2025 05-00-00-CR-006,10.582769,-61.341406,Lower Caroni,2.75,-0.67,No
3/2/2025 5:00,CR-007,02-03-2025 05-00-00-CR-007,10.578663,-61.291224,Caroni Swamp Entrance,2.57,-1.05,No
3/2/2025 5:00,CR-008,02-03-2025 05-00-00-CR-008,10.5799,-61.255061,Caroni River Mouth,2.77,-0.83,No
3/2/2025 6:00,CR-001,02-03-2025 06-00-00-CR-001,10.62038,-61.466257,Caroni Source,1.86,-1.8,No
3/2/2025 6:00,CR-002,02-03-2025 06-00-00-CR-002,10.617247,-61.43931,Early Caroni,2.47,-0.2,No
3/2/2025 6:00,CR-003,02-03-2025 06-00-00-CR-003,10.616628,-61.420142,Mid Upper Caroni,2.34,-1.52,No
3/2/2025 6:00,CR-004,02-03-2025 06-00-00-CR-004,10.609654,-61.395995,Mid Caroni,2.14,-0.22,No
3/2/2025 6:00,CR-005,02-03-2025 06-00-00-CR-005,10.606111,-61.374422,Mid Lower Caroni,2.84,0.28,No
3/2/2025 6:00,CR-006,02-03-2025 06-00-00-CR-006,10.582769,-61.341406,Lower Caroni,2.03,-0.72,No
3/2/2025 6:00,CR-007,02-03-2025 06-00-00-CR-007,10.578663,-61.291224,Caroni Swamp Entrance,2.76,0.19,No
3/2/2025 6:00,CR-008,02-03-2025 06-00-00-CR-008,10.5799,-61.255061,Caroni River Mouth,3.48,0.71,No
3/2/2025 7:00,CR-001,02-03-2025 07-00-00-CR-001,10.62038,-61.466257,Caroni Source,1.77,-0.09,No
3/2/2025 7:00,CR-002,02-03-2025 07-00-00-CR-002,10.617247,-61.43931,Early Caroni,1.67,-0.8,No
3/2/2025 7:00,CR-003,02-03-2025 07-00-00-CR-003,10.616628,-61.420142,Mid Upper Caroni,2.8,0.46,No
3/2/2025 7:00,CR-004,02-03-2025 07-00-00-CR-004,10.609654,-61.395995,Mid Caroni,2.9,0.76,No
3/2/2025 7:00,CR-005,02-03-2025 07-00-00-CR-005,10.606111,-61.374422,Mid Lower Caroni,3.46,0.62,No
3/2/2025 7:00,CR-006,02-03-2025 07-00-00-CR-006,10.582769,-61.341406,Lower Caroni,3.09,1.06,No
3/2/2025 7:00,CR-007,02-03-2025 07-00-00-CR-007,10.578663,-61.291224,Caroni Swamp Entrance,3.7,0.94,No
3/2/2025 7:00,CR-008,02-03-2025 07-00-00-CR-008,10.5799,-61.255061,Caroni River Mouth,2.17,-1.31,No
3/2/2025 8:00,CR-001,02-03-2025 08-00-00-CR-001,10.62038,-61.466257,Caroni Source,3.26,1.49,No
3/2/2025 8:00,CR-002,02-03-2025 08-00-00-CR-002,10.617247,-61.43931,Early Caroni,2.8,1.13,No
3/2/2025 8:00,CR-003,02-03-2025 08-00-00-CR-003,10.616628,-61.420142,Mid Upper Caroni,3.74,0.94,No
3/2/2025 8:00,CR-004,02-03-2025 08-00-00-CR-004,10.609654,-61.395995,Mid Caroni,3.41,0.51,No
3/2/2025 8:00,CR-005,02-03-2025 08-00-00-CR-005,10.606111,-61.374422,Mid Lower Caroni,1.83,-1.63,No
3/2/2025 8:00,CR-006,02-03-2025 08-00-00-CR-006,10.582769,-61.341406,Lower Caroni,2.62,-0.47,No
3/2/2025 8:00,CR-007,02-03-2025 08-00-00-CR-007,10.578663,-61.291224,Caroni Swamp Entrance,3.74,0.04,No
3/2/2025 8:00,CR-008,02-03-2025 08-00-00-CR-008,10.5799,-61.255061,Caroni River Mouth,1.55,-0.62,No
3/2/2025 9:00,CR-001,02-03-2025 09-00-00-CR-001,10.62038,-61.466257,Caroni Source,3.77,0.51,No
3/2/2025 9:00,CR-002,02-03-2025 09-00-00-CR-002,10.617247,-61.43931,Early Caroni,2.08,-0.72,No
3/2/2025 9:00,CR-003,02-03-2025 09-00-00-CR-003,10.616628,-61.420142,Mid Upper Caroni,1.66,-2.08,No
3/2/2025 9:00,CR-004,02-03-2025 09-00-00-CR-004,10.609654,-61.395995,Mid Caroni,3.92,0.51,Yes
3/2/2025 9:00,CR-005,02-03-2025 09-00-00-CR-005,10.606111,-61.374422,Mid Lower Caroni,2.17,0.34,No
3/2/2025 9:00,CR-006,02-03-2025 09-00-00-CR-006,10.582769,-61.341406,Lower Caroni,3.86,1.24,Yes
3/2/2025 9:00,CR-007,02-03-2025 09-00-00-CR-007,10.578663,-61.291224,Caroni Swamp Entrance,2.8,-0.94,No
3/2/2025 9:00,CR-008,02-03-2025 09-00-00-CR-008,10.5799,-61.255061,Caroni River Mouth,1.65,0.1,No
3/2/2025 10:00,CR-001,02-03-2025 10-00-00-CR-001,10.62038,-61.466257,Caroni Source,1.62,-2.15,No
3/2/2025 10:00,CR-002,02-03-2025 10-00-00-CR-002,10.617247,-61.43931,Early Caroni,1.95,-0.13,No
3/2/2025 10:00,CR-003,02-03-2025 10-00-00-CR-003,10.616628,-61.420142,Mid Upper Caroni,2.84,1.18,No
3/2/2025 10:00,CR-004,02-03-2025 10-00-00-CR-004,10.609654,-61.395995,Mid Caroni,3.4,-0.52,No
3/2/2025 10:00,CR-005,02-03-2025 10-00-00-CR-005,10.606111,-61.374422,Mid Lower Caroni,1.68,-0.49,No
3/2/2025 10:00,CR-006,02-03-2025 10-00-00-CR-006,10.582769,-61.341406,Lower Caroni,3,-0.86,No
3/2/2025 10:00,CR-007,02-03-2025 10-00-00-CR-007,10.578663,-61.291224,Caroni Swamp Entrance,3.83,1.03,Yes
3/2/2025 10:00,CR-008,02-03-2025 10-00-00-CR-008,10.5799,-61.255061,Caroni River Mouth,2.86,1.21,No
3/2/2025 11:00,CR-001,02-03-2025 11-00-00-CR-001,10.62038,-61.466257,Caroni Source,1.7,0.08,No
3/2/2025 11:00,CR-002,02-03-2025 11-00-00-CR-002,10.617247,-61.43931,Early Caroni,2.38,0.43,No
3/2/2025 11:00,CR-003,02-03-2025 11-00-00-CR-003,10.616628,-61.420142,Mid Upper Caroni,2.74,-0.1,No
3/2/2025 11:00,CR-004,02-03-2025 11-00-00-CR-004,10.609654,-61.395995,Mid Caroni,1.72,-1.68,No
3/2/2025 11:00,CR-005,02-03-2025 11-00-00-CR-005,10.606111,-61.374422,Mid Lower Caroni,2.49,0.81,No
3/2/2025 11:00,CR-006,02-03-2025 11-00-00-CR-006,10.582769,-61.341406,Lower Caroni,2.27,-0.73,No
3/2/2025 11:00,CR-007,02-03-2025 11-00-00-CR-007,10.578663,-61.291224,Caroni Swamp Entrance,2.86,-0.97,No
3/2/2025 11:00,CR-008,02-03-2025 11-00-00-CR-008,10.5799,-61.255061,Caroni River Mouth,2.05,-0.81,No
3/2/2025 12:00,CR-001,02-03-2025 12-00-00-CR-001,10.62038,-61.466257,Caroni Source,3.68,1.98,No
3/2/2025 12:00,CR-002,02-03-2025 12-00-00-CR-002,10.617247,-61.43931,Early Caroni,3.42,1.04,No
3/2/2025 12:00,CR-003,02-03-2025 12-00-00-CR-003,10.616628,-61.420142,Mid Upper Caroni,1.8,-0.94,No
3/2/2025 12:00,CR-004,02-03-2025 12-00-00-CR-004,10.609654,-61.395995,Mid Caroni,2.91,1.19,No
3/2/2025 12:00,CR-005,02-03-2025 12-00-00-CR-005,10.606111,-61.374422,Mid Lower Caroni,3.99,1.5,Yes
3/2/2025 12:00,CR-006,02-03-2025 12-00-00-CR-006,10.582769,-61.341406,Lower Caroni,2.58,0.31,No
3/2/2025 12:00,CR-007,02-03-2025 12-00-00-CR-007,10.578663,-61.291224,Caroni Swamp Entrance,2.03,-0.83,No
3/2/2025 12:00,CR-008,02-03-2025 12-00-00-CR-008,10.5799,-61.255061,Caroni River Mouth,3.16,1.11,No
3/2/2025 13:00,CR-001,02-03-2025 13-00-00-CR-001,10.62038,-61.466257,Caroni Source,3.97,0.29,Yes
3/2/2025 13:00,CR-002,02-03-2025 13-00-00-CR-002,10.617247,-61.43931,Early Caroni,2,-1.42,No
3/2/2025 13:00,CR-003,02-03-2025 13-00-00-CR-003,10.616628,-61.420142,Mid Upper Caroni,2.32,0.52,No
3/2/2025 13:00,CR-004,02-03-2025 13-00-00-CR-004,10.609654,-61.395995,Mid Caroni,3.29,0.38,No
3/2/2025 13:00,CR-005,02-03-2025 13-00-00-CR-005,10.606111,-61.374422,Mid Lower Caroni,2.85,-1.14,No
3/2/2025 13:00,CR-006,02-03-2025 13-00-00-CR-006,10.582769,-61.341406,Lower Caroni,1.97,-0.61,No
3/2/2025 13:00,CR-007,02-03-2025 13-00-00-CR-007,10.578663,-61.291224,Caroni Swamp Entrance,2.88,0.85,No
3/2/2025 13:00,CR-008,02-03-2025 13-00-00-CR-008,10.5799,-61.255061,Caroni River Mouth,3.86,0.7,Yes
3/2/2025 14:00,CR-001,02-03-2025 14-00-00-CR-001,10.62038,-61.466257,Caroni Source,1.71,-2.26,No
3/2/2025 14:00,CR-002,02-03-2025 14-00-00-CR-002,10.617247,-61.43931,Early Caroni,2.46,0.46,No
3/2/2025 14:00,CR-003,02-03-2025 14-00-00-CR-003,10.616628,-61.420142,Mid Upper Caroni,2.88,0.56,No
3/2/2025 14:00,CR-004,02-03-2025 14-00-00-CR-004,10.609654,-61.395995,Mid Caroni,3.56,0.27,No
3/2/2025 14:00,CR-005,02-03-2025 14-00-00-CR-005,10.606111,-61.374422,Mid Lower Caroni,3.01,0.16,No
3/2/2025 14:00,CR-006,02-03-2025 14-00-00-CR-006,10.582769,-61.341406,Lower Caroni,2.41,0.44,No
3/2/2025 14:00,CR-007,02-03-2025 14-00-00-CR-007,10.578663,-61.291224,Caroni Swamp Entrance,1.93,-0.95,No
3/2/2025 14:00,CR-008,02-03-2025 14-00-00-CR-008,10.5799,-61.255061,Caroni River Mouth,3.1,-0.76,No
3/2/2025 15:00,CR-001,02-03-2025 15-00-00-CR-001,10.62038,-61.466257,Caroni Source,3.44,1.73,No
3/2/2025 15:00,CR-002,02-03-2025 15-00-00-CR-002,10.617247,-61.43931,Early Caroni,1.92,-0.54,No
3/2/2025 15:00,CR-003,02-03-2025 15-00-00-CR-003,10.616628,-61.420142,Mid Upper Caroni,3.6,0.72,No
3/2/2025 15:00,CR-004,02-03-2025 15-00-00-CR-004,10.609654,-61.395995,Mid Caroni,3.82,0.26,Yes
3/2/2025 15:00,CR-005,02-03-2025 15-00-00-CR-005,10.606111,-61.374422,Mid Lower Caroni,3.32,0.31,No
3/2/2025 15:00,CR-006,02-03-2025 15-00-00-CR-006,10.582769,-61.341406,Lower Caroni,3.14,0.73,No
3/2/2025 15:00,CR-007,02-03-2025 15-00-00-CR-007,10.578663,-61.291224,Caroni Swamp Entrance,1.79,-0.14,No
3/2/2025 15:00,CR-008,02-03-2025 15-00-00-CR-008,10.5799,-61.255061,Caroni River Mouth,2.13,-0.97,No
3/2/2025 16:00,CR-001,02-03-2025 16-00-00-CR-001,10.62038,-61.466257,Caroni Source,3.83,0.39,Yes
3/2/2025 16:00,CR-002,02-03-2025 16-00-00-CR-002,10.617247,-61.43931,Early Caroni,3.16,1.24,No
3/2/2025 16:00,CR-003,02-03-2025 16-00-00-CR-003,10.616628,-61.420142,Mid Upper Caroni,3.71,0.11,No
3/2/2025 16:00,CR-004,02-03-2025 16-00-00-CR-004,10.609654,-61.395995,Mid Caroni,3.65,-0.17,No
3/2/2025 16:00,CR-005,02-03-2025 16-00-00-CR-005,10.606111,-61.374422,Mid Lower Caroni,3.73,0.41,No
3/2/2025 16:00,CR-006,02-03-2025 16-00-00-CR-006,10.582769,-61.341406,Lower Caroni,3.81,0.67,Yes
3/2/2025 16:00,CR-007,02-03-2025 16-00-00-CR-007,10.578663,-61.291224,Caroni Swamp Entrance,1.62,-0.17,No
3/2/2025 16:00,CR-008,02-03-2025 16-00-00-CR-008,10.5799,-61.255061,Caroni River Mouth,2.94,0.81,No
3/2/2025 17:00,CR-001,02-03-2025 17-00-00-CR-001,10.62038,-61.466257,Caroni Source,2.07,-1.76,No
3/2/2025 17:00,CR-002,02-03-2025 17-00-00-CR-002,10.617247,-61.43931,Early Caroni,1.64,-1.52,No
3/2/2025 17:00,CR-003,02-03-2025 17-00-00-CR-003,10.616628,-61.420142,Mid Upper Caroni,3.87,0.16,Yes
3/2/2025 17:00,CR-004,02-03-2025 17-00-00-CR-004,10.609654,-61.395995,Mid Caroni,3.62,-0.03,No
3/2/2025 17:00,CR-005,02-03-2025 17-00-00-CR-005,10.606111,-61.374422,Mid Lower Caroni,3.7,-0.03,No
3/2/2025 17:00,CR-006,02-03-2025 17-00-00-CR-006,10.582769,-61.341406,Lower Caroni,2.96,-0.85,No
3/2/2025 17:00,CR-007,02-03-2025 17-00-00-CR-007,10.578663,-61.291224,Caroni Swamp Entrance,1.55,-0.07,No
3/2/2025 17:00,CR-008,02-03-2025 17-00-00-CR-008,10.5799,-61.255061,Caroni River Mouth,1.84,-1.1,No
3/2/2025 18:00,CR-001,02-03-2025 18-00-00-CR-001,10.62038,-61.466257,Caroni Source,3.48,1.41,No
3/2/2025 18:00,CR-002,02-03-2025 18-00-00-CR-002,10.617247,-61.43931,Early Caroni,1.95,0.31,No
3/2/2025 18:00,CR-003,02-03-2025 18-00-00-CR-003,10.616628,-61.420142,Mid Upper Caroni,3.97,0.1,Yes
3/2/2025 18:00,CR-004,02-03-2025 18-00-00-CR-004,10.609654,-61.395995,Mid Caroni,2.72,-0.9,No
3/2/2025 18:00,CR-005,02-03-2025 18-00-00-CR-005,10.606111,-61.374422,Mid Lower Caroni,1.56,-2.14,No
3/2/2025 18:00,CR-006,02-03-2025 18-00-00-CR-006,10.582769,-61.341406,Lower Caroni,3.5,0.54,No
3/2/2025 18:00,CR-007,02-03-2025 18-00-00-CR-007,10.578663,-61.291224,Caroni Swamp Entrance,2.47,0.92,No
3/2/2025 18:00,CR-008,02-03-2025 18-00-00-CR-008,10.5799,-61.255061,Caroni River Mouth,1.63,-0.21,No
3/2/2025 19:00,CR-001,02-03-2025 19-00-00-CR-001,10.62038,-61.466257,Caroni Source,2.88,-0.6,No
3/2/2025 19:00,CR-002,02-03-2025 19-00-00-CR-002,10.617247,-61.43931,Early Caroni,3.92,1.97,Yes
3/2/2025 19:00,CR-003,02-03-2025 19-00-00-CR-003,10.616628,-61.420142,Mid Upper Caroni,2.62,-1.35,No
3/2/2025 19:00,CR-004,02-03-2025 19-00-00-CR-004,10.609654,-61.395995,Mid Caroni,3.32,0.6,No
3/2/2025 19:00,CR-005,02-03-2025 19-00-00-CR-005,10.606111,-61.374422,Mid Lower Caroni,2.39,0.83,No
3/2/2025 19:00,CR-006,02-03-2025 19-00-00-CR-006,10.582769,-61.341406,Lower Caroni,1.55,-1.95,No
3/2/2025 19:00,CR-007,02-03-2025 19-00-00-CR-007,10.578663,-61.291224,Caroni Swamp Entrance,1.79,-0.68,No
3/2/2025 19:00,CR-008,02-03-2025 19-00-00-CR-008,10.5799,-61.255061,Caroni River Mouth,4,2.37,Yes
3/2/2025 20:00,CR-001,02-03-2025 20-00-00-CR-001,10.62038,-61.466257,Caroni Source,2.63,-0.25,No
3/2/2025 20:00,CR-002,02-03-2025 20-00-00-CR-002,10.617247,-61.43931,Early Caroni,3.67,-0.25,No
3/2/2025 20:00,CR-003,02-03-2025 20-00-00-CR-003,10.616628,-61.420142,Mid Upper Caroni,3.19,0.57,No
3/2/2025 20:00,CR-004,02-03-2025 20-00-00-CR-004,10.609654,-61.395995,Mid Caroni,3.73,0.41,No
3/2/2025 20:00,CR-005,02-03-2025 20-00-00-CR-005,10.606111,-61.374422,Mid Lower Caroni,3.86,1.47,Yes
3/2/2025 20:00,CR-006,02-03-2025 20-00-00-CR-006,10.582769,-61.341406,Lower Caroni,1.63,0.08,No
3/2/2025 20:00,CR-007,02-03-2025 20-00-00-CR-007,10.578663,-61.291224,Caroni Swamp Entrance,3.47,1.68,No
3/2/2025 20:00,CR-008,02-03-2025 20-00-00-CR-008,10.5799,-61.255061,Caroni River Mouth,1.93,-2.07,No
3/2/2025 21:00,CR-001,02-03-2025 21-00-00-CR-001,10.62038,-61.466257,Caroni Source,1.79,-0.84,No
3/2/2025 21:00,CR-002,02-03-2025 21-00-00-CR-002,10.617247,-61.43931,Early Caroni,3.39,-0.28,No
3/2/2025 21:00,CR-003,02-03-2025 21-00-00-CR-003,10.616628,-61.420142,Mid Upper Caroni,2.09,-1.1,No
3/2/2025 21:00,CR-004,02-03-2025 21-00-00-CR-004,10.609654,-61.395995,Mid Caroni,3.31,-0.42,No
3/2/2025 21:00,CR-005,02-03-2025 21-00-00-CR-005,10.606111,-61.374422,Mid Lower Caroni,1.84,-2.02,No
3/2/2025 21:00,CR-006,02-03-2025 21-00-00-CR-006,10.582769,-61.341406,Lower Caroni,3.59,1.96,No
3/2/2025 21:00,CR-007,02-03-2025 21-00-00-CR-007,10.578663,-61.291224,Caroni Swamp Entrance,2.22,-1.25,No
3/2/2025 21:00,CR-008,02-03-2025 21-00-00-CR-008,10.5799,-61.255061,Caroni River Mouth,2.91,0.98,No
3/2/2025 22:00,CR-001,02-03-2025 22-00-00-CR-001,10.62038,-61.466257,Caroni Source,3.35,1.56,No
3/2/2025 22:00,CR-002,02-03-2025 22-00-00-CR-002,10.617247,-61.43931,Early Caroni,3.75,0.36,No
3/2/2025 22:00,CR-003,02-03-2025 22-00-00-CR-003,10.616628,-61.420142,Mid Upper Caroni,3.3,1.21,No
3/2/2025 22:00,CR-004,02-03-2025 22-00-00-CR-004,10.609654,-61.395995,Mid Caroni,2.43,-0.88,No
3/2/2025 22:00,CR-005,02-03-2025 22-00-00-CR-005,10.606111,-61.374422,Mid Lower Caroni,3.72,1.88,No
3/2/2025 22:00,CR-006,02-03-2025 22-00-00-CR-006,10.582769,-61.341406,Lower Caroni,3.53,-0.06,No
3/2/2025 22:00,CR-007,02-03-2025 22-00-00-CR-007,10.578663,-61.291224,Caroni Swamp Entrance,1.52,-0.7,No
3/2/2025 22:00,CR-008,02-03-2025 22-00-00-CR-008,10.5799,-61.255061,Caroni River Mouth,3.21,0.3,No
3/2/2025 23:00,CR-001,02-03-2025 23-00-00-CR-001,10.62038,-61.466257,Caroni Source,2.94,-0.41,No
3/2/2025 23:00,CR-002,02-03-2025 23-00-00-CR-002,10.617247,-61.43931,Early Caroni,2.28,-1.47,No
3/2/2025 23:00,CR-003,02-03-2025 23-00-00-CR-003,10.616628,-61.420142,Mid Upper Caroni,2.62,-0.68,No
3/2/2025 23:00,CR-004,02-03-2025 23-00-00-CR-004,10.609654,-61.395995,Mid Caroni,3.42,0.99,No
3/2/2025 23:00,CR-005,02-03-2025 23-00-00-CR-005,10.606111,-61.374422,Mid Lower Caroni,3.24,-0.48,No
3/2/2025 23:00,CR-006,02-03-2025 23-00-00-CR-006,10.582769,-61.341406,Lower Caroni,2.12,-1.41,No
3/2/2025 23:00,CR-007,02-03-2025 23-00-00-CR-007,10.578663,-61.291224,Caroni Swamp Entrance,1.7,0.18,No
3/2/2025 23:00,CR-008,02-03-2025 23-00-00-CR-008,10.5799,-61.255061,Caroni River Mouth,3.47,0.26,No
3/3/2025 0:00,CR-001,03-03-2025 00-00-00-CR-001,10.62038,-61.466257,Caroni Source,1.52,-1.42,No
3/3/2025 0:00,CR-002,03-03-2025 00-00-00-CR-002,10.617247,-61.43931,Early Caroni,2.58,0.3,No
3/3/2025 0:00,CR-003,03-03-2025 00-00-00-CR-003,10.616628,-61.420142,Mid Upper Caroni,2.82,0.2,No
3/3/2025 0:00,CR-004,03-03-2025 00-00-00-CR-004,10.609654,-61.395995,Mid Caroni,1.93,-1.49,No
3/3/2025 0:00,CR-005,03-03-2025 00-00-00-CR-005,10.606111,-61.374422,Mid Lower Caroni,3.66,0.42,No
3/3/2025 0:00,CR-006,03-03-2025 00-00-00-CR-006,10.582769,-61.341406,Lower Caroni,3.7,1.58,No
3/3/2025 0:00,CR-007,03-03-2025 00-00-00-CR-007,10.578663,-61.291224,Caroni Swamp Entrance,1.65,-0.05,No
3/3/2025 0:00,CR-008,03-03-2025 00-00-00-CR-008,10.5799,-61.255061,Caroni River Mouth,3.85,0.38,Yes
3/3/2025 1:00,CR-001,03-03-2025 01-00-00-CR-001,10.62038,-61.466257,Caroni Source,2.36,0.84,No
3/3/2025 1:00,CR-002,03-03-2025 01-00-00-CR-002,10.617247,-61.43931,Early Caroni,2.22,-0.36,No
3/3/2025 1:00,CR-003,03-03-2025 01-00-00-CR-003,10.616628,-61.420142,Mid Upper Caroni,2.89,0.07,No
3/3/2025 1:00,CR-004,03-03-2025 01-00-00-CR-004,10.609654,-61.395995,Mid Caroni,2.31,0.38,No
3/3/2025 1:00,CR-005,03-03-2025 01-00-00-CR-005,10.606111,-61.374422,Mid Lower Caroni,1.61,-2.05,No
3/3/2025 1:00,CR-006,03-03-2025 01-00-00-CR-006,10.582769,-61.341406,Lower Caroni,3.77,0.07,No
3/3/2025 1:00,CR-007,03-03-2025 01-00-00-CR-007,10.578663,-61.291224,Caroni Swamp Entrance,3.8,2.15,No
3/3/2025 1:00,CR-008,03-03-2025 01-00-00-CR-008,10.5799,-61.255061,Caroni River Mouth,2.1,-1.75,No
3/3/2025 2:00,CR-001,03-03-2025 02-00-00-CR-001,10.62038,-61.466257,Caroni Source,3.52,1.16,No
3/3/2025 2:00,CR-002,03-03-2025 02-00-00-CR-002,10.617247,-61.43931,Early Caroni,3.01,0.79,No
3/3/2025 2:00,CR-003,03-03-2025 02-00-00-CR-003,10.616628,-61.420142,Mid Upper Caroni,2.11,-0.78,No
3/3/2025 2:00,CR-004,03-03-2025 02-00-00-CR-004,10.609654,-61.395995,Mid Caroni,3.04,0.73,No
3/3/2025 2:00,CR-005,03-03-2025 02-00-00-CR-005,10.606111,-61.374422,Mid Lower Caroni,2.92,1.31,No
3/3/2025 2:00,CR-006,03-03-2025 02-00-00-CR-006,10.582769,-61.341406,Lower Caroni,1.87,-1.9,No
3/3/2025 2:00,CR-007,03-03-2025 02-00-00-CR-007,10.578663,-61.291224,Caroni Swamp Entrance,1.92,-1.88,No
3/3/2025 2:00,CR-008,03-03-2025 02-00-00-CR-008,10.5799,-61.255061,Caroni River Mouth,3.01,0.91,No
3/3/2025 3:00,CR-001,03-03-2025 03-00-00-CR-001,10.62038,-61.466257,Caroni Source,3.01,-0.51,No
3/3/2025 3:00,CR-002,03-03-2025 03-00-00-CR-002,10.617247,-61.43931,Early Caroni,2.62,-0.39,No
3/3/2025 3:00,CR-003,03-03-2025 03-00-00-CR-003,10.616628,-61.420142,Mid Upper Caroni,1.73,-0.38,No
3/3/2025 3:00,CR-004,03-03-2025 03-00-00-CR-004,10.609654,-61.395995,Mid Caroni,2.99,-0.05,No
3/3/2025 3:00,CR-005,03-03-2025 03-00-00-CR-005,10.606111,-61.374422,Mid Lower Caroni,1.95,-0.97,No
3/3/2025 3:00,CR-006,03-03-2025 03-00-00-CR-006,10.582769,-61.341406,Lower Caroni,1.64,-0.23,No
3/3/2025 3:00,CR-007,03-03-2025 03-00-00-CR-007,10.578663,-61.291224,Caroni Swamp Entrance,2.81,0.89,No
3/3/2025 3:00,CR-008,03-03-2025 03-00-00-CR-008,10.5799,-61.255061,Caroni River Mouth,3.53,0.52,No
3/3/2025 4:00,CR-001,03-03-2025 04-00-00-CR-001,10.62038,-61.466257,Caroni Source,3.61,0.6,No
3/3/2025 4:00,CR-002,03-03-2025 04-00-00-CR-002,10.617247,-61.43931,Early Caroni,2.51,-0.11,No
3/3/2025 4:00,CR-003,03-03-2025 04-00-00-CR-003,10.616628,-61.420142,Mid Upper Caroni,2.04,0.31,No
3/3/2025 4:00,CR-004,03-03-2025 04-00-00-CR-004,10.609654,-61.395995,Mid Caroni,2.68,-0.31,No
3/3/2025 4:00,CR-005,03-03-2025 04-00-00-CR-005,10.606111,-61.374422,Mid Lower Caroni,1.58,-0.37,No
3/3/2025 4:00,CR-006,03-03-2025 04-00-00-CR-006,10.582769,-61.341406,Lower Caroni,3.74,2.1,No
3/3/2025 4:00,CR-007,03-03-2025 04-00-00-CR-007,10.578663,-61.291224,Caroni Swamp Entrance,2.45,-0.36,No
3/3/2025 4:00,CR-008,03-03-2025 04-00-00-CR-008,10.5799,-61.255061,Caroni River Mouth,3.53,0,No
3/3/2025 5:00,CR-001,03-03-2025 05-00-00-CR-001,10.62038,-61.466257,Caroni Source,3.08,-0.53,No
3/3/2025 5:00,CR-002,03-03-2025 05-00-00-CR-002,10.617247,-61.43931,Early Caroni,1.72,-0.79,No
3/3/2025 5:00,CR-003,03-03-2025 05-00-00-CR-003,10.616628,-61.420142,Mid Upper Caroni,3.9,1.86,Yes
3/3/2025 5:00,CR-004,03-03-2025 05-00-00-CR-004,10.609654,-61.395995,Mid Caroni,3.91,1.23,Yes
3/3/2025 5:00,CR-005,03-03-2025 05-00-00-CR-005,10.606111,-61.374422,Mid Lower Caroni,1.63,0.05,No
3/3/2025 5:00,CR-006,03-03-2025 05-00-00-CR-006,10.582769,-61.341406,Lower Caroni,3.75,0.01,No
3/3/2025 5:00,CR-007,03-03-2025 05-00-00-CR-007,10.578663,-61.291224,Caroni Swamp Entrance,2.29,-0.16,No
3/3/2025 5:00,CR-008,03-03-2025 05-00-00-CR-008,10.5799,-61.255061,Caroni River Mouth,1.83,-1.7,No
3/3/2025 6:00,CR-001,03-03-2025 06-00-00-CR-001,10.62038,-61.466257,Caroni Source,2.3,-0.78,No
3/3/2025 6:00,CR-002,03-03-2025 06-00-00-CR-002,10.617247,-61.43931,Early Caroni,3.12,1.4,No
3/3/2025 6:00,CR-003,03-03-2025 06-00-00-CR-003,10.616628,-61.420142,Mid Upper Caroni,3.02,-0.88,No
3/3/2025 6:00,CR-004,03-03-2025 06-00-00-CR-004,10.609654,-61.395995,Mid Caroni,3.53,-0.38,No
3/3/2025 6:00,CR-005,03-03-2025 06-00-00-CR-005,10.606111,-61.374422,Mid Lower Caroni,3.27,1.64,No
3/3/2025 6:00,CR-006,03-03-2025 06-00-00-CR-006,10.582769,-61.341406,Lower Caroni,3.94,0.19,Yes
3/3/2025 6:00,CR-007,03-03-2025 06-00-00-CR-007,10.578663,-61.291224,Caroni Swamp Entrance,2.95,0.66,No
3/3/2025 6:00,CR-008,03-03-2025 06-00-00-CR-008,10.5799,-61.255061,Caroni River Mouth,3.81,1.98,Yes
3/3/2025 7:00,CR-001,03-03-2025 07-00-00-CR-001,10.62038,-61.466257,Caroni Source,3.55,1.25,No
3/3/2025 7:00,CR-002,03-03-2025 07-00-00-CR-002,10.617247,-61.43931,Early Caroni,1.57,-1.55,No
3/3/2025 7:00,CR-003,03-03-2025 07-00-00-CR-003,10.616628,-61.420142,Mid Upper Caroni,3.54,0.52,No
3/3/2025 7:00,CR-004,03-03-2025 07-00-00-CR-004,10.609654,-61.395995,Mid Caroni,2.31,-1.22,No
3/3/2025 7:00,CR-005,03-03-2025 07-00-00-CR-005,10.606111,-61.374422,Mid Lower Caroni,3.47,0.2,No
3/3/2025 7:00,CR-006,03-03-2025 07-00-00-CR-006,10.582769,-61.341406,Lower Caroni,3.32,-0.62,No
3/3/2025 7:00,CR-007,03-03-2025 07-00-00-CR-007,10.578663,-61.291224,Caroni Swamp Entrance,3.11,0.16,No
3/3/2025 7:00,CR-008,03-03-2025 07-00-00-CR-008,10.5799,-61.255061,Caroni River Mouth,3.47,-0.34,No
3/3/2025 8:00,CR-001,03-03-2025 08-00-00-CR-001,10.62038,-61.466257,Caroni Source,2.8,-0.75,No
3/3/2025 8:00,CR-002,03-03-2025 08-00-00-CR-002,10.617247,-61.43931,Early Caroni,3.06,1.49,No
3/3/2025 8:00,CR-003,03-03-2025 08-00-00-CR-003,10.616628,-61.420142,Mid Upper Caroni,3.78,0.24,No
3/3/2025 8:00,CR-004,03-03-2025 08-00-00-CR-004,10.609654,-61.395995,Mid Caroni,2.49,0.18,No
3/3/2025 8:00,CR-005,03-03-2025 08-00-00-CR-005,10.606111,-61.374422,Mid Lower Caroni,1.75,-1.72,No
3/3/2025 8:00,CR-006,03-03-2025 08-00-00-CR-006,10.582769,-61.341406,Lower Caroni,3.92,0.6,Yes
3/3/2025 8:00,CR-007,03-03-2025 08-00-00-CR-007,10.578663,-61.291224,Caroni Swamp Entrance,3.76,0.65,No
3/3/2025 8:00,CR-008,03-03-2025 08-00-00-CR-008,10.5799,-61.255061,Caroni River Mouth,1.61,-1.86,No
3/3/2025 9:00,CR-001,03-03-2025 09-00-00-CR-001,10.62038,-61.466257,Caroni Source,3.87,1.07,Yes
3/3/2025 9:00,CR-002,03-03-2025 09-00-00-CR-002,10.617247,-61.43931,Early Caroni,2.9,-0.16,No
3/3/2025 9:00,CR-003,03-03-2025 09-00-00-CR-003,10.616628,-61.420142,Mid Upper Caroni,2.91,-0.87,No
3/3/2025 9:00,CR-004,03-03-2025 09-00-00-CR-004,10.609654,-61.395995,Mid Caroni,3.06,0.57,No
3/3/2025 9:00,CR-005,03-03-2025 09-00-00-CR-005,10.606111,-61.374422,Mid Lower Caroni,2.41,0.66,No
3/3/2025 9:00,CR-006,03-03-2025 09-00-00-CR-006,10.582769,-61.341406,Lower Caroni,3.88,-0.04,Yes
3/3/2025 9:00,CR-007,03-03-2025 09-00-00-CR-007,10.578663,-61.291224,Caroni Swamp Entrance,1.79,-1.97,No
3/3/2025 9:00,CR-008,03-03-2025 09-00-00-CR-008,10.5799,-61.255061,Caroni River Mouth,1.75,0.14,No
3/3/2025 10:00,CR-001,03-03-2025 10-00-00-CR-001,10.62038,-61.466257,Caroni Source,3.46,-0.41,No
3/3/2025 10:00,CR-002,03-03-2025 10-00-00-CR-002,10.617247,-61.43931,Early Caroni,1.56,-1.34,No
3/3/2025 10:00,CR-003,03-03-2025 10-00-00-CR-003,10.616628,-61.420142,Mid Upper Caroni,1.93,-0.98,No
3/3/2025 10:00,CR-004,03-03-2025 10-00-00-CR-004,10.609654,-61.395995,Mid Caroni,1.69,-1.37,No
3/3/2025 10:00,CR-005,03-03-2025 10-00-00-CR-005,10.606111,-61.374422,Mid Lower Caroni,1.59,-0.82,No
3/3/2025 10:00,CR-006,03-03-2025 10-00-00-CR-006,10.582769,-61.341406,Lower Caroni,2.32,-1.56,No
3/3/2025 10:00,CR-007,03-03-2025 10-00-00-CR-007,10.578663,-61.291224,Caroni Swamp Entrance,3.64,1.85,No
3/3/2025 10:00,CR-008,03-03-2025 10-00-00-CR-008,10.5799,-61.255061,Caroni River Mouth,2.47,0.72,No
3/3/2025 11:00,CR-001,03-03-2025 11-00-00-CR-001,10.62038,-61.466257,Caroni Source,2.81,-0.65,No
3/3/2025 11:00,CR-002,03-03-2025 11-00-00-CR-002,10.617247,-61.43931,Early Caroni,3.32,1.76,No
3/3/2025 11:00,CR-003,03-03-2025 11-00-00-CR-003,10.616628,-61.420142,Mid Upper Caroni,1.74,-0.19,No
3/3/2025 11:00,CR-004,03-03-2025 11-00-00-CR-004,10.609654,-61.395995,Mid Caroni,3.5,1.81,No
3/3/2025 11:00,CR-005,03-03-2025 11-00-00-CR-005,10.606111,-61.374422,Mid Lower Caroni,2.76,1.17,No
3/3/2025 11:00,CR-006,03-03-2025 11-00-00-CR-006,10.582769,-61.341406,Lower Caroni,2.58,0.26,No
3/3/2025 11:00,CR-007,03-03-2025 11-00-00-CR-007,10.578663,-61.291224,Caroni Swamp Entrance,1.71,-1.93,No
3/3/2025 11:00,CR-008,03-03-2025 11-00-00-CR-008,10.5799,-61.255061,Caroni River Mouth,1.68,-0.79,No
3/3/2025 12:00,CR-001,03-03-2025 12-00-00-CR-001,10.62038,-61.466257,Caroni Source,1.73,-1.08,No
3/3/2025 12:00,CR-002,03-03-2025 12-00-00-CR-002,10.617247,-61.43931,Early Caroni,3.13,-0.19,No
3/3/2025 12:00,CR-003,03-03-2025 12-00-00-CR-003,10.616628,-61.420142,Mid Upper Caroni,3.75,2.01,No
3/3/2025 12:00,CR-004,03-03-2025 12-00-00-CR-004,10.609654,-61.395995,Mid Caroni,2.45,-1.05,No
3/3/2025 12:00,CR-005,03-03-2025 12-00-00-CR-005,10.606111,-61.374422,Mid Lower Caroni,3.68,0.92,No
3/3/2025 12:00,CR-006,03-03-2025 12-00-00-CR-006,10.582769,-61.341406,Lower Caroni,2.97,0.39,No
3/3/2025 12:00,CR-007,03-03-2025 12-00-00-CR-007,10.578663,-61.291224,Caroni Swamp Entrance,3.67,1.96,No
3/3/2025 12:00,CR-008,03-03-2025 12-00-00-CR-008,10.5799,-61.255061,Caroni River Mouth,3.63,1.95,No
3/3/2025 13:00,CR-001,03-03-2025 13-00-00-CR-001,10.62038,-61.466257,Caroni Source,3.17,1.44,No
3/3/2025 13:00,CR-002,03-03-2025 13-00-00-CR-002,10.617247,-61.43931,Early Caroni,1.76,-1.37,No
3/3/2025 13:00,CR-003,03-03-2025 13-00-00-CR-003,10.616628,-61.420142,Mid Upper Caroni,3.03,-0.72,No
3/3/2025 13:00,CR-004,03-03-2025 13-00-00-CR-004,10.609654,-61.395995,Mid Caroni,2.87,0.42,No
3/3/2025 13:00,CR-005,03-03-2025 13-00-00-CR-005,10.606111,-61.374422,Mid Lower Caroni,3.42,-0.26,No
3/3/2025 13:00,CR-006,03-03-2025 13-00-00-CR-006,10.582769,-61.341406,Lower Caroni,3.19,0.22,No
3/3/2025 13:00,CR-007,03-03-2025 13-00-00-CR-007,10.578663,-61.291224,Caroni Swamp Entrance,3.28,-0.39,No
3/3/2025 13:00,CR-008,03-03-2025 13-00-00-CR-008,10.5799,-61.255061,Caroni River Mouth,3.07,-0.56,No
3/3/2025 14:00,CR-001,03-03-2025 14-00-00-CR-001,10.62038,-61.466257,Caroni Source,2.16,-1.01,No
3/3/2025 14:00,CR-002,03-03-2025 14-00-00-CR-002,10.617247,-61.43931,Early Caroni,3.84,2.08,Yes
3/3/2025 14:00,CR-003,03-03-2025 14-00-00-CR-003,10.616628,-61.420142,Mid Upper Caroni,2.25,-0.78,No
3/3/2025 14:00,CR-004,03-03-2025 14-00-00-CR-004,10.609654,-61.395995,Mid Caroni,2.88,0.01,No
3/3/2025 14:00,CR-005,03-03-2025 14-00-00-CR-005,10.606111,-61.374422,Mid Lower Caroni,2.54,-0.88,No
3/3/2025 14:00,CR-006,03-03-2025 14-00-00-CR-006,10.582769,-61.341406,Lower Caroni,2.94,-0.25,No
3/3/2025 14:00,CR-007,03-03-2025 14-00-00-CR-007,10.578663,-61.291224,Caroni Swamp Entrance,3.33,0.05,No
3/3/2025 14:00,CR-008,03-03-2025 14-00-00-CR-008,10.5799,-61.255061,Caroni River Mouth,2.63,-0.44,No
3/3/2025 15:00,CR-001,03-03-2025 15-00-00-CR-001,10.62038,-61.466257,Caroni Source,3.31,1.15,No
3/3/2025 15:00,CR-002,03-03-2025 15-00-00-CR-002,10.617247,-61.43931,Early Caroni,3.07,-0.77,No
3/3/2025 15:00,CR-003,03-03-2025 15-00-00-CR-003,10.616628,-61.420142,Mid Upper Caroni,2.14,-0.11,No
3/3/2025 15:00,CR-004,03-03-2025 15-00-00-CR-004,10.609654,-61.395995,Mid Caroni,1.75,-1.13,No
3/3/2025 15:00,CR-005,03-03-2025 15-00-00-CR-005,10.606111,-61.374422,Mid Lower Caroni,3.14,0.6,No
3/3/2025 15:00,CR-006,03-03-2025 15-00-00-CR-006,10.582769,-61.341406,Lower Caroni,2.64,-0.3,No
3/3/2025 15:00,CR-007,03-03-2025 15-00-00-CR-007,10.578663,-61.291224,Caroni Swamp Entrance,3.24,-0.09,No
3/3/2025 15:00,CR-008,03-03-2025 15-00-00-CR-008,10.5799,-61.255061,Caroni River Mouth,1.97,-0.66,No
3/3/2025 16:00,CR-001,03-03-2025 16-00-00-CR-001,10.62038,-61.466257,Caroni Source,3.16,-0.15,No
3/3/2025 16:00,CR-002,03-03-2025 16-00-00-CR-002,10.617247,-61.43931,Early Caroni,3.21,0.14,No
3/3/2025 16:00,CR-003,03-03-2025 16-00-00-CR-003,10.616628,-61.420142,Mid Upper Caroni,3.59,1.45,No
3/3/2025 16:00,CR-004,03-03-2025 16-00-00-CR-004,10.609654,-61.395995,Mid Caroni,2.79,1.04,No
3/3/2025 16:00,CR-005,03-03-2025 16-00-00-CR-005,10.606111,-61.374422,Mid Lower Caroni,2,-1.14,No
3/3/2025 16:00,CR-006,03-03-2025 16-00-00-CR-006,10.582769,-61.341406,Lower Caroni,1.83,-0.81,No
3/3/2025 16:00,CR-007,03-03-2025 16-00-00-CR-007,10.578663,-61.291224,Caroni Swamp Entrance,3.37,0.13,No
3/3/2025 16:00,CR-008,03-03-2025 16-00-00-CR-008,10.5799,-61.255061,Caroni River Mouth,3.16,1.19,No
3/3/2025 17:00,CR-001,03-03-2025 17-00-00-CR-001,10.62038,-61.466257,Caroni Source,3.58,0.42,No
3/3/2025 17:00,CR-002,03-03-2025 17-00-00-CR-002,10.617247,-61.43931,Early Caroni,1.7,-1.51,No
3/3/2025 17:00,CR-003,03-03-2025 17-00-00-CR-003,10.616628,-61.420142,Mid Upper Caroni,1.61,-1.98,No
3/3/2025 17:00,CR-004,03-03-2025 17-00-00-CR-004,10.609654,-61.395995,Mid Caroni,2.95,0.16,No
3/3/2025 17:00,CR-005,03-03-2025 17-00-00-CR-005,10.606111,-61.374422,Mid Lower Caroni,3.3,1.3,No
3/3/2025 17:00,CR-006,03-03-2025 17-00-00-CR-006,10.582769,-61.341406,Lower Caroni,3.16,1.33,No
3/3/2025 17:00,CR-007,03-03-2025 17-00-00-CR-007,10.578663,-61.291224,Caroni Swamp Entrance,3.76,0.39,No
3/3/2025 17:00,CR-008,03-03-2025 17-00-00-CR-008,10.5799,-61.255061,Caroni River Mouth,3.97,0.81,Yes
3/3/2025 18:00,CR-001,03-03-2025 18-00-00-CR-001,10.62038,-61.466257,Caroni Source,2.28,-1.3,No
3/3/2025 18:00,CR-002,03-03-2025 18-00-00-CR-002,10.617247,-61.43931,Early Caroni,1.97,0.27,No
3/3/2025 18:00,CR-003,03-03-2025 18-00-00-CR-003,10.616628,-61.420142,Mid Upper Caroni,3.26,1.65,No
3/3/2025 18:00,CR-004,03-03-2025 18-00-00-CR-004,10.609654,-61.395995,Mid Caroni,2.99,0.04,No
3/3/2025 18:00,CR-005,03-03-2025 18-00-00-CR-005,10.606111,-61.374422,Mid Lower Caroni,1.77,-1.53,No
3/3/2025 18:00,CR-006,03-03-2025 18-00-00-CR-006,10.582769,-61.341406,Lower Caroni,2.07,-1.09,No
3/3/2025 18:00,CR-007,03-03-2025 18-00-00-CR-007,10.578663,-61.291224,Caroni Swamp Entrance,3.48,-0.28,No
3/3/2025 18:00,CR-008,03-03-2025 18-00-00-CR-008,10.5799,-61.255061,Caroni River Mouth,3.32,-0.65,No
3/3/2025 19:00,CR-001,03-03-2025 19-00-00-CR-001,10.62038,-61.466257,Caroni Source,2.64,0.36,No
3/3/2025 19:00,CR-002,03-03-2025 19-00-00-CR-002,10.617247,-61.43931,Early Caroni,3.82,1.85,Yes
3/3/2025 19:00,CR-003,03-03-2025 19-00-00-CR-003,10.616628,-61.420142,Mid Upper Caroni,3.38,0.12,No
3/3/2025 19:00,CR-004,03-03-2025 19-00-00-CR-004,10.609654,-61.395995,Mid Caroni,1.92,-1.07,No
3/3/2025 19:00,CR-005,03-03-2025 19-00-00-CR-005,10.606111,-61.374422,Mid Lower Caroni,2.07,0.3,No
3/3/2025 19:00,CR-006,03-03-2025 19-00-00-CR-006,10.582769,-61.341406,Lower Caroni,2.89,0.82,No
3/3/2025 19:00,CR-007,03-03-2025 19-00-00-CR-007,10.578663,-61.291224,Caroni Swamp Entrance,2.13,-1.35,No
3/3/2025 19:00,CR-008,03-03-2025 19-00-00-CR-008,10.5799,-61.255061,Caroni River Mouth,2.69,-0.63,No
3/3/2025 20:00,CR-001,03-03-2025 20-00-00-CR-001,10.62038,-61.466257,Caroni Source,2.23,-0.41,No
3/3/2025 20:00,CR-002,03-03-2025 20-00-00-CR-002,10.617247,-61.43931,Early Caroni,1.68,-2.14,No
3/3/2025 20:00,CR-003,03-03-2025 20-00-00-CR-003,10.616628,-61.420142,Mid Upper Caroni,2.88,-0.5,No
3/3/2025 20:00,CR-004,03-03-2025 20-00-00-CR-004,10.609654,-61.395995,Mid Caroni,2.68,0.76,No
3/3/2025 20:00,CR-005,03-03-2025 20-00-00-CR-005,10.606111,-61.374422,Mid Lower Caroni,3.34,1.27,No
3/3/2025 20:00,CR-006,03-03-2025 20-00-00-CR-006,10.582769,-61.341406,Lower Caroni,2.71,-0.18,No
3/3/2025 20:00,CR-007,03-03-2025 20-00-00-CR-007,10.578663,-61.291224,Caroni Swamp Entrance,1.72,-0.41,No
3/3/2025 20:00,CR-008,03-03-2025 20-00-00-CR-008,10.5799,-61.255061,Caroni River Mouth,3.72,1.03,No
3/3/2025 21:00,CR-001,03-03-2025 21-00-00-CR-001,10.62038,-61.466257,Caroni Source,2.2,-0.03,No
3/3/2025 21:00,CR-002,03-03-2025 21-00-00-CR-002,10.617247,-61.43931,Early Caroni,3.17,1.49,No
3/3/2025 21:00,CR-003,03-03-2025 21-00-00-CR-003,10.616628,-61.420142,Mid Upper Caroni,1.81,-1.07,No
3/3/2025 21:00,CR-004,03-03-2025 21-00-00-CR-004,10.609654,-61.395995,Mid Caroni,1.88,-0.8,No
3/3/2025 21:00,CR-005,03-03-2025 21-00-00-CR-005,10.606111,-61.374422,Mid Lower Caroni,1.6,-1.74,No
3/3/2025 21:00,CR-006,03-03-2025 21-00-00-CR-006,10.582769,-61.341406,Lower Caroni,3.57,0.86,No
3/3/2025 21:00,CR-007,03-03-2025 21-00-00-CR-007,10.578663,-61.291224,Caroni Swamp Entrance,3.55,1.83,No
3/3/2025 21:00,CR-008,03-03-2025 21-00-00-CR-008,10.5799,-61.255061,Caroni River Mouth,3.28,-0.44,No
3/3/2025 22:00,CR-001,03-03-2025 22-00-00-CR-001,10.62038,-61.466257,Caroni Source,3.55,1.35,No
3/3/2025 22:00,CR-002,03-03-2025 22-00-00-CR-002,10.617247,-61.43931,Early Caroni,2.5,-0.67,No
3/3/2025 22:00,CR-003,03-03-2025 22-00-00-CR-003,10.616628,-61.420142,Mid Upper Caroni,3.77,1.96,No
3/3/2025 22:00,CR-004,03-03-2025 22-00-00-CR-004,10.609654,-61.395995,Mid Caroni,2.11,0.23,No
3/3/2025 22:00,CR-005,03-03-2025 22-00-00-CR-005,10.606111,-61.374422,Mid Lower Caroni,2.24,0.64,No
3/3/2025 22:00,CR-006,03-03-2025 22-00-00-CR-006,10.582769,-61.341406,Lower Caroni,3.82,0.25,Yes
3/3/2025 22:00,CR-007,03-03-2025 22-00-00-CR-007,10.578663,-61.291224,Caroni Swamp Entrance,3.12,-0.43,No
3/3/2025 22:00,CR-008,03-03-2025 22-00-00-CR-008,10.5799,-61.255061,Caroni River Mouth,3.61,0.33,No
3/3/2025 23:00,CR-001,03-03-2025 23-00-00-CR-001,10.62038,-61.466257,Caroni Source,1.74,-1.81,No
3/3/2025 23:00,CR-002,03-03-2025 23-00-00-CR-002,10.617247,-61.43931,Early Caroni,2.31,-0.19,No
3/3/2025 23:00,CR-003,03-03-2025 23-00-00-CR-003,10.616628,-61.420142,Mid Upper Caroni,3.15,-0.62,No
3/3/2025 23:00,CR-004,03-03-2025 23-00-00-CR-004,10.609654,-61.395995,Mid Caroni,2.03,-0.08,No
3/3/2025 23:00,CR-005,03-03-2025 23-00-00-CR-005,10.606111,-61.374422,Mid Lower Caroni,1.83,-0.41,No
3/3/2025 23:00,CR-006,03-03-2025 23-00-00-CR-006,10.582769,-61.341406,Lower Caroni,3.8,-0.02,No
3/3/2025 23:00,CR-007,03-03-2025 23-00-00-CR-007,10.578663,-61.291224,Caroni Swamp Entrance,2.94,-0.18,No
3/3/2025 23:00,CR-008,03-03-2025 23-00-00-CR-008,10.5799,-61.255061,Caroni River Mouth,3.7,0.09,No
3/4/2025 0:00,CR-001,04-03-2025 00-00-00-CR-001,10.62038,-61.466257,Caroni Source,1.94,0.2,No
3/4/2025 0:00,CR-002,04-03-2025 00-00-00-CR-002,10.617247,-61.43931,Early Caroni,2.51,0.2,No
3/4/2025 0:00,CR-003,04-03-2025 00-00-00-CR-003,10.616628,-61.420142,Mid Upper Caroni,2.48,-0.67,No
3/4/2025 0:00,CR-004,04-03-2025 00-00-00-CR-004,10.609654,-61.395995,Mid Caroni,2.59,0.56,No
3/4/2025 0:00,CR-005,04-03-2025 00-00-00-CR-005,10.606111,-61.374422,Mid Lower Caroni,3.53,1.7,No
3/4/2025 0:00,CR-006,04-03-2025 00-00-00-CR-006,10.582769,-61.341406,Lower Caroni,3.24,-0.56,No
3/4/2025 0:00,CR-007,04-03-2025 00-00-00-CR-007,10.578663,-61.291224,Caroni Swamp Entrance,1.74,-1.2,No
3/4/2025 0:00,CR-008,04-03-2025 00-00-00-CR-008,10.5799,-61.255061,Caroni River Mouth,3.63,-0.07,No
3/4/2025 1:00,CR-001,04-03-2025 01-00-00-CR-001,10.62038,-61.466257,Caroni Source,3.72,1.78,No
3/4/2025 1:00,CR-002,04-03-2025 01-00-00-CR-002,10.617247,-61.43931,Early Caroni,2.43,-0.08,No
3/4/2025 1:00,CR-003,04-03-2025 01-00-00-CR-003,10.616628,-61.420142,Mid Upper Caroni,2.07,-0.41,No
3/4/2025 1:00,CR-004,04-03-2025 01-00-00-CR-004,10.609654,-61.395995,Mid Caroni,3.93,1.34,Yes
3/4/2025 1:00,CR-005,04-03-2025 01-00-00-CR-005,10.606111,-61.374422,Mid Lower Caroni,3.31,-0.22,No
3/4/2025 1:00,CR-006,04-03-2025 01-00-00-CR-006,10.582769,-61.341406,Lower Caroni,3.81,0.57,Yes
3/4/2025 1:00,CR-007,04-03-2025 01-00-00-CR-007,10.578663,-61.291224,Caroni Swamp Entrance,3.71,1.97,No
3/4/2025 1:00,CR-008,04-03-2025 01-00-00-CR-008,10.5799,-61.255061,Caroni River Mouth,3.33,-0.3,No
3/4/2025 2:00,CR-001,04-03-2025 02-00-00-CR-001,10.62038,-61.466257,Caroni Source,2.4,-1.32,No
3/4/2025 2:00,CR-002,04-03-2025 02-00-00-CR-002,10.617247,-61.43931,Early Caroni,2.04,-0.39,No
3/4/2025 2:00,CR-003,04-03-2025 02-00-00-CR-003,10.616628,-61.420142,Mid Upper Caroni,1.67,-0.4,No
3/4/2025 2:00,CR-004,04-03-2025 02-00-00-CR-004,10.609654,-61.395995,Mid Caroni,2.02,-1.91,No
3/4/2025 2:00,CR-005,04-03-2025 02-00-00-CR-005,10.606111,-61.374422,Mid Lower Caroni,2.59,-0.72,No
3/4/2025 2:00,CR-006,04-03-2025 02-00-00-CR-006,10.582769,-61.341406,Lower Caroni,3.14,-0.67,No
3/4/2025 2:00,CR-007,04-03-2025 02-00-00-CR-007,10.578663,-61.291224,Caroni Swamp Entrance,3.88,0.17,Yes
3/4/2025 2:00,CR-008,04-03-2025 02-00-00-CR-008,10.5799,-61.255061,Caroni River Mouth,2.86,-0.47,No
3/4/2025 3:00,CR-001,04-03-2025 03-00-00-CR-001,10.62038,-61.466257,Caroni Source,2.51,0.11,No
3/4/2025 3:00,CR-002,04-03-2025 03-00-00-CR-002,10.617247,-61.43931,Early Caroni,3.91,1.87,Yes
3/4/2025 3:00,CR-003,04-03-2025 03-00-00-CR-003,10.616628,-61.420142,Mid Upper Caroni,3.97,2.3,Yes
3/4/2025 3:00,CR-004,04-03-2025 03-00-00-CR-004,10.609654,-61.395995,Mid Caroni,1.93,-0.09,No
3/4/2025 3:00,CR-005,04-03-2025 03-00-00-CR-005,10.606111,-61.374422,Mid Lower Caroni,3.48,0.89,No
3/4/2025 3:00,CR-006,04-03-2025 03-00-00-CR-006,10.582769,-61.341406,Lower Caroni,2.54,-0.6,No
3/4/2025 3:00,CR-007,04-03-2025 03-00-00-CR-007,10.578663,-61.291224,Caroni Swamp Entrance,3.53,-0.35,No
3/4/2025 3:00,CR-008,04-03-2025 03-00-00-CR-008,10.5799,-61.255061,Caroni River Mouth,2.93,0.07,No
3/4/2025 4:00,CR-001,04-03-2025 04-00-00-CR-001,10.62038,-61.466257,Caroni Source,1.63,-0.88,No
3/4/2025 4:00,CR-002,04-03-2025 04-00-00-CR-002,10.617247,-61.43931,Early Caroni,2.38,-1.53,No
3/4/2025 4:00,CR-003,04-03-2025 04-00-00-CR-003,10.616628,-61.420142,Mid Upper Caroni,2.65,-1.32,No
3/4/2025 4:00,CR-004,04-03-2025 04-00-00-CR-004,10.609654,-61.395995,Mid Caroni,3.56,1.63,No
3/4/2025 4:00,CR-005,04-03-2025 04-00-00-CR-005,10.606111,-61.374422,Mid Lower Caroni,2.64,-0.84,No
3/4/2025 4:00,CR-006,04-03-2025 04-00-00-CR-006,10.582769,-61.341406,Lower Caroni,3.91,1.37,Yes
3/4/2025 4:00,CR-007,04-03-2025 04-00-00-CR-007,10.578663,-61.291224,Caroni Swamp Entrance,3.77,0.24,No
3/4/2025 4:00,CR-008,04-03-2025 04-00-00-CR-008,10.5799,-61.255061,Caroni River Mouth,3.37,0.44,No
3/4/2025 5:00,CR-001,04-03-2025 05-00-00-CR-001,10.62038,-61.466257,Caroni Source,1.95,0.32,No
3/4/2025 5:00,CR-002,04-03-2025 05-00-00-CR-002,10.617247,-61.43931,Early Caroni,3.93,1.55,Yes
3/4/2025 5:00,CR-003,04-03-2025 05-00-00-CR-003,10.616628,-61.420142,Mid Upper Caroni,3.38,0.73,No
3/4/2025 5:00,CR-004,04-03-2025 05-00-00-CR-004,10.609654,-61.395995,Mid Caroni,2.8,-0.76,No
3/4/2025 5:00,CR-005,04-03-2025 05-00-00-CR-005,10.606111,-61.374422,Mid Lower Caroni,1.83,-0.81,No
3/4/2025 5:00,CR-006,04-03-2025 05-00-00-CR-006,10.582769,-61.341406,Lower Caroni,3.65,-0.26,No
3/4/2025 5:00,CR-007,04-03-2025 05-00-00-CR-007,10.578663,-61.291224,Caroni Swamp Entrance,3.92,0.15,Yes
3/4/2025 5:00,CR-008,04-03-2025 05-00-00-CR-008,10.5799,-61.255061,Caroni River Mouth,2.96,-0.41,No
3/4/2025 6:00,CR-001,04-03-2025 06-00-00-CR-001,10.62038,-61.466257,Caroni Source,1.97,0.02,No
3/4/2025 6:00,CR-002,04-03-2025 06-00-00-CR-002,10.617247,-61.43931,Early Caroni,1.54,-2.39,No
3/4/2025 6:00,CR-003,04-03-2025 06-00-00-CR-003,10.616628,-61.420142,Mid Upper Caroni,3.02,-0.36,No
3/4/2025 6:00,CR-004,04-03-2025 06-00-00-CR-004,10.609654,-61.395995,Mid Caroni,1.89,-0.91,No
3/4/2025 6:00,CR-005,04-03-2025 06-00-00-CR-005,10.606111,-61.374422,Mid Lower Caroni,2.16,0.33,No
3/4/2025 6:00,CR-006,04-03-2025 06-00-00-CR-006,10.582769,-61.341406,Lower Caroni,1.98,-1.67,No
3/4/2025 6:00,CR-007,04-03-2025 06-00-00-CR-007,10.578663,-61.291224,Caroni Swamp Entrance,3.47,-0.45,No
3/4/2025 6:00,CR-008,04-03-2025 06-00-00-CR-008,10.5799,-61.255061,Caroni River Mouth,2.26,-0.7,No
3/4/2025 7:00,CR-001,04-03-2025 07-00-00-CR-001,10.62038,-61.466257,Caroni Source,3.48,1.51,No
3/4/2025 7:00,CR-002,04-03-2025 07-00-00-CR-002,10.617247,-61.43931,Early Caroni,2.81,1.27,No
3/4/2025 7:00,CR-003,04-03-2025 07-00-00-CR-003,10.616628,-61.420142,Mid Upper Caroni,2.33,-0.69,No
3/4/2025 7:00,CR-004,04-03-2025 07-00-00-CR-004,10.609654,-61.395995,Mid Caroni,3.56,1.67,No
3/4/2025 7:00,CR-005,04-03-2025 07-00-00-CR-005,10.606111,-61.374422,Mid Lower Caroni,1.76,-0.4,No
3/4/2025 7:00,CR-006,04-03-2025 07-00-00-CR-006,10.582769,-61.341406,Lower Caroni,1.55,-0.43,No
3/4/2025 7:00,CR-007,04-03-2025 07-00-00-CR-007,10.578663,-61.291224,Caroni Swamp Entrance,2.07,-1.4,No
3/4/2025 7:00,CR-008,04-03-2025 07-00-00-CR-008,10.5799,-61.255061,Caroni River Mouth,3.65,1.39,No
3/4/2025 8:00,CR-001,04-03-2025 08-00-00-CR-001,10.62038,-61.466257,Caroni Source,3.37,-0.11,No
3/4/2025 8:00,CR-002,04-03-2025 08-00-00-CR-002,10.617247,-61.43931,Early Caroni,3.04,0.23,No
3/4/2025 8:00,CR-003,04-03-2025 08-00-00-CR-003,10.616628,-61.420142,Mid Upper Caroni,1.81,-0.52,No
3/4/2025 8:00,CR-004,04-03-2025 08-00-00-CR-004,10.609654,-61.395995,Mid Caroni,3.94,0.38,Yes
3/4/2025 8:00,CR-005,04-03-2025 08-00-00-CR-005,10.606111,-61.374422,Mid Lower Caroni,2.31,0.55,No
3/4/2025 8:00,CR-006,04-03-2025 08-00-00-CR-006,10.582769,-61.341406,Lower Caroni,2.59,1.04,No
3/4/2025 8:00,CR-007,04-03-2025 08-00-00-CR-007,10.578663,-61.291224,Caroni Swamp Entrance,3.72,1.65,No
3/4/2025 8:00,CR-008,04-03-2025 08-00-00-CR-008,10.5799,-61.255061,Caroni River Mouth,3.62,-0.03,No
3/4/2025 9:00,CR-001,04-03-2025 09-00-00-CR-001,10.62038,-61.466257,Caroni Source,2.21,-1.16,No
3/4/2025 9:00,CR-002,04-03-2025 09-00-00-CR-002,10.617247,-61.43931,Early Caroni,3.86,0.82,Yes
3/4/2025 9:00,CR-003,04-03-2025 09-00-00-CR-003,10.616628,-61.420142,Mid Upper Caroni,2.64,0.83,No
3/4/2025 9:00,CR-004,04-03-2025 09-00-00-CR-004,10.609654,-61.395995,Mid Caroni,3.22,-0.72,No
3/4/2025 9:00,CR-005,04-03-2025 09-00-00-CR-005,10.606111,-61.374422,Mid Lower Caroni,1.89,-0.42,No
3/4/2025 9:00,CR-006,04-03-2025 09-00-00-CR-006,10.582769,-61.341406,Lower Caroni,1.81,-0.78,No
3/4/2025 9:00,CR-007,04-03-2025 09-00-00-CR-007,10.578663,-61.291224,Caroni Swamp Entrance,3.9,0.18,Yes
3/4/2025 9:00,CR-008,04-03-2025 09-00-00-CR-008,10.5799,-61.255061,Caroni River Mouth,2.53,-1.09,No
3/4/2025 10:00,CR-001,04-03-2025 10-00-00-CR-001,10.62038,-61.466257,Caroni Source,1.89,-0.32,No
3/4/2025 10:00,CR-002,04-03-2025 10-00-00-CR-002,10.617247,-61.43931,Early Caroni,1.71,-2.15,No
3/4/2025 10:00,CR-003,04-03-2025 10-00-00-CR-003,10.616628,-61.420142,Mid Upper Caroni,3.12,0.48,No
3/4/2025 10:00,CR-004,04-03-2025 10-00-00-CR-004,10.609654,-61.395995,Mid Caroni,3.74,0.52,No
3/4/2025 10:00,CR-005,04-03-2025 10-00-00-CR-005,10.606111,-61.374422,Mid Lower Caroni,2.4,0.51,No
3/4/2025 10:00,CR-006,04-03-2025 10-00-00-CR-006,10.582769,-61.341406,Lower Caroni,2.35,0.54,No
3/4/2025 10:00,CR-007,04-03-2025 10-00-00-CR-007,10.578663,-61.291224,Caroni Swamp Entrance,1.89,-2.01,No
3/4/2025 10:00,CR-008,04-03-2025 10-00-00-CR-008,10.5799,-61.255061,Caroni River Mouth,2.5,-0.03,No
3/4/2025 11:00,CR-001,04-03-2025 11-00-00-CR-001,10.62038,-61.466257,Caroni Source,2.13,0.24,No
3/4/2025 11:00,CR-002,04-03-2025 11-00-00-CR-002,10.617247,-61.43931,Early Caroni,1.77,0.06,No
3/4/2025 11:00,CR-003,04-03-2025 11-00-00-CR-003,10.616628,-61.420142,Mid Upper Caroni,2.37,-0.75,No
3/4/2025 11:00,CR-004,04-03-2025 11-00-00-CR-004,10.609654,-61.395995,Mid Caroni,3.12,-0.62,No
3/4/2025 11:00,CR-005,04-03-2025 11-00-00-CR-005,10.606111,-61.374422,Mid Lower Caroni,2.82,0.42,No
3/4/2025 11:00,CR-006,04-03-2025 11-00-00-CR-006,10.582769,-61.341406,Lower Caroni,3.06,0.71,No
3/4/2025 11:00,CR-007,04-03-2025 11-00-00-CR-007,10.578663,-61.291224,Caroni Swamp Entrance,2.85,0.96,No
3/4/2025 11:00,CR-008,04-03-2025 11-00-00-CR-008,10.5799,-61.255061,Caroni River Mouth,3.7,1.2,No
3/4/2025 12:00,CR-001,04-03-2025 12-00-00-CR-001,10.62038,-61.466257,Caroni Source,2.33,0.2,No
3/4/2025 12:00,CR-002,04-03-2025 12-00-00-CR-002,10.617247,-61.43931,Early Caroni,1.54,-0.23,No
3/4/2025 12:00,CR-003,04-03-2025 12-00-00-CR-003,10.616628,-61.420142,Mid Upper Caroni,1.85,-0.52,No
3/4/2025 12:00,CR-004,04-03-2025 12-00-00-CR-004,10.609654,-61.395995,Mid Caroni,2.4,-0.72,No
3/4/2025 12:00,CR-005,04-03-2025 12-00-00-CR-005,10.606111,-61.374422,Mid Lower Caroni,2.28,-0.54,No
3/4/2025 12:00,CR-006,04-03-2025 12-00-00-CR-006,10.582769,-61.341406,Lower Caroni,3,-0.06,No
3/4/2025 12:00,CR-007,04-03-2025 12-00-00-CR-007,10.578663,-61.291224,Caroni Swamp Entrance,2.02,-0.83,No
3/4/2025 12:00,CR-008,04-03-2025 12-00-00-CR-008,10.5799,-61.255061,Caroni River Mouth,1.57,-2.13,No
3/4/2025 13:00,CR-001,04-03-2025 13-00-00-CR-001,10.62038,-61.466257,Caroni Source,3,0.67,No
3/4/2025 13:00,CR-002,04-03-2025 13-00-00-CR-002,10.617247,-61.43931,Early Caroni,2.57,1.03,No
3/4/2025 13:00,CR-003,04-03-2025 13-00-00-CR-003,10.616628,-61.420142,Mid Upper Caroni,3.35,1.5,No
3/4/2025 13:00,CR-004,04-03-2025 13-00-00-CR-004,10.609654,-61.395995,Mid Caroni,3.46,1.06,No
3/4/2025 13:00,CR-005,04-03-2025 13-00-00-CR-005,10.606111,-61.374422,Mid Lower Caroni,3.39,1.11,No
3/4/2025 13:00,CR-006,04-03-2025 13-00-00-CR-006,10.582769,-61.341406,Lower Caroni,3.71,0.71,No
3/4/2025 13:00,CR-007,04-03-2025 13-00-00-CR-007,10.578663,-61.291224,Caroni Swamp Entrance,3.56,1.54,No
3/4/2025 13:00,CR-008,04-03-2025 13-00-00-CR-008,10.5799,-61.255061,Caroni River Mouth,3.49,1.92,No
3/4/2025 14:00,CR-001,04-03-2025 14-00-00-CR-001,10.62038,-61.466257,Caroni Source,2.05,-0.95,No
3/4/2025 14:00,CR-002,04-03-2025 14-00-00-CR-002,10.617247,-61.43931,Early Caroni,1.77,-0.8,No
3/4/2025 14:00,CR-003,04-03-2025 14-00-00-CR-003,10.616628,-61.420142,Mid Upper Caroni,2.98,-0.37,No
3/4/2025 14:00,CR-004,04-03-2025 14-00-00-CR-004,10.609654,-61.395995,Mid Caroni,2.81,-0.65,No
3/4/2025 14:00,CR-005,04-03-2025 14-00-00-CR-005,10.606111,-61.374422,Mid Lower Caroni,2.36,-1.03,No
3/4/2025 14:00,CR-006,04-03-2025 14-00-00-CR-006,10.582769,-61.341406,Lower Caroni,2.76,-0.95,No
3/4/2025 14:00,CR-007,04-03-2025 14-00-00-CR-007,10.578663,-61.291224,Caroni Swamp Entrance,3.95,0.39,Yes
3/4/2025 14:00,CR-008,04-03-2025 14-00-00-CR-008,10.5799,-61.255061,Caroni River Mouth,3.5,0.01,No
3/4/2025 15:00,CR-001,04-03-2025 15-00-00-CR-001,10.62038,-61.466257,Caroni Source,2.83,0.78,No
3/4/2025 15:00,CR-002,04-03-2025 15-00-00-CR-002,10.617247,-61.43931,Early Caroni,1.55,-0.22,No
3/4/2025 15:00,CR-003,04-03-2025 15-00-00-CR-003,10.616628,-61.420142,Mid Upper Caroni,1.73,-1.25,No
3/4/2025 15:00,CR-004,04-03-2025 15-00-00-CR-004,10.609654,-61.395995,Mid Caroni,3.03,0.22,No
3/4/2025 15:00,CR-005,04-03-2025 15-00-00-CR-005,10.606111,-61.374422,Mid Lower Caroni,2.86,0.5,No
3/4/2025 15:00,CR-006,04-03-2025 15-00-00-CR-006,10.582769,-61.341406,Lower Caroni,3.1,0.34,No
3/4/2025 15:00,CR-007,04-03-2025 15-00-00-CR-007,10.578663,-61.291224,Caroni Swamp Entrance,2.63,-1.32,No
3/4/2025 15:00,CR-008,04-03-2025 15-00-00-CR-008,10.5799,-61.255061,Caroni River Mouth,3.07,-0.43,No
3/4/2025 16:00,CR-001,04-03-2025 16-00-00-CR-001,10.62038,-61.466257,Caroni Source,3.22,0.39,No
3/4/2025 16:00,CR-002,04-03-2025 16-00-00-CR-002,10.617247,-61.43931,Early Caroni,3.17,1.62,No
3/4/2025 16:00,CR-003,04-03-2025 16-00-00-CR-003,10.616628,-61.420142,Mid Upper Caroni,2.96,1.23,No
3/4/2025 16:00,CR-004,04-03-2025 16-00-00-CR-004,10.609654,-61.395995,Mid Caroni,1.98,-1.05,No
3/4/2025 16:00,CR-005,04-03-2025 16-00-00-CR-005,10.606111,-61.374422,Mid Lower Caroni,1.69,-1.17,No
3/4/2025 16:00,CR-006,04-03-2025 16-00-00-CR-006,10.582769,-61.341406,Lower Caroni,1.96,-1.14,No
3/4/2025 16:00,CR-007,04-03-2025 16-00-00-CR-007,10.578663,-61.291224,Caroni Swamp Entrance,2.57,-0.06,No
3/4/2025 16:00,CR-008,04-03-2025 16-00-00-CR-008,10.5799,-61.255061,Caroni River Mouth,2.6,-0.47,No
3/4/2025 17:00,CR-001,04-03-2025 17-00-00-CR-001,10.62038,-61.466257,Caroni Source,1.79,-1.43,No
3/4/2025 17:00,CR-002,04-03-2025 17-00-00-CR-002,10.617247,-61.43931,Early Caroni,2.81,-0.36,No
3/4/2025 17:00,CR-003,04-03-2025 17-00-00-CR-003,10.616628,-61.420142,Mid Upper Caroni,3.7,0.74,No
3/4/2025 17:00,CR-004,04-03-2025 17-00-00-CR-004,10.609654,-61.395995,Mid Caroni,2.06,0.08,No
3/4/2025 17:00,CR-005,04-03-2025 17-00-00-CR-005,10.606111,-61.374422,Mid Lower Caroni,2.2,0.51,No
3/4/2025 17:00,CR-006,04-03-2025 17-00-00-CR-006,10.582769,-61.341406,Lower Caroni,2.95,0.99,No
3/4/2025 17:00,CR-007,04-03-2025 17-00-00-CR-007,10.578663,-61.291224,Caroni Swamp Entrance,3.03,0.46,No
3/4/2025 17:00,CR-008,04-03-2025 17-00-00-CR-008,10.5799,-61.255061,Caroni River Mouth,2.94,0.34,No
3/4/2025 18:00,CR-001,04-03-2025 18-00-00-CR-001,10.62038,-61.466257,Caroni Source,3.28,1.49,No
3/4/2025 18:00,CR-002,04-03-2025 18-00-00-CR-002,10.617247,-61.43931,Early Caroni,2.4,-0.41,No
3/4/2025 18:00,CR-003,04-03-2025 18-00-00-CR-003,10.616628,-61.420142,Mid Upper Caroni,2.36,-1.34,No
3/4/2025 18:00,CR-004,04-03-2025 18-00-00-CR-004,10.609654,-61.395995,Mid Caroni,2.42,0.36,No
3/4/2025 18:00,CR-005,04-03-2025 18-00-00-CR-005,10.606111,-61.374422,Mid Lower Caroni,2.04,-0.16,No
3/4/2025 18:00,CR-006,04-03-2025 18-00-00-CR-006,10.582769,-61.341406,Lower Caroni,2.27,-0.68,No
3/4/2025 18:00,CR-007,04-03-2025 18-00-00-CR-007,10.578663,-61.291224,Caroni Swamp Entrance,3.71,0.68,No
3/4/2025 18:00,CR-008,04-03-2025 18-00-00-CR-008,10.5799,-61.255061,Caroni River Mouth,3.07,0.13,No
3/4/2025 19:00,CR-001,04-03-2025 19-00-00-CR-001,10.62038,-61.466257,Caroni Source,2.42,-0.86,No
3/4/2025 19:00,CR-002,04-03-2025 19-00-00-CR-002,10.617247,-61.43931,Early Caroni,2.23,-0.17,No
3/4/2025 19:00,CR-003,04-03-2025 19-00-00-CR-003,10.616628,-61.420142,Mid Upper Caroni,2.58,0.22,No
3/4/2025 19:00,CR-004,04-03-2025 19-00-00-CR-004,10.609654,-61.395995,Mid Caroni,3.64,1.22,No
3/4/2025 19:00,CR-005,04-03-2025 19-00-00-CR-005,10.606111,-61.374422,Mid Lower Caroni,1.7,-0.34,No
3/4/2025 19:00,CR-006,04-03-2025 19-00-00-CR-006,10.582769,-61.341406,Lower Caroni,1.72,-0.55,No
3/4/2025 19:00,CR-007,04-03-2025 19-00-00-CR-007,10.578663,-61.291224,Caroni Swamp Entrance,2.34,-1.37,No
3/4/2025 19:00,CR-008,04-03-2025 19-00-00-CR-008,10.5799,-61.255061,Caroni River Mouth,3.53,0.46,No
3/4/2025 20:00,CR-001,04-03-2025 20-00-00-CR-001,10.62038,-61.466257,Caroni Source,3.82,1.4,Yes
3/4/2025 20:00,CR-002,04-03-2025 20-00-00-CR-002,10.617247,-61.43931,Early Caroni,2.72,0.49,No
3/4/2025 20:00,CR-003,04-03-2025 20-00-00-CR-003,10.616628,-61.420142,Mid Upper Caroni,2.77,0.19,No
3/4/2025 20:00,CR-004,04-03-2025 20-00-00-CR-004,10.609654,-61.395995,Mid Caroni,2.41,-1.23,No
3/4/2025 20:00,CR-005,04-03-2025 20-00-00-CR-005,10.606111,-61.374422,Mid Lower Caroni,2.68,0.98,No
3/4/2025 20:00,CR-006,04-03-2025 20-00-00-CR-006,10.582769,-61.341406,Lower Caroni,1.59,-0.13,No
3/4/2025 20:00,CR-007,04-03-2025 20-00-00-CR-007,10.578663,-61.291224,Caroni Swamp Entrance,2.27,-0.07,No
3/4/2025 20:00,CR-008,04-03-2025 20-00-00-CR-008,10.5799,-61.255061,Caroni River Mouth,1.89,-1.64,No
3/4/2025 21:00,CR-001,04-03-2025 21-00-00-CR-001,10.62038,-61.466257,Caroni Source,2.79,-1.03,No
3/4/2025 21:00,CR-002,04-03-2025 21-00-00-CR-002,10.617247,-61.43931,Early Caroni,1.82,-0.9,No
3/4/2025 21:00,CR-003,04-03-2025 21-00-00-CR-003,10.616628,-61.420142,Mid Upper Caroni,3.82,1.05,Yes
3/4/2025 21:00,CR-004,04-03-2025 21-00-00-CR-004,10.609654,-61.395995,Mid Caroni,2.95,0.54,No
3/4/2025 21:00,CR-005,04-03-2025 21-00-00-CR-005,10.606111,-61.374422,Mid Lower Caroni,3.5,0.82,No
3/4/2025 21:00,CR-006,04-03-2025 21-00-00-CR-006,10.582769,-61.341406,Lower Caroni,2.56,0.97,No
3/4/2025 21:00,CR-007,04-03-2025 21-00-00-CR-007,10.578663,-61.291224,Caroni Swamp Entrance,2.02,-0.25,No
3/4/2025 21:00,CR-008,04-03-2025 21-00-00-CR-008,10.5799,-61.255061,Caroni River Mouth,3.56,1.67,No
3/4/2025 22:00,CR-001,04-03-2025 22-00-00-CR-001,10.62038,-61.466257,Caroni Source,1.66,-1.13,No
3/4/2025 22:00,CR-002,04-03-2025 22-00-00-CR-002,10.617247,-61.43931,Early Caroni,1.83,0.01,No
3/4/2025 22:00,CR-003,04-03-2025 22-00-00-CR-003,10.616628,-61.420142,Mid Upper Caroni,3.58,-0.24,No
3/4/2025 22:00,CR-004,04-03-2025 22-00-00-CR-004,10.609654,-61.395995,Mid Caroni,2.84,-0.11,No
3/4/2025 22:00,CR-005,04-03-2025 22-00-00-CR-005,10.606111,-61.374422,Mid Lower Caroni,2.01,-1.49,No
3/4/2025 22:00,CR-006,04-03-2025 22-00-00-CR-006,10.582769,-61.341406,Lower Caroni,2.74,0.18,No
3/4/2025 22:00,CR-007,04-03-2025 22-00-00-CR-007,10.578663,-61.291224,Caroni Swamp Entrance,3.02,1,No
3/4/2025 22:00,CR-008,04-03-2025 22-00-00-CR-008,10.5799,-61.255061,Caroni River Mouth,3.01,-0.55,No
3/4/2025 23:00,CR-001,04-03-2025 23-00-00-CR-001,10.62038,-61.466257,Caroni Source,2.93,1.27,No
3/4/2025 23:00,CR-002,04-03-2025 23-00-00-CR-002,10.617247,-61.43931,Early Caroni,2.44,0.61,No
3/4/2025 23:00,CR-003,04-03-2025 23-00-00-CR-003,10.616628,-61.420142,Mid Upper Caroni,3.24,-0.34,No
3/4/2025 23:00,CR-004,04-03-2025 23-00-00-CR-004,10.609654,-61.395995,Mid Caroni,3.47,0.63,No
3/4/2025 23:00,CR-005,04-03-2025 23-00-00-CR-005,10.606111,-61.374422,Mid Lower Caroni,2.94,0.93,No
3/4/2025 23:00,CR-006,04-03-2025 23-00-00-CR-006,10.582769,-61.341406,Lower Caroni,2.01,-0.73,No
3/4/2025 23:00,CR-007,04-03-2025 23-00-00-CR-007,10.578663,-61.291224,Caroni Swamp Entrance,3.66,0.64,No
3/4/2025 23:00,CR-008,04-03-2025 23-00-00-CR-008,10.5799,-61.255061,Caroni River Mouth,3.62,0.61,No
3/5/2025 0:00,CR-001,05-03-2025 00-00-00-CR-001,10.62038,-61.466257,Caroni Source,2.3,-0.63,No
3/5/2025 0:00,CR-002,05-03-2025 00-00-00-CR-002,10.617247,-61.43931,Early Caroni,2.35,-0.09,No
3/5/2025 0:00,CR-003,05-03-2025 00-00-00-CR-003,10.616628,-61.420142,Mid Upper Caroni,1.92,-1.32,No
3/5/2025 0:00,CR-004,05-03-2025 00-00-00-CR-004,10.609654,-61.395995,Mid Caroni,3.09,-0.38,No
3/5/2025 0:00,CR-005,05-03-2025 00-00-00-CR-005,10.606111,-61.374422,Mid Lower Caroni,2.96,0.02,No
3/5/2025 0:00,CR-006,05-03-2025 00-00-00-CR-006,10.582769,-61.341406,Lower Caroni,1.66,-0.35,No
3/5/2025 0:00,CR-007,05-03-2025 00-00-00-CR-007,10.578663,-61.291224,Caroni Swamp Entrance,3.66,0,No
3/5/2025 0:00,CR-008,05-03-2025 00-00-00-CR-008,10.5799,-61.255061,Caroni River Mouth,3.05,-0.57,No
3/5/2025 1:00,CR-001,05-03-2025 01-00-00-CR-001,10.62038,-61.466257,Caroni Source,3.57,1.27,No
3/5/2025 1:00,CR-002,05-03-2025 01-00-00-CR-002,10.617247,-61.43931,Early Caroni,3.16,0.81,No
3/5/2025 1:00,CR-003,05-03-2025 01-00-00-CR-003,10.616628,-61.420142,Mid Upper Caroni,1.67,-0.25,No
3/5/2025 1:00,CR-004,05-03-2025 01-00-00-CR-004,10.609654,-61.395995,Mid Caroni,1.51,-1.58,No
3/5/2025 1:00,CR-005,05-03-2025 01-00-00-CR-005,10.606111,-61.374422,Mid Lower Caroni,2.34,-0.62,No
3/5/2025 1:00,CR-006,05-03-2025 01-00-00-CR-006,10.582769,-61.341406,Lower Caroni,4,2.34,Yes
3/5/2025 1:00,CR-007,05-03-2025 01-00-00-CR-007,10.578663,-61.291224,Caroni Swamp Entrance,3.65,-0.01,No
3/5/2025 1:00,CR-008,05-03-2025 01-00-00-CR-008,10.5799,-61.255061,Caroni River Mouth,1.68,-1.37,No
3/5/2025 2:00,CR-001,05-03-2025 02-00-00-CR-001,10.62038,-61.466257,Caroni Source,2.26,-1.31,No
3/5/2025 2:00,CR-002,05-03-2025 02-00-00-CR-002,10.617247,-61.43931,Early Caroni,1.59,-1.57,No
3/5/2025 2:00,CR-003,05-03-2025 02-00-00-CR-003,10.616628,-61.420142,Mid Upper Caroni,2.37,0.7,No
3/5/2025 2:00,CR-004,05-03-2025 02-00-00-CR-004,10.609654,-61.395995,Mid Caroni,3.75,2.24,No
3/5/2025 2:00,CR-005,05-03-2025 02-00-00-CR-005,10.606111,-61.374422,Mid Lower Caroni,3.59,1.25,No
3/5/2025 2:00,CR-006,05-03-2025 02-00-00-CR-006,10.582769,-61.341406,Lower Caroni,3.91,-0.09,Yes
3/5/2025 2:00,CR-007,05-03-2025 02-00-00-CR-007,10.578663,-61.291224,Caroni Swamp Entrance,1.85,-1.8,No
3/5/2025 2:00,CR-008,05-03-2025 02-00-00-CR-008,10.5799,-61.255061,Caroni River Mouth,2.74,1.06,No
3/5/2025 3:00,CR-001,05-03-2025 03-00-00-CR-001,10.62038,-61.466257,Caroni Source,2.47,0.21,No
3/5/2025 3:00,CR-002,05-03-2025 03-00-00-CR-002,10.617247,-61.43931,Early Caroni,3,1.41,No
3/5/2025 3:00,CR-003,05-03-2025 03-00-00-CR-003,10.616628,-61.420142,Mid Upper Caroni,1.59,-0.78,No
3/5/2025 3:00,CR-004,05-03-2025 03-00-00-CR-004,10.609654,-61.395995,Mid Caroni,3.39,-0.36,No
3/5/2025 3:00,CR-005,05-03-2025 03-00-00-CR-005,10.606111,-61.374422,Mid Lower Caroni,3.79,0.2,No
3/5/2025 3:00,CR-006,05-03-2025 03-00-00-CR-006,10.582769,-61.341406,Lower Caroni,3.16,-0.75,No
3/5/2025 3:00,CR-007,05-03-2025 03-00-00-CR-007,10.578663,-61.291224,Caroni Swamp Entrance,2.76,0.91,No
3/5/2025 3:00,CR-008,05-03-2025 03-00-00-CR-008,10.5799,-61.255061,Caroni River Mouth,3.22,0.48,No
3/5/2025 4:00,CR-001,05-03-2025 04-00-00-CR-001,10.62038,-61.466257,Caroni Source,2.25,-0.22,No
3/5/2025 4:00,CR-002,05-03-2025 04-00-00-CR-002,10.617247,-61.43931,Early Caroni,2.12,-0.88,No
3/5/2025 4:00,CR-003,05-03-2025 04-00-00-CR-003,10.616628,-61.420142,Mid Upper Caroni,1.57,-0.02,No
3/5/2025 4:00,CR-004,05-03-2025 04-00-00-CR-004,10.609654,-61.395995,Mid Caroni,1.73,-1.66,No
3/5/2025 4:00,CR-005,05-03-2025 04-00-00-CR-005,10.606111,-61.374422,Mid Lower Caroni,3.44,-0.35,No
3/5/2025 4:00,CR-006,05-03-2025 04-00-00-CR-006,10.582769,-61.341406,Lower Caroni,2.58,-0.58,No
3/5/2025 4:00,CR-007,05-03-2025 04-00-00-CR-007,10.578663,-61.291224,Caroni Swamp Entrance,3.59,0.83,No
3/5/2025 4:00,CR-008,05-03-2025 04-00-00-CR-008,10.5799,-61.255061,Caroni River Mouth,3.81,0.59,Yes
3/5/2025 5:00,CR-001,05-03-2025 05-00-00-CR-001,10.62038,-61.466257,Caroni Source,3.79,1.54,No
3/5/2025 5:00,CR-002,05-03-2025 05-00-00-CR-002,10.617247,-61.43931,Early Caroni,3.45,1.33,No
3/5/2025 5:00,CR-003,05-03-2025 05-00-00-CR-003,10.616628,-61.420142,Mid Upper Caroni,2.81,1.24,No
3/5/2025 5:00,CR-004,05-03-2025 05-00-00-CR-004,10.609654,-61.395995,Mid Caroni,2.08,0.35,No
3/5/2025 5:00,CR-005,05-03-2025 05-00-00-CR-005,10.606111,-61.374422,Mid Lower Caroni,2.05,-1.39,No
3/5/2025 5:00,CR-006,05-03-2025 05-00-00-CR-006,10.582769,-61.341406,Lower Caroni,3.9,1.32,Yes
3/5/2025 5:00,CR-007,05-03-2025 05-00-00-CR-007,10.578663,-61.291224,Caroni Swamp Entrance,3.25,-0.34,No
3/5/2025 5:00,CR-008,05-03-2025 05-00-00-CR-008,10.5799,-61.255061,Caroni River Mouth,1.7,-2.11,No
3/5/2025 6:00,CR-001,05-03-2025 06-00-00-CR-001,10.62038,-61.466257,Caroni Source,3.9,0.11,Yes
3/5/2025 6:00,CR-002,05-03-2025 06-00-00-CR-002,10.617247,-61.43931,Early Caroni,2.12,-1.33,No
3/5/2025 6:00,CR-003,05-03-2025 06-00-00-CR-003,10.616628,-61.420142,Mid Upper Caroni,3.42,0.61,No
3/5/2025 6:00,CR-004,05-03-2025 06-00-00-CR-004,10.609654,-61.395995,Mid Caroni,3.51,1.43,No
3/5/2025 6:00,CR-005,05-03-2025 06-00-00-CR-005,10.606111,-61.374422,Mid Lower Caroni,3.55,1.5,No
3/5/2025 6:00,CR-006,05-03-2025 06-00-00-CR-006,10.582769,-61.341406,Lower Caroni,2.26,-1.64,No
3/5/2025 6:00,CR-007,05-03-2025 06-00-00-CR-007,10.578663,-61.291224,Caroni Swamp Entrance,3.29,0.04,No
3/5/2025 6:00,CR-008,05-03-2025 06-00-00-CR-008,10.5799,-61.255061,Caroni River Mouth,3.34,1.64,No
3/5/2025 7:00,CR-001,05-03-2025 07-00-00-CR-001,10.62038,-61.466257,Caroni Source,3,-0.9,No
3/5/2025 7:00,CR-002,05-03-2025 07-00-00-CR-002,10.617247,-61.43931,Early Caroni,2.86,0.74,No
3/5/2025 7:00,CR-003,05-03-2025 07-00-00-CR-003,10.616628,-61.420142,Mid Upper Caroni,2.57,-0.85,No
3/5/2025 7:00,CR-004,05-03-2025 07-00-00-CR-004,10.609654,-61.395995,Mid Caroni,2.95,-0.56,No
3/5/2025 7:00,CR-005,05-03-2025 07-00-00-CR-005,10.606111,-61.374422,Mid Lower Caroni,2.26,-1.29,No
3/5/2025 7:00,CR-006,05-03-2025 07-00-00-CR-006,10.582769,-61.341406,Lower Caroni,2.59,0.33,No
3/5/2025 7:00,CR-007,05-03-2025 07-00-00-CR-007,10.578663,-61.291224,Caroni Swamp Entrance,2.81,-0.48,No
3/5/2025 7:00,CR-008,05-03-2025 07-00-00-CR-008,10.5799,-61.255061,Caroni River Mouth,1.66,-1.68,No
3/5/2025 8:00,CR-001,05-03-2025 08-00-00-CR-001,10.62038,-61.466257,Caroni Source,3.07,0.07,No
3/5/2025 8:00,CR-002,05-03-2025 08-00-00-CR-002,10.617247,-61.43931,Early Caroni,3.92,1.06,Yes
3/5/2025 8:00,CR-003,05-03-2025 08-00-00-CR-003,10.616628,-61.420142,Mid Upper Caroni,3.35,0.78,No
3/5/2025 8:00,CR-004,05-03-2025 08-00-00-CR-004,10.609654,-61.395995,Mid Caroni,2.79,-0.16,No
3/5/2025 8:00,CR-005,05-03-2025 08-00-00-CR-005,10.606111,-61.374422,Mid Lower Caroni,2.22,-0.04,No
3/5/2025 8:00,CR-006,05-03-2025 08-00-00-CR-006,10.582769,-61.341406,Lower Caroni,3.78,1.19,No
3/5/2025 8:00,CR-007,05-03-2025 08-00-00-CR-007,10.578663,-61.291224,Caroni Swamp Entrance,2.41,-0.4,No
3/5/2025 8:00,CR-008,05-03-2025 08-00-00-CR-008,10.5799,-61.255061,Caroni River Mouth,2.73,1.07,No
3/5/2025 9:00,CR-001,05-03-2025 09-00-00-CR-001,10.62038,-61.466257,Caroni Source,3.8,0.73,No
3/5/2025 9:00,CR-002,05-03-2025 09-00-00-CR-002,10.617247,-61.43931,Early Caroni,1.83,-2.09,No
3/5/2025 9:00,CR-003,05-03-2025 09-00-00-CR-003,10.616628,-61.420142,Mid Upper Caroni,2.8,-0.55,No
3/5/2025 9:00,CR-004,05-03-2025 09-00-00-CR-004,10.609654,-61.395995,Mid Caroni,3.87,1.08,Yes
3/5/2025 9:00,CR-005,05-03-2025 09-00-00-CR-005,10.606111,-61.374422,Mid Lower Caroni,2.63,0.41,No
3/5/2025 9:00,CR-006,05-03-2025 09-00-00-CR-006,10.582769,-61.341406,Lower Caroni,1.75,-2.03,No
3/5/2025 9:00,CR-007,05-03-2025 09-00-00-CR-007,10.578663,-61.291224,Caroni Swamp Entrance,2.9,0.49,No
3/5/2025 9:00,CR-008,05-03-2025 09-00-00-CR-008,10.5799,-61.255061,Caroni River Mouth,1.75,-0.98,No
3/5/2025 10:00,CR-001,05-03-2025 10-00-00-CR-001,10.62038,-61.466257,Caroni Source,3.39,-0.41,No
3/5/2025 10:00,CR-002,05-03-2025 10-00-00-CR-002,10.617247,-61.43931,Early Caroni,3.76,1.93,No
3/5/2025 10:00,CR-003,05-03-2025 10-00-00-CR-003,10.616628,-61.420142,Mid Upper Caroni,1.93,-0.87,No
3/5/2025 10:00,CR-004,05-03-2025 10-00-00-CR-004,10.609654,-61.395995,Mid Caroni,3.77,-0.1,No
3/5/2025 10:00,CR-005,05-03-2025 10-00-00-CR-005,10.606111,-61.374422,Mid Lower Caroni,1.66,-0.97,No
3/5/2025 10:00,CR-006,05-03-2025 10-00-00-CR-006,10.582769,-61.341406,Lower Caroni,3.91,2.16,Yes
3/5/2025 10:00,CR-007,05-03-2025 10-00-00-CR-007,10.578663,-61.291224,Caroni Swamp Entrance,3.3,0.4,No
3/5/2025 10:00,CR-008,05-03-2025 10-00-00-CR-008,10.5799,-61.255061,Caroni River Mouth,1.76,0.01,No
3/5/2025 11:00,CR-001,05-03-2025 11-00-00-CR-001,10.62038,-61.466257,Caroni Source,3.96,0.57,Yes
3/5/2025 11:00,CR-002,05-03-2025 11-00-00-CR-002,10.617247,-61.43931,Early Caroni,3.18,-0.58,No
3/5/2025 11:00,CR-003,05-03-2025 11-00-00-CR-003,10.616628,-61.420142,Mid Upper Caroni,3.18,1.25,No
3/5/2025 11:00,CR-004,05-03-2025 11-00-00-CR-004,10.609654,-61.395995,Mid Caroni,3.93,0.16,Yes
3/5/2025 11:00,CR-005,05-03-2025 11-00-00-CR-005,10.606111,-61.374422,Mid Lower Caroni,3.33,1.67,No
3/5/2025 11:00,CR-006,05-03-2025 11-00-00-CR-006,10.582769,-61.341406,Lower Caroni,2.66,-1.25,No
3/5/2025 11:00,CR-007,05-03-2025 11-00-00-CR-007,10.578663,-61.291224,Caroni Swamp Entrance,3.52,0.22,No
3/5/2025 11:00,CR-008,05-03-2025 11-00-00-CR-008,10.5799,-61.255061,Caroni River Mouth,3.86,2.1,Yes
3/5/2025 12:00,CR-001,05-03-2025 12-00-00-CR-001,10.62038,-61.466257,Caroni Source,3.07,-0.89,No
3/5/2025 12:00,CR-002,05-03-2025 12-00-00-CR-002,10.617247,-61.43931,Early Caroni,2.43,-0.75,No
3/5/2025 12:00,CR-003,05-03-2025 12-00-00-CR-003,10.616628,-61.420142,Mid Upper Caroni,1.69,-1.49,No
3/5/2025 12:00,CR-004,05-03-2025 12-00-00-CR-004,10.609654,-61.395995,Mid Caroni,3.07,-0.86,No
3/5/2025 12:00,CR-005,05-03-2025 12-00-00-CR-005,10.606111,-61.374422,Mid Lower Caroni,2.16,-1.17,No
3/5/2025 12:00,CR-006,05-03-2025 12-00-00-CR-006,10.582769,-61.341406,Lower Caroni,3.66,1,No
3/5/2025 12:00,CR-007,05-03-2025 12-00-00-CR-007,10.578663,-61.291224,Caroni Swamp Entrance,2.04,-1.48,No
3/5/2025 12:00,CR-008,05-03-2025 12-00-00-CR-008,10.5799,-61.255061,Caroni River Mouth,2.88,-0.98,No
3/5/2025 13:00,CR-001,05-03-2025 13-00-00-CR-001,10.62038,-61.466257,Caroni Source,3.63,0.56,No
3/5/2025 13:00,CR-002,05-03-2025 13-00-00-CR-002,10.617247,-61.43931,Early Caroni,2.47,0.04,No
3/5/2025 13:00,CR-003,05-03-2025 13-00-00-CR-003,10.616628,-61.420142,Mid Upper Caroni,2.91,1.22,No
3/5/2025 13:00,CR-004,05-03-2025 13-00-00-CR-004,10.609654,-61.395995,Mid Caroni,3.6,0.53,No
3/5/2025 13:00,CR-005,05-03-2025 13-00-00-CR-005,10.606111,-61.374422,Mid Lower Caroni,3.56,1.4,No
3/5/2025 13:00,CR-006,05-03-2025 13-00-00-CR-006,10.582769,-61.341406,Lower Caroni,1.96,-1.7,No
3/5/2025 13:00,CR-007,05-03-2025 13-00-00-CR-007,10.578663,-61.291224,Caroni Swamp Entrance,2.57,0.53,No
3/5/2025 13:00,CR-008,05-03-2025 13-00-00-CR-008,10.5799,-61.255061,Caroni River Mouth,1.64,-1.24,No
3/5/2025 14:00,CR-001,05-03-2025 14-00-00-CR-001,10.62038,-61.466257,Caroni Source,3.38,-0.25,No
3/5/2025 14:00,CR-002,05-03-2025 14-00-00-CR-002,10.617247,-61.43931,Early Caroni,3.45,0.98,No
3/5/2025 14:00,CR-003,05-03-2025 14-00-00-CR-003,10.616628,-61.420142,Mid Upper Caroni,2.27,-0.64,No
3/5/2025 14:00,CR-004,05-03-2025 14-00-00-CR-004,10.609654,-61.395995,Mid Caroni,2.82,-0.78,No
3/5/2025 14:00,CR-005,05-03-2025 14-00-00-CR-005,10.606111,-61.374422,Mid Lower Caroni,3.63,0.07,No
3/5/2025 14:00,CR-006,05-03-2025 14-00-00-CR-006,10.582769,-61.341406,Lower Caroni,2.32,0.36,No
3/5/2025 14:00,CR-007,05-03-2025 14-00-00-CR-007,10.578663,-61.291224,Caroni Swamp Entrance,3.07,0.5,No
3/5/2025 14:00,CR-008,05-03-2025 14-00-00-CR-008,10.5799,-61.255061,Caroni River Mouth,3.95,2.31,Yes
3/5/2025 15:00,CR-001,05-03-2025 15-00-00-CR-001,10.62038,-61.466257,Caroni Source,2.54,-0.84,No
3/5/2025 15:00,CR-002,05-03-2025 15-00-00-CR-002,10.617247,-61.43931,Early Caroni,3.9,0.45,Yes
3/5/2025 15:00,CR-003,05-03-2025 15-00-00-CR-003,10.616628,-61.420142,Mid Upper Caroni,1.95,-0.32,No
3/5/2025 15:00,CR-004,05-03-2025 15-00-00-CR-004,10.609654,-61.395995,Mid Caroni,2.65,-0.17,No
3/5/2025 15:00,CR-005,05-03-2025 15-00-00-CR-005,10.606111,-61.374422,Mid Lower Caroni,3.93,0.3,Yes
3/5/2025 15:00,CR-006,05-03-2025 15-00-00-CR-006,10.582769,-61.341406,Lower Caroni,3.52,1.2,No
3/5/2025 15:00,CR-007,05-03-2025 15-00-00-CR-007,10.578663,-61.291224,Caroni Swamp Entrance,2.9,-0.17,No
3/5/2025 15:00,CR-008,05-03-2025 15-00-00-CR-008,10.5799,-61.255061,Caroni River Mouth,1.84,-2.11,No
3/5/2025 16:00,CR-001,05-03-2025 16-00-00-CR-001,10.62038,-61.466257,Caroni Source,3.38,0.84,No
3/5/2025 16:00,CR-002,05-03-2025 16-00-00-CR-002,10.617247,-61.43931,Early Caroni,2.9,-1,No
3/5/2025 16:00,CR-003,05-03-2025 16-00-00-CR-003,10.616628,-61.420142,Mid Upper Caroni,2.44,0.49,No
3/5/2025 16:00,CR-004,05-03-2025 16-00-00-CR-004,10.609654,-61.395995,Mid Caroni,2.43,-0.22,No
3/5/2025 16:00,CR-005,05-03-2025 16-00-00-CR-005,10.606111,-61.374422,Mid Lower Caroni,2.46,-1.47,No
3/5/2025 16:00,CR-006,05-03-2025 16-00-00-CR-006,10.582769,-61.341406,Lower Caroni,1.97,-1.55,No
3/5/2025 16:00,CR-007,05-03-2025 16-00-00-CR-007,10.578663,-61.291224,Caroni Swamp Entrance,1.9,-1,No
3/5/2025 16:00,CR-008,05-03-2025 16-00-00-CR-008,10.5799,-61.255061,Caroni River Mouth,2.05,0.21,No
3/5/2025 17:00,CR-001,05-03-2025 17-00-00-CR-001,10.62038,-61.466257,Caroni Source,2.32,-1.06,No
3/5/2025 17:00,CR-002,05-03-2025 17-00-00-CR-002,10.617247,-61.43931,Early Caroni,2.73,-0.17,No
3/5/2025 17:00,CR-003,05-03-2025 17-00-00-CR-003,10.616628,-61.420142,Mid Upper Caroni,2.33,-0.11,No
3/5/2025 17:00,CR-004,05-03-2025 17-00-00-CR-004,10.609654,-61.395995,Mid Caroni,1.6,-0.83,No
3/5/2025 17:00,CR-005,05-03-2025 17-00-00-CR-005,10.606111,-61.374422,Mid Lower Caroni,2.56,0.1,No
3/5/2025 17:00,CR-006,05-03-2025 17-00-00-CR-006,10.582769,-61.341406,Lower Caroni,3.61,1.64,No
3/5/2025 17:00,CR-007,05-03-2025 17-00-00-CR-007,10.578663,-61.291224,Caroni Swamp Entrance,3.39,1.49,No
3/5/2025 17:00,CR-008,05-03-2025 17-00-00-CR-008,10.5799,-61.255061,Caroni River Mouth,2.23,0.18,No
3/5/2025 18:00,CR-001,05-03-2025 18-00-00-CR-001,10.62038,-61.466257,Caroni Source,3.36,1.04,No
3/5/2025 18:00,CR-002,05-03-2025 18-00-00-CR-002,10.617247,-61.43931,Early Caroni,2.77,0.04,No
3/5/2025 18:00,CR-003,05-03-2025 18-00-00-CR-003,10.616628,-61.420142,Mid Upper Caroni,3.52,1.19,No
3/5/2025 18:00,CR-004,05-03-2025 18-00-00-CR-004,10.609654,-61.395995,Mid Caroni,1.72,0.12,No
3/5/2025 18:00,CR-005,05-03-2025 18-00-00-CR-005,10.606111,-61.374422,Mid Lower Caroni,2.21,-0.35,No
3/5/2025 18:00,CR-006,05-03-2025 18-00-00-CR-006,10.582769,-61.341406,Lower Caroni,3.48,-0.13,No
3/5/2025 18:00,CR-007,05-03-2025 18-00-00-CR-007,10.578663,-61.291224,Caroni Swamp Entrance,1.96,-1.43,No
3/5/2025 18:00,CR-008,05-03-2025 18-00-00-CR-008,10.5799,-61.255061,Caroni River Mouth,3.46,1.23,No
3/5/2025 19:00,CR-001,05-03-2025 19-00-00-CR-001,10.62038,-61.466257,Caroni Source,1.77,-1.59,No
3/5/2025 19:00,CR-002,05-03-2025 19-00-00-CR-002,10.617247,-61.43931,Early Caroni,3.87,1.1,Yes
3/5/2025 19:00,CR-003,05-03-2025 19-00-00-CR-003,10.616628,-61.420142,Mid Upper Caroni,3.73,0.21,No
3/5/2025 19:00,CR-004,05-03-2025 19-00-00-CR-004,10.609654,-61.395995,Mid Caroni,2.13,0.41,No
3/5/2025 19:00,CR-005,05-03-2025 19-00-00-CR-005,10.606111,-61.374422,Mid Lower Caroni,3.11,0.9,No
3/5/2025 19:00,CR-006,05-03-2025 19-00-00-CR-006,10.582769,-61.341406,Lower Caroni,2.93,-0.55,No
3/5/2025 19:00,CR-007,05-03-2025 19-00-00-CR-007,10.578663,-61.291224,Caroni Swamp Entrance,1.88,-0.08,No
3/5/2025 19:00,CR-008,05-03-2025 19-00-00-CR-008,10.5799,-61.255061,Caroni River Mouth,1.82,-1.64,No
3/5/2025 20:00,CR-001,05-03-2025 20-00-00-CR-001,10.62038,-61.466257,Caroni Source,1.57,-0.2,No
3/5/2025 20:00,CR-002,05-03-2025 20-00-00-CR-002,10.617247,-61.43931,Early Caroni,3.57,-0.3,No
3/5/2025 20:00,CR-003,05-03-2025 20-00-00-CR-003,10.616628,-61.420142,Mid Upper Caroni,3.3,-0.43,No
3/5/2025 20:00,CR-004,05-03-2025 20-00-00-CR-004,10.609654,-61.395995,Mid Caroni,3.13,1,No
3/5/2025 20:00,CR-005,05-03-2025 20-00-00-CR-005,10.606111,-61.374422,Mid Lower Caroni,2.49,-0.62,No
3/5/2025 20:00,CR-006,05-03-2025 20-00-00-CR-006,10.582769,-61.341406,Lower Caroni,2.52,-0.41,No
3/5/2025 20:00,CR-007,05-03-2025 20-00-00-CR-007,10.578663,-61.291224,Caroni Swamp Entrance,3.16,1.28,No
3/5/2025 20:00,CR-008,05-03-2025 20-00-00-CR-008,10.5799,-61.255061,Caroni River Mouth,1.61,-0.21,No
3/5/2025 21:00,CR-001,05-03-2025 21-00-00-CR-001,10.62038,-61.466257,Caroni Source,3.23,1.66,No
3/5/2025 21:00,CR-002,05-03-2025 21-00-00-CR-002,10.617247,-61.43931,Early Caroni,1.94,-1.63,No
3/5/2025 21:00,CR-003,05-03-2025 21-00-00-CR-003,10.616628,-61.420142,Mid Upper Caroni,2.64,-0.66,No
3/5/2025 21:00,CR-004,05-03-2025 21-00-00-CR-004,10.609654,-61.395995,Mid Caroni,3.05,-0.08,No
3/5/2025 21:00,CR-005,05-03-2025 21-00-00-CR-005,10.606111,-61.374422,Mid Lower Caroni,3.45,0.96,No
3/5/2025 21:00,CR-006,05-03-2025 21-00-00-CR-006,10.582769,-61.341406,Lower Caroni,2.6,0.08,No
3/5/2025 21:00,CR-007,05-03-2025 21-00-00-CR-007,10.578663,-61.291224,Caroni Swamp Entrance,2.98,-0.18,No
3/5/2025 21:00,CR-008,05-03-2025 21-00-00-CR-008,10.5799,-61.255061,Caroni River Mouth,2.38,0.77,No
3/5/2025 22:00,CR-001,05-03-2025 22-00-00-CR-001,10.62038,-61.466257,Caroni Source,2.39,-0.84,No
3/5/2025 22:00,CR-002,05-03-2025 22-00-00-CR-002,10.617247,-61.43931,Early Caroni,1.83,-0.11,No
3/5/2025 22:00,CR-003,05-03-2025 22-00-00-CR-003,10.616628,-61.420142,Mid Upper Caroni,1.53,-1.11,No
3/5/2025 22:00,CR-004,05-03-2025 22-00-00-CR-004,10.609654,-61.395995,Mid Caroni,2.68,-0.37,No
3/5/2025 22:00,CR-005,05-03-2025 22-00-00-CR-005,10.606111,-61.374422,Mid Lower Caroni,3,-0.45,No
3/5/2025 22:00,CR-006,05-03-2025 22-00-00-CR-006,10.582769,-61.341406,Lower Caroni,2.01,-0.59,No
3/5/2025 22:00,CR-007,05-03-2025 22-00-00-CR-007,10.578663,-61.291224,Caroni Swamp Entrance,2.31,-0.67,No
3/5/2025 22:00,CR-008,05-03-2025 22-00-00-CR-008,10.5799,-61.255061,Caroni River Mouth,2.34,-0.04,No
3/5/2025 23:00,CR-001,05-03-2025 23-00-00-CR-001,10.62038,-61.466257,Caroni Source,3.37,0.98,No
3/5/2025 23:00,CR-002,05-03-2025 23-00-00-CR-002,10.617247,-61.43931,Early Caroni,2.2,0.37,No
3/5/2025 23:00,CR-003,05-03-2025 23-00-00-CR-003,10.616628,-61.420142,Mid Upper Caroni,3.28,1.75,No
3/5/2025 23:00,CR-004,05-03-2025 23-00-00-CR-004,10.609654,-61.395995,Mid Caroni,1.63,-1.05,No
3/5/2025 23:00,CR-005,05-03-2025 23-00-00-CR-005,10.606111,-61.374422,Mid Lower Caroni,1.92,-1.08,No
3/5/2025 23:00,CR-006,05-03-2025 23-00-00-CR-006,10.582769,-61.341406,Lower Caroni,2.34,0.33,No
3/5/2025 23:00,CR-007,05-03-2025 23-00-00-CR-007,10.578663,-61.291224,Caroni Swamp Entrance,3.19,0.88,No
3/5/2025 23:00,CR-008,05-03-2025 23-00-00-CR-008,10.5799,-61.255061,Caroni River Mouth,2.85,0.51,No
3/6/2025 0:00,CR-001,06-03-2025 00-00-00-CR-001,10.62038,-61.466257,Caroni Source,3.75,0.38,No
3/6/2025 0:00,CR-002,06-03-2025 00-00-00-CR-002,10.617247,-61.43931,Early Caroni,2.33,0.13,No
3/6/2025 0:00,CR-003,06-03-2025 00-00-00-CR-003,10.616628,-61.420142,Mid Upper Caroni,2.85,-0.43,No
3/6/2025 0:00,CR-004,06-03-2025 00-00-00-CR-004,10.609654,-61.395995,Mid Caroni,3.92,2.29,Yes
3/6/2025 0:00,CR-005,06-03-2025 00-00-00-CR-005,10.606111,-61.374422,Mid Lower Caroni,3.13,1.21,No
3/6/2025 0:00,CR-006,06-03-2025 00-00-00-CR-006,10.582769,-61.341406,Lower Caroni,3.52,1.18,No
3/6/2025 0:00,CR-007,06-03-2025 00-00-00-CR-007,10.578663,-61.291224,Caroni Swamp Entrance,3.13,-0.06,No
3/6/2025 0:00,CR-008,06-03-2025 00-00-00-CR-008,10.5799,-61.255061,Caroni River Mouth,3.87,1.02,Yes
3/6/2025 1:00,CR-001,06-03-2025 01-00-00-CR-001,10.62038,-61.466257,Caroni Source,1.57,-2.18,No
3/6/2025 1:00,CR-002,06-03-2025 01-00-00-CR-002,10.617247,-61.43931,Early Caroni,3.36,1.03,No
3/6/2025 1:00,CR-003,06-03-2025 01-00-00-CR-003,10.616628,-61.420142,Mid Upper Caroni,2.31,-0.54,No
3/6/2025 1:00,CR-004,06-03-2025 01-00-00-CR-004,10.609654,-61.395995,Mid Caroni,3.22,-0.7,No
3/6/2025 1:00,CR-005,06-03-2025 01-00-00-CR-005,10.606111,-61.374422,Mid Lower Caroni,3.8,0.67,No
3/6/2025 1:00,CR-006,06-03-2025 01-00-00-CR-006,10.582769,-61.341406,Lower Caroni,2.26,-1.26,No
3/6/2025 1:00,CR-007,06-03-2025 01-00-00-CR-007,10.578663,-61.291224,Caroni Swamp Entrance,1.53,-1.6,No
3/6/2025 1:00,CR-008,06-03-2025 01-00-00-CR-008,10.5799,-61.255061,Caroni River Mouth,3.36,-0.51,No
3/6/2025 2:00,CR-001,06-03-2025 02-00-00-CR-001,10.62038,-61.466257,Caroni Source,3.06,1.49,No
3/6/2025 2:00,CR-002,06-03-2025 02-00-00-CR-002,10.617247,-61.43931,Early Caroni,1.94,-1.42,No
3/6/2025 2:00,CR-003,06-03-2025 02-00-00-CR-003,10.616628,-61.420142,Mid Upper Caroni,2.42,0.11,No
3/6/2025 2:00,CR-004,06-03-2025 02-00-00-CR-004,10.609654,-61.395995,Mid Caroni,2.31,-0.91,No
3/6/2025 2:00,CR-005,06-03-2025 02-00-00-CR-005,10.606111,-61.374422,Mid Lower Caroni,3.36,-0.44,No
3/6/2025 2:00,CR-006,06-03-2025 02-00-00-CR-006,10.582769,-61.341406,Lower Caroni,3.4,1.14,No
3/6/2025 2:00,CR-007,06-03-2025 02-00-00-CR-007,10.578663,-61.291224,Caroni Swamp Entrance,3.78,2.25,No
3/6/2025 2:00,CR-008,06-03-2025 02-00-00-CR-008,10.5799,-61.255061,Caroni River Mouth,3.26,-0.1,No
3/6/2025 3:00,CR-001,06-03-2025 03-00-00-CR-001,10.62038,-61.466257,Caroni Source,2.68,-0.38,No
3/6/2025 3:00,CR-002,06-03-2025 03-00-00-CR-002,10.617247,-61.43931,Early Caroni,2.12,0.18,No
3/6/2025 3:00,CR-003,06-03-2025 03-00-00-CR-003,10.616628,-61.420142,Mid Upper Caroni,3.11,0.69,No
3/6/2025 3:00,CR-004,06-03-2025 03-00-00-CR-004,10.609654,-61.395995,Mid Caroni,2.36,0.05,No
3/6/2025 3:00,CR-005,06-03-2025 03-00-00-CR-005,10.606111,-61.374422,Mid Lower Caroni,3.6,0.24,No
3/6/2025 3:00,CR-006,06-03-2025 03-00-00-CR-006,10.582769,-61.341406,Lower Caroni,3.5,0.1,No
3/6/2025 3:00,CR-007,06-03-2025 03-00-00-CR-007,10.578663,-61.291224,Caroni Swamp Entrance,2.12,-1.66,No
3/6/2025 3:00,CR-008,06-03-2025 03-00-00-CR-008,10.5799,-61.255061,Caroni River Mouth,3.75,0.49,No
3/6/2025 4:00,CR-001,06-03-2025 04-00-00-CR-001,10.62038,-61.466257,Caroni Source,3.8,1.12,No
3/6/2025 4:00,CR-002,06-03-2025 04-00-00-CR-002,10.617247,-61.43931,Early Caroni,3.69,1.57,No
3/6/2025 4:00,CR-003,06-03-2025 04-00-00-CR-003,10.616628,-61.420142,Mid Upper Caroni,3.69,0.58,No
3/6/2025 4:00,CR-004,06-03-2025 04-00-00-CR-004,10.609654,-61.395995,Mid Caroni,3.06,0.7,No
3/6/2025 4:00,CR-005,06-03-2025 04-00-00-CR-005,10.606111,-61.374422,Mid Lower Caroni,3.96,0.36,Yes
3/6/2025 4:00,CR-006,06-03-2025 04-00-00-CR-006,10.582769,-61.341406,Lower Caroni,2.41,-1.09,No
3/6/2025 4:00,CR-007,06-03-2025 04-00-00-CR-007,10.578663,-61.291224,Caroni Swamp Entrance,2.89,0.77,No
3/6/2025 4:00,CR-008,06-03-2025 04-00-00-CR-008,10.5799,-61.255061,Caroni River Mouth,3.3,-0.45,No
3/6/2025 5:00,CR-001,06-03-2025 05-00-00-CR-001,10.62038,-61.466257,Caroni Source,2.85,-0.95,No
3/6/2025 5:00,CR-002,06-03-2025 05-00-00-CR-002,10.617247,-61.43931,Early Caroni,3.72,0.03,No
3/6/2025 5:00,CR-003,06-03-2025 05-00-00-CR-003,10.616628,-61.420142,Mid Upper Caroni,3.97,0.28,Yes
3/6/2025 5:00,CR-004,06-03-2025 05-00-00-CR-004,10.609654,-61.395995,Mid Caroni,3.13,0.07,No
3/6/2025 5:00,CR-005,06-03-2025 05-00-00-CR-005,10.606111,-61.374422,Mid Lower Caroni,3.93,-0.03,Yes
3/6/2025 5:00,CR-006,06-03-2025 05-00-00-CR-006,10.582769,-61.341406,Lower Caroni,2.7,0.29,No
3/6/2025 5:00,CR-007,06-03-2025 05-00-00-CR-007,10.578663,-61.291224,Caroni Swamp Entrance,2.9,0.01,No
3/6/2025 5:00,CR-008,06-03-2025 05-00-00-CR-008,10.5799,-61.255061,Caroni River Mouth,2.12,-1.18,No
3/6/2025 6:00,CR-001,06-03-2025 06-00-00-CR-001,10.62038,-61.466257,Caroni Source,3.63,0.78,No
3/6/2025 6:00,CR-002,06-03-2025 06-00-00-CR-002,10.617247,-61.43931,Early Caroni,3.46,-0.26,No
3/6/2025 6:00,CR-003,06-03-2025 06-00-00-CR-003,10.616628,-61.420142,Mid Upper Caroni,3.19,-0.78,No
3/6/2025 6:00,CR-004,06-03-2025 06-00-00-CR-004,10.609654,-61.395995,Mid Caroni,2.2,-0.93,No
3/6/2025 6:00,CR-005,06-03-2025 06-00-00-CR-005,10.606111,-61.374422,Mid Lower Caroni,3.31,-0.62,No
3/6/2025 6:00,CR-006,06-03-2025 06-00-00-CR-006,10.582769,-61.341406,Lower Caroni,2.92,0.22,No
3/6/2025 6:00,CR-007,06-03-2025 06-00-00-CR-007,10.578663,-61.291224,Caroni Swamp Entrance,2.33,-0.57,No
3/6/2025 6:00,CR-008,06-03-2025 06-00-00-CR-008,10.5799,-61.255061,Caroni River Mouth,3.84,1.72,Yes
3/6/2025 7:00,CR-001,06-03-2025 07-00-00-CR-001,10.62038,-61.466257,Caroni Source,2.16,-1.47,No
3/6/2025 7:00,CR-002,06-03-2025 07-00-00-CR-002,10.617247,-61.43931,Early Caroni,1.84,-1.62,No
3/6/2025 7:00,CR-003,06-03-2025 07-00-00-CR-003,10.616628,-61.420142,Mid Upper Caroni,1.72,-1.47,No
3/6/2025 7:00,CR-004,06-03-2025 07-00-00-CR-004,10.609654,-61.395995,Mid Caroni,2.03,-0.17,No
3/6/2025 7:00,CR-005,06-03-2025 07-00-00-CR-005,10.606111,-61.374422,Mid Lower Caroni,1.65,-1.66,No
3/6/2025 7:00,CR-006,06-03-2025 07-00-00-CR-006,10.582769,-61.341406,Lower Caroni,2.33,-0.59,No
3/6/2025 7:00,CR-007,06-03-2025 07-00-00-CR-007,10.578663,-61.291224,Caroni Swamp Entrance,1.98,-0.35,No
3/6/2025 7:00,CR-008,06-03-2025 07-00-00-CR-008,10.5799,-61.255061,Caroni River Mouth,2.07,-1.77,No
3/6/2025 8:00,CR-001,06-03-2025 08-00-00-CR-001,10.62038,-61.466257,Caroni Source,2.03,-0.13,No
3/6/2025 8:00,CR-002,06-03-2025 08-00-00-CR-002,10.617247,-61.43931,Early Caroni,2.8,0.96,No
3/6/2025 8:00,CR-003,06-03-2025 08-00-00-CR-003,10.616628,-61.420142,Mid Upper Caroni,3.05,1.33,No
3/6/2025 8:00,CR-004,06-03-2025 08-00-00-CR-004,10.609654,-61.395995,Mid Caroni,3.39,1.36,No
3/6/2025 8:00,CR-005,06-03-2025 08-00-00-CR-005,10.606111,-61.374422,Mid Lower Caroni,1.68,0.03,No
3/6/2025 8:00,CR-006,06-03-2025 08-00-00-CR-006,10.582769,-61.341406,Lower Caroni,2.01,-0.32,No
3/6/2025 8:00,CR-007,06-03-2025 08-00-00-CR-007,10.578663,-61.291224,Caroni Swamp Entrance,2.47,0.49,No
3/6/2025 8:00,CR-008,06-03-2025 08-00-00-CR-008,10.5799,-61.255061,Caroni River Mouth,2,-0.07,No
3/6/2025 9:00,CR-001,06-03-2025 09-00-00-CR-001,10.62038,-61.466257,Caroni Source,1.62,-0.41,No
3/6/2025 9:00,CR-002,06-03-2025 09-00-00-CR-002,10.617247,-61.43931,Early Caroni,1.77,-1.03,No
3/6/2025 9:00,CR-003,06-03-2025 09-00-00-CR-003,10.616628,-61.420142,Mid Upper Caroni,2.86,-0.19,No
3/6/2025 9:00,CR-004,06-03-2025 09-00-00-CR-004,10.609654,-61.395995,Mid Caroni,1.64,-1.75,No
3/6/2025 9:00,CR-005,06-03-2025 09-00-00-CR-005,10.606111,-61.374422,Mid Lower Caroni,1.75,0.07,No
3/6/2025 9:00,CR-006,06-03-2025 09-00-00-CR-006,10.582769,-61.341406,Lower Caroni,2.52,0.51,No
3/6/2025 9:00,CR-007,06-03-2025 09-00-00-CR-007,10.578663,-61.291224,Caroni Swamp Entrance,2.26,-0.21,No
3/6/2025 9:00,CR-008,06-03-2025 09-00-00-CR-008,10.5799,-61.255061,Caroni River Mouth,3.34,1.34,No
3/6/2025 10:00,CR-001,06-03-2025 10-00-00-CR-001,10.62038,-61.466257,Caroni Source,2.51,0.89,No
3/6/2025 10:00,CR-002,06-03-2025 10-00-00-CR-002,10.617247,-61.43931,Early Caroni,2.66,0.89,No
3/6/2025 10:00,CR-003,06-03-2025 10-00-00-CR-003,10.616628,-61.420142,Mid Upper Caroni,3.06,0.2,No
3/6/2025 10:00,CR-004,06-03-2025 10-00-00-CR-004,10.609654,-61.395995,Mid Caroni,3.16,1.52,No
3/6/2025 10:00,CR-005,06-03-2025 10-00-00-CR-005,10.606111,-61.374422,Mid Lower Caroni,3.15,1.4,No
3/6/2025 10:00,CR-006,06-03-2025 10-00-00-CR-006,10.582769,-61.341406,Lower Caroni,3.5,0.98,No
3/6/2025 10:00,CR-007,06-03-2025 10-00-00-CR-007,10.578663,-61.291224,Caroni Swamp Entrance,2.18,-0.08,No
3/6/2025 10:00,CR-008,06-03-2025 10-00-00-CR-008,10.5799,-61.255061,Caroni River Mouth,3.11,-0.23,No
3/6/2025 11:00,CR-001,06-03-2025 11-00-00-CR-001,10.62038,-61.466257,Caroni Source,3.32,0.81,No
3/6/2025 11:00,CR-002,06-03-2025 11-00-00-CR-002,10.617247,-61.43931,Early Caroni,3.24,0.58,No
3/6/2025 11:00,CR-003,06-03-2025 11-00-00-CR-003,10.616628,-61.420142,Mid Upper Caroni,2.37,-0.69,No
3/6/2025 11:00,CR-004,06-03-2025 11-00-00-CR-004,10.609654,-61.395995,Mid Caroni,3.47,0.31,No
3/6/2025 11:00,CR-005,06-03-2025 11-00-00-CR-005,10.606111,-61.374422,Mid Lower Caroni,3.5,0.35,No
3/6/2025 11:00,CR-006,06-03-2025 11-00-00-CR-006,10.582769,-61.341406,Lower Caroni,1.82,-1.68,No
3/6/2025 11:00,CR-007,06-03-2025 11-00-00-CR-007,10.578663,-61.291224,Caroni Swamp Entrance,2.77,0.59,No
3/6/2025 11:00,CR-008,06-03-2025 11-00-00-CR-008,10.5799,-61.255061,Caroni River Mouth,3.35,0.24,No
3/6/2025 12:00,CR-001,06-03-2025 12-00-00-CR-001,10.62038,-61.466257,Caroni Source,3.25,-0.07,No
3/6/2025 12:00,CR-002,06-03-2025 12-00-00-CR-002,10.617247,-61.43931,Early Caroni,2.22,-1.02,No
3/6/2025 12:00,CR-003,06-03-2025 12-00-00-CR-003,10.616628,-61.420142,Mid Upper Caroni,3.8,1.43,No
3/6/2025 12:00,CR-004,06-03-2025 12-00-00-CR-004,10.609654,-61.395995,Mid Caroni,2.44,-1.03,No
3/6/2025 12:00,CR-005,06-03-2025 12-00-00-CR-005,10.606111,-61.374422,Mid Lower Caroni,3.28,-0.22,No
3/6/2025 12:00,CR-006,06-03-2025 12-00-00-CR-006,10.582769,-61.341406,Lower Caroni,2.44,0.62,No
3/6/2025 12:00,CR-007,06-03-2025 12-00-00-CR-007,10.578663,-61.291224,Caroni Swamp Entrance,1.7,-1.07,No
3/6/2025 12:00,CR-008,06-03-2025 12-00-00-CR-008,10.5799,-61.255061,Caroni River Mouth,3.91,0.56,Yes
3/6/2025 13:00,CR-001,06-03-2025 13-00-00-CR-001,10.62038,-61.466257,Caroni Source,3.68,0.43,No
3/6/2025 13:00,CR-002,06-03-2025 13-00-00-CR-002,10.617247,-61.43931,Early Caroni,3.1,0.88,No
3/6/2025 13:00,CR-003,06-03-2025 13-00-00-CR-003,10.616628,-61.420142,Mid Upper Caroni,3.02,-0.78,No
3/6/2025 13:00,CR-004,06-03-2025 13-00-00-CR-004,10.609654,-61.395995,Mid Caroni,3.55,1.11,No
3/6/2025 13:00,CR-005,06-03-2025 13-00-00-CR-005,10.606111,-61.374422,Mid Lower Caroni,3.32,0.04,No
3/6/2025 13:00,CR-006,06-03-2025 13-00-00-CR-006,10.582769,-61.341406,Lower Caroni,3.13,0.69,No
3/6/2025 13:00,CR-007,06-03-2025 13-00-00-CR-007,10.578663,-61.291224,Caroni Swamp Entrance,3.06,1.36,No
3/6/2025 13:00,CR-008,06-03-2025 13-00-00-CR-008,10.5799,-61.255061,Caroni River Mouth,3.75,-0.16,No
3/6/2025 14:00,CR-001,06-03-2025 14-00-00-CR-001,10.62038,-61.466257,Caroni Source,3.37,-0.31,No
3/6/2025 14:00,CR-002,06-03-2025 14-00-00-CR-002,10.617247,-61.43931,Early Caroni,2.04,-1.06,No
3/6/2025 14:00,CR-003,06-03-2025 14-00-00-CR-003,10.616628,-61.420142,Mid Upper Caroni,2.17,-0.85,No
3/6/2025 14:00,CR-004,06-03-2025 14-00-00-CR-004,10.609654,-61.395995,Mid Caroni,3.31,-0.24,No
3/6/2025 14:00,CR-005,06-03-2025 14-00-00-CR-005,10.606111,-61.374422,Mid Lower Caroni,3.9,0.58,Yes
3/6/2025 14:00,CR-006,06-03-2025 14-00-00-CR-006,10.582769,-61.341406,Lower Caroni,3.21,0.08,No
3/6/2025 14:00,CR-007,06-03-2025 14-00-00-CR-007,10.578663,-61.291224,Caroni Swamp Entrance,2.88,-0.18,No
3/6/2025 14:00,CR-008,06-03-2025 14-00-00-CR-008,10.5799,-61.255061,Caroni River Mouth,3.64,-0.11,No
3/6/2025 15:00,CR-001,06-03-2025 15-00-00-CR-001,10.62038,-61.466257,Caroni Source,3.13,-0.24,No
3/6/2025 15:00,CR-002,06-03-2025 15-00-00-CR-002,10.617247,-61.43931,Early Caroni,1.66,-0.38,No
3/6/2025 15:00,CR-003,06-03-2025 15-00-00-CR-003,10.616628,-61.420142,Mid Upper Caroni,1.6,-0.57,No
3/6/2025 15:00,CR-004,06-03-2025 15-00-00-CR-004,10.609654,-61.395995,Mid Caroni,3.42,0.11,No
3/6/2025 15:00,CR-005,06-03-2025 15-00-00-CR-005,10.606111,-61.374422,Mid Lower Caroni,2.72,-1.18,No
3/6/2025 15:00,CR-006,06-03-2025 15-00-00-CR-006,10.582769,-61.341406,Lower Caroni,2.34,-0.87,No
3/6/2025 15:00,CR-007,06-03-2025 15-00-00-CR-007,10.578663,-61.291224,Caroni Swamp Entrance,3.67,0.79,No
3/6/2025 15:00,CR-008,06-03-2025 15-00-00-CR-008,10.5799,-61.255061,Caroni River Mouth,3.97,0.33,Yes
3/6/2025 16:00,CR-001,06-03-2025 16-00-00-CR-001,10.62038,-61.466257,Caroni Source,3.59,0.46,No
3/6/2025 16:00,CR-002,06-03-2025 16-00-00-CR-002,10.617247,-61.43931,Early Caroni,3.79,2.13,No
3/6/2025 16:00,CR-003,06-03-2025 16-00-00-CR-003,10.616628,-61.420142,Mid Upper Caroni,3.77,2.17,No
3/6/2025 16:00,CR-004,06-03-2025 16-00-00-CR-004,10.609654,-61.395995,Mid Caroni,2.3,-1.12,No
3/6/2025 16:00,CR-005,06-03-2025 16-00-00-CR-005,10.606111,-61.374422,Mid Lower Caroni,2.2,-0.52,No
3/6/2025 16:00,CR-006,06-03-2025 16-00-00-CR-006,10.582769,-61.341406,Lower Caroni,1.72,-0.62,No
3/6/2025 16:00,CR-007,06-03-2025 16-00-00-CR-007,10.578663,-61.291224,Caroni Swamp Entrance,3.75,0.08,No
3/6/2025 16:00,CR-008,06-03-2025 16-00-00-CR-008,10.5799,-61.255061,Caroni River Mouth,2.79,-1.18,No
3/6/2025 17:00,CR-001,06-03-2025 17-00-00-CR-001,10.62038,-61.466257,Caroni Source,2.73,-0.86,No
3/6/2025 17:00,CR-002,06-03-2025 17-00-00-CR-002,10.617247,-61.43931,Early Caroni,3.14,-0.65,No
3/6/2025 17:00,CR-003,06-03-2025 17-00-00-CR-003,10.616628,-61.420142,Mid Upper Caroni,2.85,-0.92,No
3/6/2025 17:00,CR-004,06-03-2025 17-00-00-CR-004,10.609654,-61.395995,Mid Caroni,2.99,0.69,No
3/6/2025 17:00,CR-005,06-03-2025 17-00-00-CR-005,10.606111,-61.374422,Mid Lower Caroni,2,-0.2,No
3/6/2025 17:00,CR-006,06-03-2025 17-00-00-CR-006,10.582769,-61.341406,Lower Caroni,2.42,0.7,No
3/6/2025 17:00,CR-007,06-03-2025 17-00-00-CR-007,10.578663,-61.291224,Caroni Swamp Entrance,2.33,-1.42,No
3/6/2025 17:00,CR-008,06-03-2025 17-00-00-CR-008,10.5799,-61.255061,Caroni River Mouth,3.1,0.31,No
3/6/2025 18:00,CR-001,06-03-2025 18-00-00-CR-001,10.62038,-61.466257,Caroni Source,1.64,-1.09,No
3/6/2025 18:00,CR-002,06-03-2025 18-00-00-CR-002,10.617247,-61.43931,Early Caroni,2.95,-0.19,No
3/6/2025 18:00,CR-003,06-03-2025 18-00-00-CR-003,10.616628,-61.420142,Mid Upper Caroni,1.67,-1.18,No
3/6/2025 18:00,CR-004,06-03-2025 18-00-00-CR-004,10.609654,-61.395995,Mid Caroni,3,0.01,No
3/6/2025 18:00,CR-005,06-03-2025 18-00-00-CR-005,10.606111,-61.374422,Mid Lower Caroni,3.58,1.58,No
3/6/2025 18:00,CR-006,06-03-2025 18-00-00-CR-006,10.582769,-61.341406,Lower Caroni,2.04,-0.38,No
3/6/2025 18:00,CR-007,06-03-2025 18-00-00-CR-007,10.578663,-61.291224,Caroni Swamp Entrance,3.47,1.14,No
3/6/2025 18:00,CR-008,06-03-2025 18-00-00-CR-008,10.5799,-61.255061,Caroni River Mouth,3.7,0.6,No
3/6/2025 19:00,CR-001,06-03-2025 19-00-00-CR-001,10.62038,-61.466257,Caroni Source,3.51,1.87,No
3/6/2025 19:00,CR-002,06-03-2025 19-00-00-CR-002,10.617247,-61.43931,Early Caroni,1.54,-1.41,No
3/6/2025 19:00,CR-003,06-03-2025 19-00-00-CR-003,10.616628,-61.420142,Mid Upper Caroni,1.97,0.3,No
3/6/2025 19:00,CR-004,06-03-2025 19-00-00-CR-004,10.609654,-61.395995,Mid Caroni,3.35,0.35,No
3/6/2025 19:00,CR-005,06-03-2025 19-00-00-CR-005,10.606111,-61.374422,Mid Lower Caroni,3.71,0.13,No
3/6/2025 19:00,CR-006,06-03-2025 19-00-00-CR-006,10.582769,-61.341406,Lower Caroni,2.09,0.05,No
3/6/2025 19:00,CR-007,06-03-2025 19-00-00-CR-007,10.578663,-61.291224,Caroni Swamp Entrance,1.79,-1.68,No
3/6/2025 19:00,CR-008,06-03-2025 19-00-00-CR-008,10.5799,-61.255061,Caroni River Mouth,3.4,-0.3,No
3/6/2025 20:00,CR-001,06-03-2025 20-00-00-CR-001,10.62038,-61.466257,Caroni Source,1.88,-1.63,No
3/6/2025 20:00,CR-002,06-03-2025 20-00-00-CR-002,10.617247,-61.43931,Early Caroni,3.25,1.71,No
3/6/2025 20:00,CR-003,06-03-2025 20-00-00-CR-003,10.616628,-61.420142,Mid Upper Caroni,3.56,1.59,No
3/6/2025 20:00,CR-004,06-03-2025 20-00-00-CR-004,10.609654,-61.395995,Mid Caroni,2.26,-1.09,No
3/6/2025 20:00,CR-005,06-03-2025 20-00-00-CR-005,10.606111,-61.374422,Mid Lower Caroni,3.55,-0.16,No
3/6/2025 20:00,CR-006,06-03-2025 20-00-00-CR-006,10.582769,-61.341406,Lower Caroni,1.81,-0.28,No
3/6/2025 20:00,CR-007,06-03-2025 20-00-00-CR-007,10.578663,-61.291224,Caroni Swamp Entrance,2.61,0.82,No
3/6/2025 20:00,CR-008,06-03-2025 20-00-00-CR-008,10.5799,-61.255061,Caroni River Mouth,2.28,-1.12,No
3/6/2025 21:00,CR-001,06-03-2025 21-00-00-CR-001,10.62038,-61.466257,Caroni Source,2.78,0.9,No
3/6/2025 21:00,CR-002,06-03-2025 21-00-00-CR-002,10.617247,-61.43931,Early Caroni,2.09,-1.16,No
3/6/2025 21:00,CR-003,06-03-2025 21-00-00-CR-003,10.616628,-61.420142,Mid Upper Caroni,1.98,-1.58,No
3/6/2025 21:00,CR-004,06-03-2025 21-00-00-CR-004,10.609654,-61.395995,Mid Caroni,2.09,-0.17,No
3/6/2025 21:00,CR-005,06-03-2025 21-00-00-CR-005,10.606111,-61.374422,Mid Lower Caroni,3.78,0.23,No
3/6/2025 21:00,CR-006,06-03-2025 21-00-00-CR-006,10.582769,-61.341406,Lower Caroni,3.23,1.42,No
3/6/2025 21:00,CR-007,06-03-2025 21-00-00-CR-007,10.578663,-61.291224,Caroni Swamp Entrance,2.2,-0.41,No
3/6/2025 21:00,CR-008,06-03-2025 21-00-00-CR-008,10.5799,-61.255061,Caroni River Mouth,1.73,-0.55,No
3/6/2025 22:00,CR-001,06-03-2025 22-00-00-CR-001,10.62038,-61.466257,Caroni Source,1.53,-1.25,No
3/6/2025 22:00,CR-002,06-03-2025 22-00-00-CR-002,10.617247,-61.43931,Early Caroni,4,1.91,Yes
3/6/2025 22:00,CR-003,06-03-2025 22-00-00-CR-003,10.616628,-61.420142,Mid Upper Caroni,2.27,0.29,No
3/6/2025 22:00,CR-004,06-03-2025 22-00-00-CR-004,10.609654,-61.395995,Mid Caroni,3.69,1.6,No
3/6/2025 22:00,CR-005,06-03-2025 22-00-00-CR-005,10.606111,-61.374422,Mid Lower Caroni,3.53,-0.25,No
3/6/2025 22:00,CR-006,06-03-2025 22-00-00-CR-006,10.582769,-61.341406,Lower Caroni,3.73,0.5,No
3/6/2025 22:00,CR-007,06-03-2025 22-00-00-CR-007,10.578663,-61.291224,Caroni Swamp Entrance,3.52,1.32,No
3/6/2025 22:00,CR-008,06-03-2025 22-00-00-CR-008,10.5799,-61.255061,Caroni River Mouth,3.58,1.85,No
3/6/2025 23:00,CR-001,06-03-2025 23-00-00-CR-001,10.62038,-61.466257,Caroni Source,2.38,0.85,No
3/6/2025 23:00,CR-002,06-03-2025 23-00-00-CR-002,10.617247,-61.43931,Early Caroni,2.93,-1.07,No
3/6/2025 23:00,CR-003,06-03-2025 23-00-00-CR-003,10.616628,-61.420142,Mid Upper Caroni,3.17,0.9,No
3/6/2025 23:00,CR-004,06-03-2025 23-00-00-CR-004,10.609654,-61.395995,Mid Caroni,3.21,-0.48,No
3/6/2025 23:00,CR-005,06-03-2025 23-00-00-CR-005,10.606111,-61.374422,Mid Lower Caroni,1.51,-2.02,No
3/6/2025 23:00,CR-006,06-03-2025 23-00-00-CR-006,10.582769,-61.341406,Lower Caroni,2.45,-1.28,No
3/6/2025 23:00,CR-007,06-03-2025 23-00-00-CR-007,10.578663,-61.291224,Caroni Swamp Entrance,2.87,-0.65,No
3/6/2025 23:00,CR-008,06-03-2025 23-00-00-CR-008,10.5799,-61.255061,Caroni River Mouth,1.96,-1.62,No
3/7/2025 0:00,CR-001,07-03-2025 00-00-00-CR-001,10.62038,-61.466257,Caroni Source,1.62,-0.76,No
3/7/2025 0:00,CR-002,07-03-2025 00-00-00-CR-002,10.617247,-61.43931,Early Caroni,1.54,-1.39,No
3/7/2025 0:00,CR-003,07-03-2025 00-00-00-CR-003,10.616628,-61.420142,Mid Upper Caroni,2.53,-0.64,No
3/7/2025 0:00,CR-004,07-03-2025 00-00-00-CR-004,10.609654,-61.395995,Mid Caroni,1.59,-1.62,No
3/7/2025 0:00,CR-005,07-03-2025 00-00-00-CR-005,10.606111,-61.374422,Mid Lower Caroni,2.26,0.75,No
3/7/2025 0:00,CR-006,07-03-2025 00-00-00-CR-006,10.582769,-61.341406,Lower Caroni,2.25,-0.2,No
3/7/2025 0:00,CR-007,07-03-2025 00-00-00-CR-007,10.578663,-61.291224,Caroni Swamp Entrance,2.09,-0.78,No
3/7/2025 0:00,CR-008,07-03-2025 00-00-00-CR-008,10.5799,-61.255061,Caroni River Mouth,3.73,1.77,No
3/7/2025 1:00,CR-001,07-03-2025 01-00-00-CR-001,10.62038,-61.466257,Caroni Source,1.75,0.13,No
3/7/2025 1:00,CR-002,07-03-2025 01-00-00-CR-002,10.617247,-61.43931,Early Caroni,2.82,1.28,No
3/7/2025 1:00,CR-003,07-03-2025 01-00-00-CR-003,10.616628,-61.420142,Mid Upper Caroni,2.9,0.37,No
3/7/2025 1:00,CR-004,07-03-2025 01-00-00-CR-004,10.609654,-61.395995,Mid Caroni,2.37,0.78,No
3/7/2025 1:00,CR-005,07-03-2025 01-00-00-CR-005,10.606111,-61.374422,Mid Lower Caroni,1.79,-0.47,No
3/7/2025 1:00,CR-006,07-03-2025 01-00-00-CR-006,10.582769,-61.341406,Lower Caroni,3.39,1.14,No
3/7/2025 1:00,CR-007,07-03-2025 01-00-00-CR-007,10.578663,-61.291224,Caroni Swamp Entrance,1.8,-0.29,No
3/7/2025 1:00,CR-008,07-03-2025 01-00-00-CR-008,10.5799,-61.255061,Caroni River Mouth,2.4,-1.33,No
3/7/2025 2:00,CR-001,07-03-2025 02-00-00-CR-001,10.62038,-61.466257,Caroni Source,3.1,1.35,No
3/7/2025 2:00,CR-002,07-03-2025 02-00-00-CR-002,10.617247,-61.43931,Early Caroni,3.42,0.6,No
3/7/2025 2:00,CR-003,07-03-2025 02-00-00-CR-003,10.616628,-61.420142,Mid Upper Caroni,2.51,-0.39,No
3/7/2025 2:00,CR-004,07-03-2025 02-00-00-CR-004,10.609654,-61.395995,Mid Caroni,1.62,-0.75,No
3/7/2025 2:00,CR-005,07-03-2025 02-00-00-CR-005,10.606111,-61.374422,Mid Lower Caroni,2.44,0.65,No
3/7/2025 2:00,CR-006,07-03-2025 02-00-00-CR-006,10.582769,-61.341406,Lower Caroni,2.3,-1.09,No
3/7/2025 2:00,CR-007,07-03-2025 02-00-00-CR-007,10.578663,-61.291224,Caroni Swamp Entrance,1.74,-0.06,No
3/7/2025 2:00,CR-008,07-03-2025 02-00-00-CR-008,10.5799,-61.255061,Caroni River Mouth,2.36,-0.04,No
3/7/2025 3:00,CR-001,07-03-2025 03-00-00-CR-001,10.62038,-61.466257,Caroni Source,3.42,0.32,No
3/7/2025 3:00,CR-002,07-03-2025 03-00-00-CR-002,10.617247,-61.43931,Early Caroni,3.45,0.03,No
3/7/2025 3:00,CR-003,07-03-2025 03-00-00-CR-003,10.616628,-61.420142,Mid Upper Caroni,3.99,1.48,Yes
3/7/2025 3:00,CR-004,07-03-2025 03-00-00-CR-004,10.609654,-61.395995,Mid Caroni,2.98,1.36,No
3/7/2025 3:00,CR-005,07-03-2025 03-00-00-CR-005,10.606111,-61.374422,Mid Lower Caroni,2.9,0.46,No
3/7/2025 3:00,CR-006,07-03-2025 03-00-00-CR-006,10.582769,-61.341406,Lower Caroni,3.04,0.74,No
3/7/2025 3:00,CR-007,07-03-2025 03-00-00-CR-007,10.578663,-61.291224,Caroni Swamp Entrance,2.7,0.96,No
3/7/2025 3:00,CR-008,07-03-2025 03-00-00-CR-008,10.5799,-61.255061,Caroni River Mouth,3.61,1.25,No
3/7/2025 4:00,CR-001,07-03-2025 04-00-00-CR-001,10.62038,-61.466257,Caroni Source,1.95,-1.47,No
3/7/2025 4:00,CR-002,07-03-2025 04-00-00-CR-002,10.617247,-61.43931,Early Caroni,2.53,-0.92,No
3/7/2025 4:00,CR-003,07-03-2025 04-00-00-CR-003,10.616628,-61.420142,Mid Upper Caroni,1.93,-2.06,No
3/7/2025 4:00,CR-004,07-03-2025 04-00-00-CR-004,10.609654,-61.395995,Mid Caroni,2.27,-0.71,No
3/7/2025 4:00,CR-005,07-03-2025 04-00-00-CR-005,10.606111,-61.374422,Mid Lower Caroni,1.73,-1.17,No
3/7/2025 4:00,CR-006,07-03-2025 04-00-00-CR-006,10.582769,-61.341406,Lower Caroni,2.24,-0.8,No
3/7/2025 4:00,CR-007,07-03-2025 04-00-00-CR-007,10.578663,-61.291224,Caroni Swamp Entrance,3.69,0.99,No
3/7/2025 4:00,CR-008,07-03-2025 04-00-00-CR-008,10.5799,-61.255061,Caroni River Mouth,2.93,-0.68,No
3/7/2025 5:00,CR-001,07-03-2025 05-00-00-CR-001,10.62038,-61.466257,Caroni Source,3.07,1.12,No
3/7/2025 5:00,CR-002,07-03-2025 05-00-00-CR-002,10.617247,-61.43931,Early Caroni,3.62,1.09,No
3/7/2025 5:00,CR-003,07-03-2025 05-00-00-CR-003,10.616628,-61.420142,Mid Upper Caroni,2.24,0.31,No
3/7/2025 5:00,CR-004,07-03-2025 05-00-00-CR-004,10.609654,-61.395995,Mid Caroni,2.47,0.2,No
3/7/2025 5:00,CR-005,07-03-2025 05-00-00-CR-005,10.606111,-61.374422,Mid Lower Caroni,1.54,-0.19,No
3/7/2025 5:00,CR-006,07-03-2025 05-00-00-CR-006,10.582769,-61.341406,Lower Caroni,3.6,1.36,No
3/7/2025 5:00,CR-007,07-03-2025 05-00-00-CR-007,10.578663,-61.291224,Caroni Swamp Entrance,2.3,-1.39,No
3/7/2025 5:00,CR-008,07-03-2025 05-00-00-CR-008,10.5799,-61.255061,Caroni River Mouth,1.6,-1.33,No
3/7/2025 6:00,CR-001,07-03-2025 06-00-00-CR-001,10.62038,-61.466257,Caroni Source,1.89,-1.18,No
3/7/2025 6:00,CR-002,07-03-2025 06-00-00-CR-002,10.617247,-61.43931,Early Caroni,3,-0.62,No
3/7/2025 6:00,CR-003,07-03-2025 06-00-00-CR-003,10.616628,-61.420142,Mid Upper Caroni,2.55,0.31,No
3/7/2025 6:00,CR-004,07-03-2025 06-00-00-CR-004,10.609654,-61.395995,Mid Caroni,3.04,0.57,No
3/7/2025 6:00,CR-005,07-03-2025 06-00-00-CR-005,10.606111,-61.374422,Mid Lower Caroni,2,0.46,No
3/7/2025 6:00,CR-006,07-03-2025 06-00-00-CR-006,10.582769,-61.341406,Lower Caroni,1.56,-2.04,No
3/7/2025 6:00,CR-007,07-03-2025 06-00-00-CR-007,10.578663,-61.291224,Caroni Swamp Entrance,2.07,-0.23,No
3/7/2025 6:00,CR-008,07-03-2025 06-00-00-CR-008,10.5799,-61.255061,Caroni River Mouth,2.79,1.19,No
3/7/2025 7:00,CR-001,07-03-2025 07-00-00-CR-001,10.62038,-61.466257,Caroni Source,2.53,0.64,No
3/7/2025 7:00,CR-002,07-03-2025 07-00-00-CR-002,10.617247,-61.43931,Early Caroni,2.49,-0.51,No
3/7/2025 7:00,CR-003,07-03-2025 07-00-00-CR-003,10.616628,-61.420142,Mid Upper Caroni,3.12,0.57,No
3/7/2025 7:00,CR-004,07-03-2025 07-00-00-CR-004,10.609654,-61.395995,Mid Caroni,2.46,-0.58,No
3/7/2025 7:00,CR-005,07-03-2025 07-00-00-CR-005,10.606111,-61.374422,Mid Lower Caroni,3.72,1.72,No
3/7/2025 7:00,CR-006,07-03-2025 07-00-00-CR-006,10.582769,-61.341406,Lower Caroni,2.6,1.04,No
3/7/2025 7:00,CR-007,07-03-2025 07-00-00-CR-007,10.578663,-61.291224,Caroni Swamp Entrance,2.5,0.43,No
3/7/2025 7:00,CR-008,07-03-2025 07-00-00-CR-008,10.5799,-61.255061,Caroni River Mouth,3.05,0.26,No
3/7/2025 8:00,CR-001,07-03-2025 08-00-00-CR-001,10.62038,-61.466257,Caroni Source,2.28,-0.25,No
3/7/2025 8:00,CR-002,07-03-2025 08-00-00-CR-002,10.617247,-61.43931,Early Caroni,3.57,1.08,No
3/7/2025 8:00,CR-003,07-03-2025 08-00-00-CR-003,10.616628,-61.420142,Mid Upper Caroni,1.71,-1.41,No
3/7/2025 8:00,CR-004,07-03-2025 08-00-00-CR-004,10.609654,-61.395995,Mid Caroni,3.62,1.16,No
3/7/2025 8:00,CR-005,07-03-2025 08-00-00-CR-005,10.606111,-61.374422,Mid Lower Caroni,3.5,-0.22,No
3/7/2025 8:00,CR-006,07-03-2025 08-00-00-CR-006,10.582769,-61.341406,Lower Caroni,3.44,0.84,No
3/7/2025 8:00,CR-007,07-03-2025 08-00-00-CR-007,10.578663,-61.291224,Caroni Swamp Entrance,2.55,0.05,No
3/7/2025 8:00,CR-008,07-03-2025 08-00-00-CR-008,10.5799,-61.255061,Caroni River Mouth,2.57,-0.48,No
3/7/2025 9:00,CR-001,07-03-2025 09-00-00-CR-001,10.62038,-61.466257,Caroni Source,2.34,0.06,No
3/7/2025 9:00,CR-002,07-03-2025 09-00-00-CR-002,10.617247,-61.43931,Early Caroni,2.5,-1.07,No
3/7/2025 9:00,CR-003,07-03-2025 09-00-00-CR-003,10.616628,-61.420142,Mid Upper Caroni,2.44,0.73,No
3/7/2025 9:00,CR-004,07-03-2025 09-00-00-CR-004,10.609654,-61.395995,Mid Caroni,3.49,-0.13,No
3/7/2025 9:00,CR-005,07-03-2025 09-00-00-CR-005,10.606111,-61.374422,Mid Lower Caroni,3.74,0.24,No
3/7/2025 9:00,CR-006,07-03-2025 09-00-00-CR-006,10.582769,-61.341406,Lower Caroni,3.19,-0.25,No
3/7/2025 9:00,CR-007,07-03-2025 09-00-00-CR-007,10.578663,-61.291224,Caroni Swamp Entrance,2.69,0.14,No
3/7/2025 9:00,CR-008,07-03-2025 09-00-00-CR-008,10.5799,-61.255061,Caroni River Mouth,3.21,0.64,No
3/7/2025 10:00,CR-001,07-03-2025 10-00-00-CR-001,10.62038,-61.466257,Caroni Source,3.01,0.67,No
3/7/2025 10:00,CR-002,07-03-2025 10-00-00-CR-002,10.617247,-61.43931,Early Caroni,1.94,-0.56,No
3/7/2025 10:00,CR-003,07-03-2025 10-00-00-CR-003,10.616628,-61.420142,Mid Upper Caroni,3.18,0.74,No
3/7/2025 10:00,CR-004,07-03-2025 10-00-00-CR-004,10.609654,-61.395995,Mid Caroni,1.86,-1.63,No
3/7/2025 10:00,CR-005,07-03-2025 10-00-00-CR-005,10.606111,-61.374422,Mid Lower Caroni,2.37,-1.37,No
3/7/2025 10:00,CR-006,07-03-2025 10-00-00-CR-006,10.582769,-61.341406,Lower Caroni,1.87,-1.32,No
3/7/2025 10:00,CR-007,07-03-2025 10-00-00-CR-007,10.578663,-61.291224,Caroni Swamp Entrance,2.64,-0.05,No
3/7/2025 10:00,CR-008,07-03-2025 10-00-00-CR-008,10.5799,-61.255061,Caroni River Mouth,3.11,-0.1,No
3/7/2025 11:00,CR-001,07-03-2025 11-00-00-CR-001,10.62038,-61.466257,Caroni Source,3.25,0.24,No
3/7/2025 11:00,CR-002,07-03-2025 11-00-00-CR-002,10.617247,-61.43931,Early Caroni,2.04,0.1,No
3/7/2025 11:00,CR-003,07-03-2025 11-00-00-CR-003,10.616628,-61.420142,Mid Upper Caroni,3.22,0.04,No
3/7/2025 11:00,CR-004,07-03-2025 11-00-00-CR-004,10.609654,-61.395995,Mid Caroni,3.72,1.86,No
3/7/2025 11:00,CR-005,07-03-2025 11-00-00-CR-005,10.606111,-61.374422,Mid Lower Caroni,3.43,1.06,No
3/7/2025 11:00,CR-006,07-03-2025 11-00-00-CR-006,10.582769,-61.341406,Lower Caroni,3.75,1.88,No
3/7/2025 11:00,CR-007,07-03-2025 11-00-00-CR-007,10.578663,-61.291224,Caroni Swamp Entrance,3.19,0.55,No
3/7/2025 11:00,CR-008,07-03-2025 11-00-00-CR-008,10.5799,-61.255061,Caroni River Mouth,2.17,-0.94,No
3/7/2025 12:00,CR-001,07-03-2025 12-00-00-CR-001,10.62038,-61.466257,Caroni Source,3.37,0.12,No
3/7/2025 12:00,CR-002,07-03-2025 12-00-00-CR-002,10.617247,-61.43931,Early Caroni,2.1,0.06,No
3/7/2025 12:00,CR-003,07-03-2025 12-00-00-CR-003,10.616628,-61.420142,Mid Upper Caroni,1.63,-1.59,No
3/7/2025 12:00,CR-004,07-03-2025 12-00-00-CR-004,10.609654,-61.395995,Mid Caroni,2.77,-0.95,No
3/7/2025 12:00,CR-005,07-03-2025 12-00-00-CR-005,10.606111,-61.374422,Mid Lower Caroni,3,-0.43,No
3/7/2025 12:00,CR-006,07-03-2025 12-00-00-CR-006,10.582769,-61.341406,Lower Caroni,2.94,-0.81,No
3/7/2025 12:00,CR-007,07-03-2025 12-00-00-CR-007,10.578663,-61.291224,Caroni Swamp Entrance,3.66,0.47,No
3/7/2025 12:00,CR-008,07-03-2025 12-00-00-CR-008,10.5799,-61.255061,Caroni River Mouth,2.77,0.6,No
3/7/2025 13:00,CR-001,07-03-2025 13-00-00-CR-001,10.62038,-61.466257,Caroni Source,2.58,-0.79,No
3/7/2025 13:00,CR-002,07-03-2025 13-00-00-CR-002,10.617247,-61.43931,Early Caroni,2.36,0.26,No
3/7/2025 13:00,CR-003,07-03-2025 13-00-00-CR-003,10.616628,-61.420142,Mid Upper Caroni,2.17,0.54,No
3/7/2025 13:00,CR-004,07-03-2025 13-00-00-CR-004,10.609654,-61.395995,Mid Caroni,3.34,0.57,No
3/7/2025 13:00,CR-005,07-03-2025 13-00-00-CR-005,10.606111,-61.374422,Mid Lower Caroni,3.09,0.09,No
3/7/2025 13:00,CR-006,07-03-2025 13-00-00-CR-006,10.582769,-61.341406,Lower Caroni,2.47,-0.47,No
3/7/2025 13:00,CR-007,07-03-2025 13-00-00-CR-007,10.578663,-61.291224,Caroni Swamp Entrance,3.99,0.33,Yes
3/7/2025 13:00,CR-008,07-03-2025 13-00-00-CR-008,10.5799,-61.255061,Caroni River Mouth,1.83,-0.94,No
3/7/2025 14:00,CR-001,07-03-2025 14-00-00-CR-001,10.62038,-61.466257,Caroni Source,3.47,0.89,No
3/7/2025 14:00,CR-002,07-03-2025 14-00-00-CR-002,10.617247,-61.43931,Early Caroni,3.17,0.81,No
3/7/2025 14:00,CR-003,07-03-2025 14-00-00-CR-003,10.616628,-61.420142,Mid Upper Caroni,3.48,1.31,No
3/7/2025 14:00,CR-004,07-03-2025 14-00-00-CR-004,10.609654,-61.395995,Mid Caroni,1.82,-1.52,No
3/7/2025 14:00,CR-005,07-03-2025 14-00-00-CR-005,10.606111,-61.374422,Mid Lower Caroni,3.57,0.48,No
3/7/2025 14:00,CR-006,07-03-2025 14-00-00-CR-006,10.582769,-61.341406,Lower Caroni,2.05,-0.42,No
3/7/2025 14:00,CR-007,07-03-2025 14-00-00-CR-007,10.578663,-61.291224,Caroni Swamp Entrance,3.51,-0.48,No
3/7/2025 14:00,CR-008,07-03-2025 14-00-00-CR-008,10.5799,-61.255061,Caroni River Mouth,2.52,0.69,No
3/7/2025 15:00,CR-001,07-03-2025 15-00-00-CR-001,10.62038,-61.466257,Caroni Source,2.97,-0.5,No
3/7/2025 15:00,CR-002,07-03-2025 15-00-00-CR-002,10.617247,-61.43931,Early Caroni,2.58,-0.59,No
3/7/2025 15:00,CR-003,07-03-2025 15-00-00-CR-003,10.616628,-61.420142,Mid Upper Caroni,2.58,-0.9,No
3/7/2025 15:00,CR-004,07-03-2025 15-00-00-CR-004,10.609654,-61.395995,Mid Caroni,2.11,0.29,No
3/7/2025 15:00,CR-005,07-03-2025 15-00-00-CR-005,10.606111,-61.374422,Mid Lower Caroni,1.82,-1.75,No
3/7/2025 15:00,CR-006,07-03-2025 15-00-00-CR-006,10.582769,-61.341406,Lower Caroni,3.54,1.49,No
3/7/2025 15:00,CR-007,07-03-2025 15-00-00-CR-007,10.578663,-61.291224,Caroni Swamp Entrance,1.76,-1.75,No
3/7/2025 15:00,CR-008,07-03-2025 15-00-00-CR-008,10.5799,-61.255061,Caroni River Mouth,1.57,-0.95,No
3/7/2025 16:00,CR-001,07-03-2025 16-00-00-CR-001,10.62038,-61.466257,Caroni Source,3.33,0.36,No
3/7/2025 16:00,CR-002,07-03-2025 16-00-00-CR-002,10.617247,-61.43931,Early Caroni,3.54,0.96,No
3/7/2025 16:00,CR-003,07-03-2025 16-00-00-CR-003,10.616628,-61.420142,Mid Upper Caroni,2.32,-0.26,No
3/7/2025 16:00,CR-004,07-03-2025 16-00-00-CR-004,10.609654,-61.395995,Mid Caroni,2.75,0.64,No
3/7/2025 16:00,CR-005,07-03-2025 16-00-00-CR-005,10.606111,-61.374422,Mid Lower Caroni,3.47,1.65,No
3/7/2025 16:00,CR-006,07-03-2025 16-00-00-CR-006,10.582769,-61.341406,Lower Caroni,2.55,-0.99,No
3/7/2025 16:00,CR-007,07-03-2025 16-00-00-CR-007,10.578663,-61.291224,Caroni Swamp Entrance,1.78,0.02,No
3/7/2025 16:00,CR-008,07-03-2025 16-00-00-CR-008,10.5799,-61.255061,Caroni River Mouth,3.19,1.62,No
3/7/2025 17:00,CR-001,07-03-2025 17-00-00-CR-001,10.62038,-61.466257,Caroni Source,3.94,0.61,Yes
3/7/2025 17:00,CR-002,07-03-2025 17-00-00-CR-002,10.617247,-61.43931,Early Caroni,1.54,-2,No
3/7/2025 17:00,CR-003,07-03-2025 17-00-00-CR-003,10.616628,-61.420142,Mid Upper Caroni,1.7,-0.62,No
3/7/2025 17:00,CR-004,07-03-2025 17-00-00-CR-004,10.609654,-61.395995,Mid Caroni,3.44,0.69,No
3/7/2025 17:00,CR-005,07-03-2025 17-00-00-CR-005,10.606111,-61.374422,Mid Lower Caroni,2.19,-1.28,No
3/7/2025 17:00,CR-006,07-03-2025 17-00-00-CR-006,10.582769,-61.341406,Lower Caroni,3.96,1.41,Yes
3/7/2025 17:00,CR-007,07-03-2025 17-00-00-CR-007,10.578663,-61.291224,Caroni Swamp Entrance,2.03,0.25,No
3/7/2025 17:00,CR-008,07-03-2025 17-00-00-CR-008,10.5799,-61.255061,Caroni River Mouth,3.39,0.2,No
3/7/2025 18:00,CR-001,07-03-2025 18-00-00-CR-001,10.62038,-61.466257,Caroni Source,3.61,-0.33,No
3/7/2025 18:00,CR-002,07-03-2025 18-00-00-CR-002,10.617247,-61.43931,Early Caroni,2.68,1.14,No
3/7/2025 18:00,CR-003,07-03-2025 18-00-00-CR-003,10.616628,-61.420142,Mid Upper Caroni,3.13,1.43,No
3/7/2025 18:00,CR-004,07-03-2025 18-00-00-CR-004,10.609654,-61.395995,Mid Caroni,1.83,-1.61,No
3/7/2025 18:00,CR-005,07-03-2025 18-00-00-CR-005,10.606111,-61.374422,Mid Lower Caroni,2.73,0.54,No
3/7/2025 18:00,CR-006,07-03-2025 18-00-00-CR-006,10.582769,-61.341406,Lower Caroni,1.63,-2.33,No
3/7/2025 18:00,CR-007,07-03-2025 18-00-00-CR-007,10.578663,-61.291224,Caroni Swamp Entrance,3.94,1.91,Yes
3/7/2025 18:00,CR-008,07-03-2025 18-00-00-CR-008,10.5799,-61.255061,Caroni River Mouth,2.71,-0.68,No
3/7/2025 19:00,CR-001,07-03-2025 19-00-00-CR-001,10.62038,-61.466257,Caroni Source,2,-1.61,No
3/7/2025 19:00,CR-002,07-03-2025 19-00-00-CR-002,10.617247,-61.43931,Early Caroni,2.03,-0.65,No
3/7/2025 19:00,CR-003,07-03-2025 19-00-00-CR-003,10.616628,-61.420142,Mid Upper Caroni,3.76,0.63,No
3/7/2025 19:00,CR-004,07-03-2025 19-00-00-CR-004,10.609654,-61.395995,Mid Caroni,2.65,0.82,No
3/7/2025 19:00,CR-005,07-03-2025 19-00-00-CR-005,10.606111,-61.374422,Mid Lower Caroni,1.6,-1.13,No
3/7/2025 19:00,CR-006,07-03-2025 19-00-00-CR-006,10.582769,-61.341406,Lower Caroni,3.32,1.69,No
3/7/2025 19:00,CR-007,07-03-2025 19-00-00-CR-007,10.578663,-61.291224,Caroni Swamp Entrance,1.87,-2.07,No
3/7/2025 19:00,CR-008,07-03-2025 19-00-00-CR-008,10.5799,-61.255061,Caroni River Mouth,3.4,0.69,No
3/7/2025 20:00,CR-001,07-03-2025 20-00-00-CR-001,10.62038,-61.466257,Caroni Source,3.8,1.8,No
3/7/2025 20:00,CR-002,07-03-2025 20-00-00-CR-002,10.617247,-61.43931,Early Caroni,1.85,-0.18,No
3/7/2025 20:00,CR-003,07-03-2025 20-00-00-CR-003,10.616628,-61.420142,Mid Upper Caroni,1.99,-1.77,No
3/7/2025 20:00,CR-004,07-03-2025 20-00-00-CR-004,10.609654,-61.395995,Mid Caroni,1.91,-0.74,No
3/7/2025 20:00,CR-005,07-03-2025 20-00-00-CR-005,10.606111,-61.374422,Mid Lower Caroni,3.29,1.69,No
3/7/2025 20:00,CR-006,07-03-2025 20-00-00-CR-006,10.582769,-61.341406,Lower Caroni,3.23,-0.09,No
3/7/2025 20:00,CR-007,07-03-2025 20-00-00-CR-007,10.578663,-61.291224,Caroni Swamp Entrance,1.99,0.12,No
3/7/2025 20:00,CR-008,07-03-2025 20-00-00-CR-008,10.5799,-61.255061,Caroni River Mouth,2.11,-1.29,No
3/7/2025 21:00,CR-001,07-03-2025 21-00-00-CR-001,10.62038,-61.466257,Caroni Source,3.75,-0.05,No
3/7/2025 21:00,CR-002,07-03-2025 21-00-00-CR-002,10.617247,-61.43931,Early Caroni,1.56,-0.29,No
3/7/2025 21:00,CR-003,07-03-2025 21-00-00-CR-003,10.616628,-61.420142,Mid Upper Caroni,2.93,0.94,No
3/7/2025 21:00,CR-004,07-03-2025 21-00-00-CR-004,10.609654,-61.395995,Mid Caroni,3.71,1.8,No
3/7/2025 21:00,CR-005,07-03-2025 21-00-00-CR-005,10.606111,-61.374422,Mid Lower Caroni,3.35,0.06,No
3/7/2025 21:00,CR-006,07-03-2025 21-00-00-CR-006,10.582769,-61.341406,Lower Caroni,2.88,-0.35,No
3/7/2025 21:00,CR-007,07-03-2025 21-00-00-CR-007,10.578663,-61.291224,Caroni Swamp Entrance,2.25,0.26,No
3/7/2025 21:00,CR-008,07-03-2025 21-00-00-CR-008,10.5799,-61.255061,Caroni River Mouth,1.87,-0.24,No
3/7/2025 22:00,CR-001,07-03-2025 22-00-00-CR-001,10.62038,-61.466257,Caroni Source,3.63,-0.12,No
3/7/2025 22:00,CR-002,07-03-2025 22-00-00-CR-002,10.617247,-61.43931,Early Caroni,3.41,1.85,No
3/7/2025 22:00,CR-003,07-03-2025 22-00-00-CR-003,10.616628,-61.420142,Mid Upper Caroni,1.63,-1.3,No
3/7/2025 22:00,CR-004,07-03-2025 22-00-00-CR-004,10.609654,-61.395995,Mid Caroni,3.41,-0.3,No
3/7/2025 22:00,CR-005,07-03-2025 22-00-00-CR-005,10.606111,-61.374422,Mid Lower Caroni,1.92,-1.43,No
3/7/2025 22:00,CR-006,07-03-2025 22-00-00-CR-006,10.582769,-61.341406,Lower Caroni,2.92,0.04,No
3/7/2025 22:00,CR-007,07-03-2025 22-00-00-CR-007,10.578663,-61.291224,Caroni Swamp Entrance,1.63,-0.62,No
3/7/2025 22:00,CR-008,07-03-2025 22-00-00-CR-008,10.5799,-61.255061,Caroni River Mouth,3.35,1.48,No
3/7/2025 23:00,CR-001,07-03-2025 23-00-00-CR-001,10.62038,-61.466257,Caroni Source,2.32,-1.31,No
3/7/2025 23:00,CR-002,07-03-2025 23-00-00-CR-002,10.617247,-61.43931,Early Caroni,2.59,-0.82,No
3/7/2025 23:00,CR-003,07-03-2025 23-00-00-CR-003,10.616628,-61.420142,Mid Upper Caroni,3.85,2.22,Yes
3/7/2025 23:00,CR-004,07-03-2025 23-00-00-CR-004,10.609654,-61.395995,Mid Caroni,2.68,-0.73,No
3/7/2025 23:00,CR-005,07-03-2025 23-00-00-CR-005,10.606111,-61.374422,Mid Lower Caroni,3.74,1.82,No
3/7/2025 23:00,CR-006,07-03-2025 23-00-00-CR-006,10.582769,-61.341406,Lower Caroni,2.28,-0.64,No
3/7/2025 23:00,CR-007,07-03-2025 23-00-00-CR-007,10.578663,-61.291224,Caroni Swamp Entrance,2.03,0.4,No
3/7/2025 23:00,CR-008,07-03-2025 23-00-00-CR-008,10.5799,-61.255061,Caroni River Mouth,3.42,0.07,No
3/8/2025 0:00,CR-001,08-03-2025 00-00-00-CR-001,10.62038,-61.466257,Caroni Source,2.71,0.39,No
3/8/2025 0:00,CR-002,08-03-2025 00-00-00-CR-002,10.617247,-61.43931,Early Caroni,3.36,0.77,No
3/8/2025 0:00,CR-003,08-03-2025 00-00-00-CR-003,10.616628,-61.420142,Mid Upper Caroni,3.3,-0.55,No
3/8/2025 0:00,CR-004,08-03-2025 00-00-00-CR-004,10.609654,-61.395995,Mid Caroni,3.47,0.79,No
3/8/2025 0:00,CR-005,08-03-2025 00-00-00-CR-005,10.606111,-61.374422,Mid Lower Caroni,2.66,-1.08,No
3/8/2025 0:00,CR-006,08-03-2025 00-00-00-CR-006,10.582769,-61.341406,Lower Caroni,1.78,-0.5,No
3/8/2025 0:00,CR-007,08-03-2025 00-00-00-CR-007,10.578663,-61.291224,Caroni Swamp Entrance,3.94,1.91,Yes
3/8/2025 0:00,CR-008,08-03-2025 00-00-00-CR-008,10.5799,-61.255061,Caroni River Mouth,3.81,0.39,Yes
3/8/2025 1:00,CR-001,08-03-2025 01-00-00-CR-001,10.62038,-61.466257,Caroni Source,3.73,1.02,No
3/8/2025 1:00,CR-002,08-03-2025 01-00-00-CR-002,10.617247,-61.43931,Early Caroni,3.12,-0.24,No
3/8/2025 1:00,CR-003,08-03-2025 01-00-00-CR-003,10.616628,-61.420142,Mid Upper Caroni,3.92,0.62,Yes
3/8/2025 1:00,CR-004,08-03-2025 01-00-00-CR-004,10.609654,-61.395995,Mid Caroni,3.51,0.04,No
3/8/2025 1:00,CR-005,08-03-2025 01-00-00-CR-005,10.606111,-61.374422,Mid Lower Caroni,3.85,1.19,Yes
3/8/2025 1:00,CR-006,08-03-2025 01-00-00-CR-006,10.582769,-61.341406,Lower Caroni,2.47,0.69,No
3/8/2025 1:00,CR-007,08-03-2025 01-00-00-CR-007,10.578663,-61.291224,Caroni Swamp Entrance,3.98,0.04,Yes
3/8/2025 1:00,CR-008,08-03-2025 01-00-00-CR-008,10.5799,-61.255061,Caroni River Mouth,3.11,-0.7,No
3/8/2025 2:00,CR-001,08-03-2025 02-00-00-CR-001,10.62038,-61.466257,Caroni Source,3.78,0.05,No
3/8/2025 2:00,CR-002,08-03-2025 02-00-00-CR-002,10.617247,-61.43931,Early Caroni,1.66,-1.46,No
3/8/2025 2:00,CR-003,08-03-2025 02-00-00-CR-003,10.616628,-61.420142,Mid Upper Caroni,3.73,-0.19,No
3/8/2025 2:00,CR-004,08-03-2025 02-00-00-CR-004,10.609654,-61.395995,Mid Caroni,3.19,-0.32,No
3/8/2025 2:00,CR-005,08-03-2025 02-00-00-CR-005,10.606111,-61.374422,Mid Lower Caroni,1.7,-2.15,No
3/8/2025 2:00,CR-006,08-03-2025 02-00-00-CR-006,10.582769,-61.341406,Lower Caroni,3.46,0.99,No
3/8/2025 2:00,CR-007,08-03-2025 02-00-00-CR-007,10.578663,-61.291224,Caroni Swamp Entrance,3.4,-0.58,No
3/8/2025 2:00,CR-008,08-03-2025 02-00-00-CR-008,10.5799,-61.255061,Caroni River Mouth,1.66,-1.45,No
3/8/2025 3:00,CR-001,08-03-2025 03-00-00-CR-001,10.62038,-61.466257,Caroni Source,1.64,-2.14,No
3/8/2025 3:00,CR-002,08-03-2025 03-00-00-CR-002,10.617247,-61.43931,Early Caroni,2.86,1.2,No
3/8/2025 3:00,CR-003,08-03-2025 03-00-00-CR-003,10.616628,-61.420142,Mid Upper Caroni,3.51,-0.22,No
3/8/2025 3:00,CR-004,08-03-2025 03-00-00-CR-004,10.609654,-61.395995,Mid Caroni,1.76,-1.43,No
3/8/2025 3:00,CR-005,08-03-2025 03-00-00-CR-005,10.606111,-61.374422,Mid Lower Caroni,3.05,1.35,No
3/8/2025 3:00,CR-006,08-03-2025 03-00-00-CR-006,10.582769,-61.341406,Lower Caroni,2.94,-0.52,No
3/8/2025 3:00,CR-007,08-03-2025 03-00-00-CR-007,10.578663,-61.291224,Caroni Swamp Entrance,2.36,-1.04,No
3/8/2025 3:00,CR-008,08-03-2025 03-00-00-CR-008,10.5799,-61.255061,Caroni River Mouth,3.9,2.24,Yes
3/8/2025 4:00,CR-001,08-03-2025 04-00-00-CR-001,10.62038,-61.466257,Caroni Source,1.8,0.16,No
3/8/2025 4:00,CR-002,08-03-2025 04-00-00-CR-002,10.617247,-61.43931,Early Caroni,2.14,-0.72,No
3/8/2025 4:00,CR-003,08-03-2025 04-00-00-CR-003,10.616628,-61.420142,Mid Upper Caroni,2.24,-1.27,No
3/8/2025 4:00,CR-004,08-03-2025 04-00-00-CR-004,10.609654,-61.395995,Mid Caroni,2.85,1.09,No
3/8/2025 4:00,CR-005,08-03-2025 04-00-00-CR-005,10.606111,-61.374422,Mid Lower Caroni,2.01,-1.04,No
3/8/2025 4:00,CR-006,08-03-2025 04-00-00-CR-006,10.582769,-61.341406,Lower Caroni,2,-0.94,No
3/8/2025 4:00,CR-007,08-03-2025 04-00-00-CR-007,10.578663,-61.291224,Caroni Swamp Entrance,1.53,-0.83,No
3/8/2025 4:00,CR-008,08-03-2025 04-00-00-CR-008,10.5799,-61.255061,Caroni River Mouth,3.08,-0.82,No
3/8/2025 5:00,CR-001,08-03-2025 05-00-00-CR-001,10.62038,-61.466257,Caroni Source,1.98,0.18,No
3/8/2025 5:00,CR-002,08-03-2025 05-00-00-CR-002,10.617247,-61.43931,Early Caroni,1.77,-0.37,No
3/8/2025 5:00,CR-003,08-03-2025 05-00-00-CR-003,10.616628,-61.420142,Mid Upper Caroni,2.57,0.33,No
3/8/2025 5:00,CR-004,08-03-2025 05-00-00-CR-004,10.609654,-61.395995,Mid Caroni,2.52,-0.33,No
3/8/2025 5:00,CR-005,08-03-2025 05-00-00-CR-005,10.606111,-61.374422,Mid Lower Caroni,2.06,0.05,No
3/8/2025 5:00,CR-006,08-03-2025 05-00-00-CR-006,10.582769,-61.341406,Lower Caroni,2.51,0.51,No
3/8/2025 5:00,CR-007,08-03-2025 05-00-00-CR-007,10.578663,-61.291224,Caroni Swamp Entrance,3.97,2.44,Yes
3/8/2025 5:00,CR-008,08-03-2025 05-00-00-CR-008,10.5799,-61.255061,Caroni River Mouth,2.8,-0.28,No
3/8/2025 6:00,CR-001,08-03-2025 06-00-00-CR-001,10.62038,-61.466257,Caroni Source,3.89,1.91,Yes
3/8/2025 6:00,CR-002,08-03-2025 06-00-00-CR-002,10.617247,-61.43931,Early Caroni,1.58,-0.19,No
3/8/2025 6:00,CR-003,08-03-2025 06-00-00-CR-003,10.616628,-61.420142,Mid Upper Caroni,3.35,0.78,No
3/8/2025 6:00,CR-004,08-03-2025 06-00-00-CR-004,10.609654,-61.395995,Mid Caroni,3.69,1.17,No
3/8/2025 6:00,CR-005,08-03-2025 06-00-00-CR-005,10.606111,-61.374422,Mid Lower Caroni,2.21,0.15,No
3/8/2025 6:00,CR-006,08-03-2025 06-00-00-CR-006,10.582769,-61.341406,Lower Caroni,3.14,0.63,No
3/8/2025 6:00,CR-007,08-03-2025 06-00-00-CR-007,10.578663,-61.291224,Caroni Swamp Entrance,3.17,-0.8,No
3/8/2025 6:00,CR-008,08-03-2025 06-00-00-CR-008,10.5799,-61.255061,Caroni River Mouth,1.52,-1.28,No
3/8/2025 7:00,CR-001,08-03-2025 07-00-00-CR-001,10.62038,-61.466257,Caroni Source,1.58,-2.31,No
3/8/2025 7:00,CR-002,08-03-2025 07-00-00-CR-002,10.617247,-61.43931,Early Caroni,3.88,2.3,Yes
3/8/2025 7:00,CR-003,08-03-2025 07-00-00-CR-003,10.616628,-61.420142,Mid Upper Caroni,2.44,-0.91,No
3/8/2025 7:00,CR-004,08-03-2025 07-00-00-CR-004,10.609654,-61.395995,Mid Caroni,2.49,-1.2,No
3/8/2025 7:00,CR-005,08-03-2025 07-00-00-CR-005,10.606111,-61.374422,Mid Lower Caroni,3.9,1.69,Yes
3/8/2025 7:00,CR-006,08-03-2025 07-00-00-CR-006,10.582769,-61.341406,Lower Caroni,1.87,-1.27,No
3/8/2025 7:00,CR-007,08-03-2025 07-00-00-CR-007,10.578663,-61.291224,Caroni Swamp Entrance,3.45,0.28,No
3/8/2025 7:00,CR-008,08-03-2025 07-00-00-CR-008,10.5799,-61.255061,Caroni River Mouth,3.72,2.2,No
3/8/2025 8:00,CR-001,08-03-2025 08-00-00-CR-001,10.62038,-61.466257,Caroni Source,3.08,1.5,No
3/8/2025 8:00,CR-002,08-03-2025 08-00-00-CR-002,10.617247,-61.43931,Early Caroni,3.14,-0.74,No
3/8/2025 8:00,CR-003,08-03-2025 08-00-00-CR-003,10.616628,-61.420142,Mid Upper Caroni,3.94,1.5,Yes
3/8/2025 8:00,CR-004,08-03-2025 08-00-00-CR-004,10.609654,-61.395995,Mid Caroni,1.6,-0.89,No
3/8/2025 8:00,CR-005,08-03-2025 08-00-00-CR-005,10.606111,-61.374422,Mid Lower Caroni,2.38,-1.52,No
3/8/2025 8:00,CR-006,08-03-2025 08-00-00-CR-006,10.582769,-61.341406,Lower Caroni,3.54,1.67,No
3/8/2025 8:00,CR-007,08-03-2025 08-00-00-CR-007,10.578663,-61.291224,Caroni Swamp Entrance,3.3,-0.15,No
3/8/2025 8:00,CR-008,08-03-2025 08-00-00-CR-008,10.5799,-61.255061,Caroni River Mouth,2.34,-1.38,No
3/8/2025 9:00,CR-001,08-03-2025 09-00-00-CR-001,10.62038,-61.466257,Caroni Source,2.87,-0.21,No
3/8/2025 9:00,CR-002,08-03-2025 09-00-00-CR-002,10.617247,-61.43931,Early Caroni,1.55,-1.59,No
3/8/2025 9:00,CR-003,08-03-2025 09-00-00-CR-003,10.616628,-61.420142,Mid Upper Caroni,3.82,-0.12,Yes
3/8/2025 9:00,CR-004,08-03-2025 09-00-00-CR-004,10.609654,-61.395995,Mid Caroni,2.42,0.82,No
3/8/2025 9:00,CR-005,08-03-2025 09-00-00-CR-005,10.606111,-61.374422,Mid Lower Caroni,1.7,-0.68,No
3/8/2025 9:00,CR-006,08-03-2025 09-00-00-CR-006,10.582769,-61.341406,Lower Caroni,2.12,-1.42,No
3/8/2025 9:00,CR-007,08-03-2025 09-00-00-CR-007,10.578663,-61.291224,Caroni Swamp Entrance,2.91,-0.39,No
3/8/2025 9:00,CR-008,08-03-2025 09-00-00-CR-008,10.5799,-61.255061,Caroni River Mouth,3.7,1.36,No
3/8/2025 10:00,CR-001,08-03-2025 10-00-00-CR-001,10.62038,-61.466257,Caroni Source,2.06,-0.81,No
3/8/2025 10:00,CR-002,08-03-2025 10-00-00-CR-002,10.617247,-61.43931,Early Caroni,2.91,1.36,No
3/8/2025 10:00,CR-003,08-03-2025 10-00-00-CR-003,10.616628,-61.420142,Mid Upper Caroni,3.5,-0.32,No
3/8/2025 10:00,CR-004,08-03-2025 10-00-00-CR-004,10.609654,-61.395995,Mid Caroni,3.92,1.5,Yes
3/8/2025 10:00,CR-005,08-03-2025 10-00-00-CR-005,10.606111,-61.374422,Mid Lower Caroni,3.03,1.33,No
3/8/2025 10:00,CR-006,08-03-2025 10-00-00-CR-006,10.582769,-61.341406,Lower Caroni,3.31,1.19,No
3/8/2025 10:00,CR-007,08-03-2025 10-00-00-CR-007,10.578663,-61.291224,Caroni Swamp Entrance,2.71,-0.2,No
3/8/2025 10:00,CR-008,08-03-2025 10-00-00-CR-008,10.5799,-61.255061,Caroni River Mouth,3.86,0.16,Yes
3/8/2025 11:00,CR-001,08-03-2025 11-00-00-CR-001,10.62038,-61.466257,Caroni Source,1.92,-0.14,No
3/8/2025 11:00,CR-002,08-03-2025 11-00-00-CR-002,10.617247,-61.43931,Early Caroni,2.36,-0.55,No
3/8/2025 11:00,CR-003,08-03-2025 11-00-00-CR-003,10.616628,-61.420142,Mid Upper Caroni,3.17,-0.33,No
3/8/2025 11:00,CR-004,08-03-2025 11-00-00-CR-004,10.609654,-61.395995,Mid Caroni,1.76,-2.16,No
3/8/2025 11:00,CR-005,08-03-2025 11-00-00-CR-005,10.606111,-61.374422,Mid Lower Caroni,2.93,-0.1,No
3/8/2025 11:00,CR-006,08-03-2025 11-00-00-CR-006,10.582769,-61.341406,Lower Caroni,2.49,-0.82,No
3/8/2025 11:00,CR-007,08-03-2025 11-00-00-CR-007,10.578663,-61.291224,Caroni Swamp Entrance,2.06,-0.65,No
3/8/2025 11:00,CR-008,08-03-2025 11-00-00-CR-008,10.5799,-61.255061,Caroni River Mouth,3.12,-0.74,No
3/8/2025 12:00,CR-001,08-03-2025 12-00-00-CR-001,10.62038,-61.466257,Caroni Source,3.82,1.9,Yes
3/8/2025 12:00,CR-002,08-03-2025 12-00-00-CR-002,10.617247,-61.43931,Early Caroni,2.44,0.08,No
3/8/2025 12:00,CR-003,08-03-2025 12-00-00-CR-003,10.616628,-61.420142,Mid Upper Caroni,3.56,0.39,No
3/8/2025 12:00,CR-004,08-03-2025 12-00-00-CR-004,10.609654,-61.395995,Mid Caroni,2.06,0.3,No
3/8/2025 12:00,CR-005,08-03-2025 12-00-00-CR-005,10.606111,-61.374422,Mid Lower Caroni,4,1.07,Yes
3/8/2025 12:00,CR-006,08-03-2025 12-00-00-CR-006,10.582769,-61.341406,Lower Caroni,3.89,1.4,Yes
3/8/2025 12:00,CR-007,08-03-2025 12-00-00-CR-007,10.578663,-61.291224,Caroni Swamp Entrance,3.29,1.23,No
3/8/2025 12:00,CR-008,08-03-2025 12-00-00-CR-008,10.5799,-61.255061,Caroni River Mouth,2.47,-0.65,No
3/8/2025 13:00,CR-001,08-03-2025 13-00-00-CR-001,10.62038,-61.466257,Caroni Source,3.65,-0.17,No
3/8/2025 13:00,CR-002,08-03-2025 13-00-00-CR-002,10.617247,-61.43931,Early Caroni,1.78,-0.66,No
3/8/2025 13:00,CR-003,08-03-2025 13-00-00-CR-003,10.616628,-61.420142,Mid Upper Caroni,1.63,-1.93,No
3/8/2025 13:00,CR-004,08-03-2025 13-00-00-CR-004,10.609654,-61.395995,Mid Caroni,3.32,1.26,No
3/8/2025 13:00,CR-005,08-03-2025 13-00-00-CR-005,10.606111,-61.374422,Mid Lower Caroni,2.61,-1.39,No
3/8/2025 13:00,CR-006,08-03-2025 13-00-00-CR-006,10.582769,-61.341406,Lower Caroni,2.6,-1.29,No
3/8/2025 13:00,CR-007,08-03-2025 13-00-00-CR-007,10.578663,-61.291224,Caroni Swamp Entrance,2.07,-1.22,No
3/8/2025 13:00,CR-008,08-03-2025 13-00-00-CR-008,10.5799,-61.255061,Caroni River Mouth,3.86,1.39,Yes
3/8/2025 14:00,CR-001,08-03-2025 14-00-00-CR-001,10.62038,-61.466257,Caroni Source,2.05,-1.6,No
3/8/2025 14:00,CR-002,08-03-2025 14-00-00-CR-002,10.617247,-61.43931,Early Caroni,2.03,0.25,No
3/8/2025 14:00,CR-003,08-03-2025 14-00-00-CR-003,10.616628,-61.420142,Mid Upper Caroni,3.36,1.73,No
3/8/2025 14:00,CR-004,08-03-2025 14-00-00-CR-004,10.609654,-61.395995,Mid Caroni,2.95,-0.37,No
3/8/2025 14:00,CR-005,08-03-2025 14-00-00-CR-005,10.606111,-61.374422,Mid Lower Caroni,3.86,1.25,Yes
3/8/2025 14:00,CR-006,08-03-2025 14-00-00-CR-006,10.582769,-61.341406,Lower Caroni,3.05,0.45,No
3/8/2025 14:00,CR-007,08-03-2025 14-00-00-CR-007,10.578663,-61.291224,Caroni Swamp Entrance,3.9,1.83,Yes
3/8/2025 14:00,CR-008,08-03-2025 14-00-00-CR-008,10.5799,-61.255061,Caroni River Mouth,2.28,-1.58,No
3/8/2025 15:00,CR-001,08-03-2025 15-00-00-CR-001,10.62038,-61.466257,Caroni Source,2.8,0.75,No
3/8/2025 15:00,CR-002,08-03-2025 15-00-00-CR-002,10.617247,-61.43931,Early Caroni,3.07,1.04,No
3/8/2025 15:00,CR-003,08-03-2025 15-00-00-CR-003,10.616628,-61.420142,Mid Upper Caroni,1.64,-1.72,No
3/8/2025 15:00,CR-004,08-03-2025 15-00-00-CR-004,10.609654,-61.395995,Mid Caroni,2.57,-0.38,No
3/8/2025 15:00,CR-005,08-03-2025 15-00-00-CR-005,10.606111,-61.374422,Mid Lower Caroni,2.2,-1.66,No
3/8/2025 15:00,CR-006,08-03-2025 15-00-00-CR-006,10.582769,-61.341406,Lower Caroni,2.33,-0.72,No
3/8/2025 15:00,CR-007,08-03-2025 15-00-00-CR-007,10.578663,-61.291224,Caroni Swamp Entrance,3.54,-0.36,No
3/8/2025 15:00,CR-008,08-03-2025 15-00-00-CR-008,10.5799,-61.255061,Caroni River Mouth,1.91,-0.37,No
3/8/2025 16:00,CR-001,08-03-2025 16-00-00-CR-001,10.62038,-61.466257,Caroni Source,2.16,-0.64,No
3/8/2025 16:00,CR-002,08-03-2025 16-00-00-CR-002,10.617247,-61.43931,Early Caroni,2.27,-0.8,No
3/8/2025 16:00,CR-003,08-03-2025 16-00-00-CR-003,10.616628,-61.420142,Mid Upper Caroni,3.25,1.61,No
3/8/2025 16:00,CR-004,08-03-2025 16-00-00-CR-004,10.609654,-61.395995,Mid Caroni,2.96,0.39,No
3/8/2025 16:00,CR-005,08-03-2025 16-00-00-CR-005,10.606111,-61.374422,Mid Lower Caroni,3.04,0.84,No
3/8/2025 16:00,CR-006,08-03-2025 16-00-00-CR-006,10.582769,-61.341406,Lower Caroni,2.93,0.6,No
3/8/2025 16:00,CR-007,08-03-2025 16-00-00-CR-007,10.578663,-61.291224,Caroni Swamp Entrance,3.28,-0.26,No
3/8/2025 16:00,CR-008,08-03-2025 16-00-00-CR-008,10.5799,-61.255061,Caroni River Mouth,1.77,-0.14,No
3/8/2025 17:00,CR-001,08-03-2025 17-00-00-CR-001,10.62038,-61.466257,Caroni Source,3.58,1.42,No
3/8/2025 17:00,CR-002,08-03-2025 17-00-00-CR-002,10.617247,-61.43931,Early Caroni,2.61,0.34,No
3/8/2025 17:00,CR-003,08-03-2025 17-00-00-CR-003,10.616628,-61.420142,Mid Upper Caroni,3.75,0.5,No
3/8/2025 17:00,CR-004,08-03-2025 17-00-00-CR-004,10.609654,-61.395995,Mid Caroni,3.32,0.36,No
3/8/2025 17:00,CR-005,08-03-2025 17-00-00-CR-005,10.606111,-61.374422,Mid Lower Caroni,2.86,-0.18,No
3/8/2025 17:00,CR-006,08-03-2025 17-00-00-CR-006,10.582769,-61.341406,Lower Caroni,2.91,-0.02,No
3/8/2025 17:00,CR-007,08-03-2025 17-00-00-CR-007,10.578663,-61.291224,Caroni Swamp Entrance,3.88,0.6,Yes
3/8/2025 17:00,CR-008,08-03-2025 17-00-00-CR-008,10.5799,-61.255061,Caroni River Mouth,2.76,0.99,No
3/8/2025 18:00,CR-001,08-03-2025 18-00-00-CR-001,10.62038,-61.466257,Caroni Source,3.67,0.09,No
3/8/2025 18:00,CR-002,08-03-2025 18-00-00-CR-002,10.617247,-61.43931,Early Caroni,2.99,0.38,No
3/8/2025 18:00,CR-003,08-03-2025 18-00-00-CR-003,10.616628,-61.420142,Mid Upper Caroni,3.11,-0.64,No
3/8/2025 18:00,CR-004,08-03-2025 18-00-00-CR-004,10.609654,-61.395995,Mid Caroni,2.64,-0.68,No
3/8/2025 18:00,CR-005,08-03-2025 18-00-00-CR-005,10.606111,-61.374422,Mid Lower Caroni,1.79,-1.07,No
3/8/2025 18:00,CR-006,08-03-2025 18-00-00-CR-006,10.582769,-61.341406,Lower Caroni,2.67,-0.24,No
3/8/2025 18:00,CR-007,08-03-2025 18-00-00-CR-007,10.578663,-61.291224,Caroni Swamp Entrance,3.24,-0.64,No
3/8/2025 18:00,CR-008,08-03-2025 18-00-00-CR-008,10.5799,-61.255061,Caroni River Mouth,3.32,0.56,No
3/8/2025 19:00,CR-001,08-03-2025 19-00-00-CR-001,10.62038,-61.466257,Caroni Source,1.81,-1.86,No
3/8/2025 19:00,CR-002,08-03-2025 19-00-00-CR-002,10.617247,-61.43931,Early Caroni,3.94,0.95,Yes
3/8/2025 19:00,CR-003,08-03-2025 19-00-00-CR-003,10.616628,-61.420142,Mid Upper Caroni,2.05,-1.06,No
3/8/2025 19:00,CR-004,08-03-2025 19-00-00-CR-004,10.609654,-61.395995,Mid Caroni,2.18,-0.46,No
3/8/2025 19:00,CR-005,08-03-2025 19-00-00-CR-005,10.606111,-61.374422,Mid Lower Caroni,1.91,0.12,No
3/8/2025 19:00,CR-006,08-03-2025 19-00-00-CR-006,10.582769,-61.341406,Lower Caroni,3.35,0.68,No
3/8/2025 19:00,CR-007,08-03-2025 19-00-00-CR-007,10.578663,-61.291224,Caroni Swamp Entrance,2.42,-0.82,No
3/8/2025 19:00,CR-008,08-03-2025 19-00-00-CR-008,10.5799,-61.255061,Caroni River Mouth,2.27,-1.05,No
3/8/2025 20:00,CR-001,08-03-2025 20-00-00-CR-001,10.62038,-61.466257,Caroni Source,1.91,0.1,No
3/8/2025 20:00,CR-002,08-03-2025 20-00-00-CR-002,10.617247,-61.43931,Early Caroni,1.72,-2.22,No
3/8/2025 20:00,CR-003,08-03-2025 20-00-00-CR-003,10.616628,-61.420142,Mid Upper Caroni,2.87,0.82,No
3/8/2025 20:00,CR-004,08-03-2025 20-00-00-CR-004,10.609654,-61.395995,Mid Caroni,2.81,0.63,No
3/8/2025 20:00,CR-005,08-03-2025 20-00-00-CR-005,10.606111,-61.374422,Mid Lower Caroni,2.69,0.78,No
3/8/2025 20:00,CR-006,08-03-2025 20-00-00-CR-006,10.582769,-61.341406,Lower Caroni,2.7,-0.65,No
3/8/2025 20:00,CR-007,08-03-2025 20-00-00-CR-007,10.578663,-61.291224,Caroni Swamp Entrance,3.27,0.85,No
3/8/2025 20:00,CR-008,08-03-2025 20-00-00-CR-008,10.5799,-61.255061,Caroni River Mouth,2.83,0.56,No
3/8/2025 21:00,CR-001,08-03-2025 21-00-00-CR-001,10.62038,-61.466257,Caroni Source,3.9,1.99,Yes
3/8/2025 21:00,CR-002,08-03-2025 21-00-00-CR-002,10.617247,-61.43931,Early Caroni,1.58,-0.14,No
3/8/2025 21:00,CR-003,08-03-2025 21-00-00-CR-003,10.616628,-61.420142,Mid Upper Caroni,1.83,-1.04,No
3/8/2025 21:00,CR-004,08-03-2025 21-00-00-CR-004,10.609654,-61.395995,Mid Caroni,2.12,-0.69,No
3/8/2025 21:00,CR-005,08-03-2025 21-00-00-CR-005,10.606111,-61.374422,Mid Lower Caroni,1.64,-1.05,No
3/8/2025 21:00,CR-006,08-03-2025 21-00-00-CR-006,10.582769,-61.341406,Lower Caroni,3.32,0.62,No
3/8/2025 21:00,CR-007,08-03-2025 21-00-00-CR-007,10.578663,-61.291224,Caroni Swamp Entrance,2.21,-1.06,No
3/8/2025 21:00,CR-008,08-03-2025 21-00-00-CR-008,10.5799,-61.255061,Caroni River Mouth,1.97,-0.86,No
3/8/2025 22:00,CR-001,08-03-2025 22-00-00-CR-001,10.62038,-61.466257,Caroni Source,2.93,-0.97,No
3/8/2025 22:00,CR-002,08-03-2025 22-00-00-CR-002,10.617247,-61.43931,Early Caroni,3.47,1.89,No
3/8/2025 22:00,CR-003,08-03-2025 22-00-00-CR-003,10.616628,-61.420142,Mid Upper Caroni,3.59,1.76,No
3/8/2025 22:00,CR-004,08-03-2025 22-00-00-CR-004,10.609654,-61.395995,Mid Caroni,3.94,1.82,Yes
3/8/2025 22:00,CR-005,08-03-2025 22-00-00-CR-005,10.606111,-61.374422,Mid Lower Caroni,3.95,2.31,Yes
3/8/2025 22:00,CR-006,08-03-2025 22-00-00-CR-006,10.582769,-61.341406,Lower Caroni,2.79,-0.53,No
3/8/2025 22:00,CR-007,08-03-2025 22-00-00-CR-007,10.578663,-61.291224,Caroni Swamp Entrance,1.96,-0.25,No
3/8/2025 22:00,CR-008,08-03-2025 22-00-00-CR-008,10.5799,-61.255061,Caroni River Mouth,2.23,0.26,No
3/8/2025 23:00,CR-001,08-03-2025 23-00-00-CR-001,10.62038,-61.466257,Caroni Source,3.02,0.09,No
3/8/2025 23:00,CR-002,08-03-2025 23-00-00-CR-002,10.617247,-61.43931,Early Caroni,2.29,-1.18,No
3/8/2025 23:00,CR-003,08-03-2025 23-00-00-CR-003,10.616628,-61.420142,Mid Upper Caroni,1.57,-2.02,No
3/8/2025 23:00,CR-004,08-03-2025 23-00-00-CR-004,10.609654,-61.395995,Mid Caroni,2.4,-1.54,No
3/8/2025 23:00,CR-005,08-03-2025 23-00-00-CR-005,10.606111,-61.374422,Mid Lower Caroni,2.66,-1.29,No
3/8/2025 23:00,CR-006,08-03-2025 23-00-00-CR-006,10.582769,-61.341406,Lower Caroni,3.31,0.52,No
3/8/2025 23:00,CR-007,08-03-2025 23-00-00-CR-007,10.578663,-61.291224,Caroni Swamp Entrance,2.83,0.87,No
3/8/2025 23:00,CR-008,08-03-2025 23-00-00-CR-008,10.5799,-61.255061,Caroni River Mouth,3.65,1.42,No
3/9/2025 0:00,CR-001,09-03-2025 00-00-00-CR-001,10.62038,-61.466257,Caroni Source,2.86,-0.16,No
3/9/2025 0:00,CR-002,09-03-2025 00-00-00-CR-002,10.617247,-61.43931,Early Caroni,2.97,0.68,No
3/9/2025 0:00,CR-003,09-03-2025 00-00-00-CR-003,10.616628,-61.420142,Mid Upper Caroni,2.82,1.25,No
3/9/2025 0:00,CR-004,09-03-2025 00-00-00-CR-004,10.609654,-61.395995,Mid Caroni,3.67,1.27,No
3/9/2025 0:00,CR-005,09-03-2025 00-00-00-CR-005,10.606111,-61.374422,Mid Lower Caroni,3.66,1,No
3/9/2025 0:00,CR-006,09-03-2025 00-00-00-CR-006,10.582769,-61.341406,Lower Caroni,3.41,0.1,No
3/9/2025 0:00,CR-007,09-03-2025 00-00-00-CR-007,10.578663,-61.291224,Caroni Swamp Entrance,3.64,0.81,No
3/9/2025 0:00,CR-008,09-03-2025 00-00-00-CR-008,10.5799,-61.255061,Caroni River Mouth,1.98,-1.67,No
3/9/2025 1:00,CR-001,09-03-2025 01-00-00-CR-001,10.62038,-61.466257,Caroni Source,2.71,-0.15,No
3/9/2025 1:00,CR-002,09-03-2025 01-00-00-CR-002,10.617247,-61.43931,Early Caroni,1.61,-1.36,No
3/9/2025 1:00,CR-003,09-03-2025 01-00-00-CR-003,10.616628,-61.420142,Mid Upper Caroni,1.5,-1.32,No
3/9/2025 1:00,CR-004,09-03-2025 01-00-00-CR-004,10.609654,-61.395995,Mid Caroni,3.28,-0.39,No
3/9/2025 1:00,CR-005,09-03-2025 01-00-00-CR-005,10.606111,-61.374422,Mid Lower Caroni,3.51,-0.15,No
3/9/2025 1:00,CR-006,09-03-2025 01-00-00-CR-006,10.582769,-61.341406,Lower Caroni,2.54,-0.87,No
3/9/2025 1:00,CR-007,09-03-2025 01-00-00-CR-007,10.578663,-61.291224,Caroni Swamp Entrance,2.03,-1.61,No
3/9/2025 1:00,CR-008,09-03-2025 01-00-00-CR-008,10.5799,-61.255061,Caroni River Mouth,1.72,-0.26,No
3/9/2025 2:00,CR-001,09-03-2025 02-00-00-CR-001,10.62038,-61.466257,Caroni Source,3.89,1.18,Yes
3/9/2025 2:00,CR-002,09-03-2025 02-00-00-CR-002,10.617247,-61.43931,Early Caroni,3.83,2.22,Yes
3/9/2025 2:00,CR-003,09-03-2025 02-00-00-CR-003,10.616628,-61.420142,Mid Upper Caroni,2,0.5,No
3/9/2025 2:00,CR-004,09-03-2025 02-00-00-CR-004,10.609654,-61.395995,Mid Caroni,1.51,-1.77,No
3/9/2025 2:00,CR-005,09-03-2025 02-00-00-CR-005,10.606111,-61.374422,Mid Lower Caroni,1.95,-1.56,No
3/9/2025 2:00,CR-006,09-03-2025 02-00-00-CR-006,10.582769,-61.341406,Lower Caroni,1.87,-0.67,No
3/9/2025 2:00,CR-007,09-03-2025 02-00-00-CR-007,10.578663,-61.291224,Caroni Swamp Entrance,3.68,1.65,No
3/9/2025 2:00,CR-008,09-03-2025 02-00-00-CR-008,10.5799,-61.255061,Caroni River Mouth,1.9,0.18,No
3/9/2025 3:00,CR-001,09-03-2025 03-00-00-CR-001,10.62038,-61.466257,Caroni Source,1.73,-2.16,No
3/9/2025 3:00,CR-002,09-03-2025 03-00-00-CR-002,10.617247,-61.43931,Early Caroni,2.03,-1.8,No
3/9/2025 3:00,CR-003,09-03-2025 03-00-00-CR-003,10.616628,-61.420142,Mid Upper Caroni,3.27,1.27,No
3/9/2025 3:00,CR-004,09-03-2025 03-00-00-CR-004,10.609654,-61.395995,Mid Caroni,3.19,1.68,No
3/9/2025 3:00,CR-005,09-03-2025 03-00-00-CR-005,10.606111,-61.374422,Mid Lower Caroni,2.57,0.62,No
3/9/2025 3:00,CR-006,09-03-2025 03-00-00-CR-006,10.582769,-61.341406,Lower Caroni,2.1,0.23,No
3/9/2025 3:00,CR-007,09-03-2025 03-00-00-CR-007,10.578663,-61.291224,Caroni Swamp Entrance,1.76,-1.92,No
3/9/2025 3:00,CR-008,09-03-2025 03-00-00-CR-008,10.5799,-61.255061,Caroni River Mouth,3.01,1.11,No
3/9/2025 4:00,CR-001,09-03-2025 04-00-00-CR-001,10.62038,-61.466257,Caroni Source,2,0.27,No
3/9/2025 4:00,CR-002,09-03-2025 04-00-00-CR-002,10.617247,-61.43931,Early Caroni,1.82,-0.21,No
3/9/2025 4:00,CR-003,09-03-2025 04-00-00-CR-003,10.616628,-61.420142,Mid Upper Caroni,2.34,-0.93,No
3/9/2025 4:00,CR-004,09-03-2025 04-00-00-CR-004,10.609654,-61.395995,Mid Caroni,1.71,-1.48,No
3/9/2025 4:00,CR-005,09-03-2025 04-00-00-CR-005,10.606111,-61.374422,Mid Lower Caroni,3.12,0.55,No
3/9/2025 4:00,CR-006,09-03-2025 04-00-00-CR-006,10.582769,-61.341406,Lower Caroni,1.77,-0.33,No
3/9/2025 4:00,CR-007,09-03-2025 04-00-00-CR-007,10.578663,-61.291224,Caroni Swamp Entrance,3.14,1.38,No
3/9/2025 4:00,CR-008,09-03-2025 04-00-00-CR-008,10.5799,-61.255061,Caroni River Mouth,2.95,-0.06,No
3/9/2025 5:00,CR-001,09-03-2025 05-00-00-CR-001,10.62038,-61.466257,Caroni Source,3.61,1.61,No
3/9/2025 5:00,CR-002,09-03-2025 05-00-00-CR-002,10.617247,-61.43931,Early Caroni,2.91,1.09,No
3/9/2025 5:00,CR-003,09-03-2025 05-00-00-CR-003,10.616628,-61.420142,Mid Upper Caroni,2.11,-0.23,No
3/9/2025 5:00,CR-004,09-03-2025 05-00-00-CR-004,10.609654,-61.395995,Mid Caroni,1.69,-0.02,No
3/9/2025 5:00,CR-005,09-03-2025 05-00-00-CR-005,10.606111,-61.374422,Mid Lower Caroni,3.19,0.07,No
3/9/2025 5:00,CR-006,09-03-2025 05-00-00-CR-006,10.582769,-61.341406,Lower Caroni,2.01,0.24,No
3/9/2025 5:00,CR-007,09-03-2025 05-00-00-CR-007,10.578663,-61.291224,Caroni Swamp Entrance,3.89,0.75,Yes
3/9/2025 5:00,CR-008,09-03-2025 05-00-00-CR-008,10.5799,-61.255061,Caroni River Mouth,2.37,-0.58,No
3/9/2025 6:00,CR-001,09-03-2025 06-00-00-CR-001,10.62038,-61.466257,Caroni Source,2.86,-0.75,No
3/9/2025 6:00,CR-002,09-03-2025 06-00-00-CR-002,10.617247,-61.43931,Early Caroni,3.97,1.06,Yes
3/9/2025 6:00,CR-003,09-03-2025 06-00-00-CR-003,10.616628,-61.420142,Mid Upper Caroni,2.2,0.09,No
3/9/2025 6:00,CR-004,09-03-2025 06-00-00-CR-004,10.609654,-61.395995,Mid Caroni,2.09,0.4,No
3/9/2025 6:00,CR-005,09-03-2025 06-00-00-CR-005,10.606111,-61.374422,Mid Lower Caroni,3.39,0.2,No
3/9/2025 6:00,CR-006,09-03-2025 06-00-00-CR-006,10.582769,-61.341406,Lower Caroni,2.14,0.13,No
3/9/2025 6:00,CR-007,09-03-2025 06-00-00-CR-007,10.578663,-61.291224,Caroni Swamp Entrance,3.52,-0.37,No
3/9/2025 6:00,CR-008,09-03-2025 06-00-00-CR-008,10.5799,-61.255061,Caroni River Mouth,3.11,0.74,No
3/9/2025 7:00,CR-001,09-03-2025 07-00-00-CR-001,10.62038,-61.466257,Caroni Source,2.69,-0.17,No
3/9/2025 7:00,CR-002,09-03-2025 07-00-00-CR-002,10.617247,-61.43931,Early Caroni,3.3,-0.67,No
3/9/2025 7:00,CR-003,09-03-2025 07-00-00-CR-003,10.616628,-61.420142,Mid Upper Caroni,2.91,0.71,No
3/9/2025 7:00,CR-004,09-03-2025 07-00-00-CR-004,10.609654,-61.395995,Mid Caroni,1.7,-0.39,No
3/9/2025 7:00,CR-005,09-03-2025 07-00-00-CR-005,10.606111,-61.374422,Mid Lower Caroni,1.61,-1.78,No
3/9/2025 7:00,CR-006,09-03-2025 07-00-00-CR-006,10.582769,-61.341406,Lower Caroni,2.64,0.5,No
3/9/2025 7:00,CR-007,09-03-2025 07-00-00-CR-007,10.578663,-61.291224,Caroni Swamp Entrance,3.81,0.29,Yes
3/9/2025 7:00,CR-008,09-03-2025 07-00-00-CR-008,10.5799,-61.255061,Caroni River Mouth,2.65,-0.46,No
3/9/2025 8:00,CR-001,09-03-2025 08-00-00-CR-001,10.62038,-61.466257,Caroni Source,1.8,-0.89,No
3/9/2025 8:00,CR-002,09-03-2025 08-00-00-CR-002,10.617247,-61.43931,Early Caroni,2.66,-0.64,No
3/9/2025 8:00,CR-003,09-03-2025 08-00-00-CR-003,10.616628,-61.420142,Mid Upper Caroni,3.43,0.52,No
3/9/2025 8:00,CR-004,09-03-2025 08-00-00-CR-004,10.609654,-61.395995,Mid Caroni,3.12,1.42,No
3/9/2025 8:00,CR-005,09-03-2025 08-00-00-CR-005,10.606111,-61.374422,Mid Lower Caroni,2.65,1.04,No
3/9/2025 8:00,CR-006,09-03-2025 08-00-00-CR-006,10.582769,-61.341406,Lower Caroni,3.75,1.11,No
3/9/2025 8:00,CR-007,09-03-2025 08-00-00-CR-007,10.578663,-61.291224,Caroni Swamp Entrance,3.54,-0.27,No
3/9/2025 8:00,CR-008,09-03-2025 08-00-00-CR-008,10.5799,-61.255061,Caroni River Mouth,3.51,0.86,No
3/9/2025 9:00,CR-001,09-03-2025 09-00-00-CR-001,10.62038,-61.466257,Caroni Source,3.82,2.02,Yes
3/9/2025 9:00,CR-002,09-03-2025 09-00-00-CR-002,10.617247,-61.43931,Early Caroni,3.95,1.29,Yes
3/9/2025 9:00,CR-003,09-03-2025 09-00-00-CR-003,10.616628,-61.420142,Mid Upper Caroni,3.27,-0.16,No
3/9/2025 9:00,CR-004,09-03-2025 09-00-00-CR-004,10.609654,-61.395995,Mid Caroni,2.01,-1.11,No
3/9/2025 9:00,CR-005,09-03-2025 09-00-00-CR-005,10.606111,-61.374422,Mid Lower Caroni,3.4,0.75,No
3/9/2025 9:00,CR-006,09-03-2025 09-00-00-CR-006,10.582769,-61.341406,Lower Caroni,2.18,-1.57,No
3/9/2025 9:00,CR-007,09-03-2025 09-00-00-CR-007,10.578663,-61.291224,Caroni Swamp Entrance,2.88,-0.66,No
3/9/2025 9:00,CR-008,09-03-2025 09-00-00-CR-008,10.5799,-61.255061,Caroni River Mouth,2.51,-1,No
3/9/2025 10:00,CR-001,09-03-2025 10-00-00-CR-001,10.62038,-61.466257,Caroni Source,2.79,-1.03,No
3/9/2025 10:00,CR-002,09-03-2025 10-00-00-CR-002,10.617247,-61.43931,Early Caroni,3.21,-0.74,No
3/9/2025 10:00,CR-003,09-03-2025 10-00-00-CR-003,10.616628,-61.420142,Mid Upper Caroni,1.72,-1.55,No
3/9/2025 10:00,CR-004,09-03-2025 10-00-00-CR-004,10.609654,-61.395995,Mid Caroni,1.7,-0.31,No
3/9/2025 10:00,CR-005,09-03-2025 10-00-00-CR-005,10.606111,-61.374422,Mid Lower Caroni,3.86,0.46,Yes
3/9/2025 10:00,CR-006,09-03-2025 10-00-00-CR-006,10.582769,-61.341406,Lower Caroni,2.18,0,No
3/9/2025 10:00,CR-007,09-03-2025 10-00-00-CR-007,10.578663,-61.291224,Caroni Swamp Entrance,3.28,0.4,No
3/9/2025 10:00,CR-008,09-03-2025 10-00-00-CR-008,10.5799,-61.255061,Caroni River Mouth,2.09,-0.42,No
3/9/2025 11:00,CR-001,09-03-2025 11-00-00-CR-001,10.62038,-61.466257,Caroni Source,3.51,0.72,No
3/9/2025 11:00,CR-002,09-03-2025 11-00-00-CR-002,10.617247,-61.43931,Early Caroni,2.08,-1.13,No
3/9/2025 11:00,CR-003,09-03-2025 11-00-00-CR-003,10.616628,-61.420142,Mid Upper Caroni,3.51,1.79,No
3/9/2025 11:00,CR-004,09-03-2025 11-00-00-CR-004,10.609654,-61.395995,Mid Caroni,2.32,0.62,No
3/9/2025 11:00,CR-005,09-03-2025 11-00-00-CR-005,10.606111,-61.374422,Mid Lower Caroni,2.71,-1.15,No
3/9/2025 11:00,CR-006,09-03-2025 11-00-00-CR-006,10.582769,-61.341406,Lower Caroni,3.53,1.35,No
3/9/2025 11:00,CR-007,09-03-2025 11-00-00-CR-007,10.578663,-61.291224,Caroni Swamp Entrance,2.22,-1.06,No
3/9/2025 11:00,CR-008,09-03-2025 11-00-00-CR-008,10.5799,-61.255061,Caroni River Mouth,2.41,0.32,No
3/9/2025 12:00,CR-001,09-03-2025 12-00-00-CR-001,10.62038,-61.466257,Caroni Source,2.93,-0.58,No
3/9/2025 12:00,CR-002,09-03-2025 12-00-00-CR-002,10.617247,-61.43931,Early Caroni,2.62,0.54,No
3/9/2025 12:00,CR-003,09-03-2025 12-00-00-CR-003,10.616628,-61.420142,Mid Upper Caroni,1.77,-1.74,No
3/9/2025 12:00,CR-004,09-03-2025 12-00-00-CR-004,10.609654,-61.395995,Mid Caroni,1.97,-0.35,No
3/9/2025 12:00,CR-005,09-03-2025 12-00-00-CR-005,10.606111,-61.374422,Mid Lower Caroni,3.28,0.57,No
3/9/2025 12:00,CR-006,09-03-2025 12-00-00-CR-006,10.582769,-61.341406,Lower Caroni,2.08,-1.45,No
3/9/2025 12:00,CR-007,09-03-2025 12-00-00-CR-007,10.578663,-61.291224,Caroni Swamp Entrance,1.8,-0.42,No
3/9/2025 12:00,CR-008,09-03-2025 12-00-00-CR-008,10.5799,-61.255061,Caroni River Mouth,1.83,-0.58,No
3/9/2025 13:00,CR-001,09-03-2025 13-00-00-CR-001,10.62038,-61.466257,Caroni Source,3.59,0.66,No
3/9/2025 13:00,CR-002,09-03-2025 13-00-00-CR-002,10.617247,-61.43931,Early Caroni,2.37,-0.25,No
3/9/2025 13:00,CR-003,09-03-2025 13-00-00-CR-003,10.616628,-61.420142,Mid Upper Caroni,2.67,0.9,No
3/9/2025 13:00,CR-004,09-03-2025 13-00-00-CR-004,10.609654,-61.395995,Mid Caroni,2.3,0.33,No
3/9/2025 13:00,CR-005,09-03-2025 13-00-00-CR-005,10.606111,-61.374422,Mid Lower Caroni,1.75,-1.53,No
3/9/2025 13:00,CR-006,09-03-2025 13-00-00-CR-006,10.582769,-61.341406,Lower Caroni,3.27,1.19,No
3/9/2025 13:00,CR-007,09-03-2025 13-00-00-CR-007,10.578663,-61.291224,Caroni Swamp Entrance,1.96,0.16,No
3/9/2025 13:00,CR-008,09-03-2025 13-00-00-CR-008,10.5799,-61.255061,Caroni River Mouth,1.7,-0.13,No
3/9/2025 14:00,CR-001,09-03-2025 14-00-00-CR-001,10.62038,-61.466257,Caroni Source,2.63,-0.96,No
3/9/2025 14:00,CR-002,09-03-2025 14-00-00-CR-002,10.617247,-61.43931,Early Caroni,2.8,0.43,No
3/9/2025 14:00,CR-003,09-03-2025 14-00-00-CR-003,10.616628,-61.420142,Mid Upper Caroni,2.66,-0.01,No
3/9/2025 14:00,CR-004,09-03-2025 14-00-00-CR-004,10.609654,-61.395995,Mid Caroni,3.97,1.67,Yes
3/9/2025 14:00,CR-005,09-03-2025 14-00-00-CR-005,10.606111,-61.374422,Mid Lower Caroni,3.58,1.83,No
3/9/2025 14:00,CR-006,09-03-2025 14-00-00-CR-006,10.582769,-61.341406,Lower Caroni,2.79,-0.48,No
3/9/2025 14:00,CR-007,09-03-2025 14-00-00-CR-007,10.578663,-61.291224,Caroni Swamp Entrance,2.29,0.33,No
3/9/2025 14:00,CR-008,09-03-2025 14-00-00-CR-008,10.5799,-61.255061,Caroni River Mouth,2.04,0.34,No
3/9/2025 15:00,CR-001,09-03-2025 15-00-00-CR-001,10.62038,-61.466257,Caroni Source,3.22,0.59,No
3/9/2025 15:00,CR-002,09-03-2025 15-00-00-CR-002,10.617247,-61.43931,Early Caroni,3.74,0.94,No
3/9/2025 15:00,CR-003,09-03-2025 15-00-00-CR-003,10.616628,-61.420142,Mid Upper Caroni,2.68,0.02,No
3/9/2025 15:00,CR-004,09-03-2025 15-00-00-CR-004,10.609654,-61.395995,Mid Caroni,2.28,-1.69,No
3/9/2025 15:00,CR-005,09-03-2025 15-00-00-CR-005,10.606111,-61.374422,Mid Lower Caroni,3.61,0.03,No
3/9/2025 15:00,CR-006,09-03-2025 15-00-00-CR-006,10.582769,-61.341406,Lower Caroni,2,-0.79,No
3/9/2025 15:00,CR-007,09-03-2025 15-00-00-CR-007,10.578663,-61.291224,Caroni Swamp Entrance,1.8,-0.49,No
3/9/2025 15:00,CR-008,09-03-2025 15-00-00-CR-008,10.5799,-61.255061,Caroni River Mouth,3.28,1.24,No
3/9/2025 16:00,CR-001,09-03-2025 16-00-00-CR-001,10.62038,-61.466257,Caroni Source,1.86,-1.36,No
3/9/2025 16:00,CR-002,09-03-2025 16-00-00-CR-002,10.617247,-61.43931,Early Caroni,1.6,-2.14,No
3/9/2025 16:00,CR-003,09-03-2025 16-00-00-CR-003,10.616628,-61.420142,Mid Upper Caroni,2.88,0.2,No
3/9/2025 16:00,CR-004,09-03-2025 16-00-00-CR-004,10.609654,-61.395995,Mid Caroni,3.22,0.94,No
3/9/2025 16:00,CR-005,09-03-2025 16-00-00-CR-005,10.606111,-61.374422,Mid Lower Caroni,3.9,0.29,Yes
3/9/2025 16:00,CR-006,09-03-2025 16-00-00-CR-006,10.582769,-61.341406,Lower Caroni,3.61,1.61,No
3/9/2025 16:00,CR-007,09-03-2025 16-00-00-CR-007,10.578663,-61.291224,Caroni Swamp Entrance,2.94,1.14,No
3/9/2025 16:00,CR-008,09-03-2025 16-00-00-CR-008,10.5799,-61.255061,Caroni River Mouth,3.51,0.23,No
3/9/2025 17:00,CR-001,09-03-2025 17-00-00-CR-001,10.62038,-61.466257,Caroni Source,3.97,2.11,Yes
3/9/2025 17:00,CR-002,09-03-2025 17-00-00-CR-002,10.617247,-61.43931,Early Caroni,2.15,0.55,No
3/9/2025 17:00,CR-003,09-03-2025 17-00-00-CR-003,10.616628,-61.420142,Mid Upper Caroni,3.1,0.22,No
3/9/2025 17:00,CR-004,09-03-2025 17-00-00-CR-004,10.609654,-61.395995,Mid Caroni,3.73,0.51,No
3/9/2025 17:00,CR-005,09-03-2025 17-00-00-CR-005,10.606111,-61.374422,Mid Lower Caroni,3.1,-0.8,No
3/9/2025 17:00,CR-006,09-03-2025 17-00-00-CR-006,10.582769,-61.341406,Lower Caroni,1.86,-1.75,No
3/9/2025 17:00,CR-007,09-03-2025 17-00-00-CR-007,10.578663,-61.291224,Caroni Swamp Entrance,1.91,-1.03,No
3/9/2025 17:00,CR-008,09-03-2025 17-00-00-CR-008,10.5799,-61.255061,Caroni River Mouth,2.21,-1.3,No
3/9/2025 18:00,CR-001,09-03-2025 18-00-00-CR-001,10.62038,-61.466257,Caroni Source,3.19,-0.78,No
3/9/2025 18:00,CR-002,09-03-2025 18-00-00-CR-002,10.617247,-61.43931,Early Caroni,2.84,0.69,No
3/9/2025 18:00,CR-003,09-03-2025 18-00-00-CR-003,10.616628,-61.420142,Mid Upper Caroni,3.52,0.42,No
3/9/2025 18:00,CR-004,09-03-2025 18-00-00-CR-004,10.609654,-61.395995,Mid Caroni,2.81,-0.92,No
3/9/2025 18:00,CR-005,09-03-2025 18-00-00-CR-005,10.606111,-61.374422,Mid Lower Caroni,2.35,-0.75,No
3/9/2025 18:00,CR-006,09-03-2025 18-00-00-CR-006,10.582769,-61.341406,Lower Caroni,3.23,1.37,No
3/9/2025 18:00,CR-007,09-03-2025 18-00-00-CR-007,10.578663,-61.291224,Caroni Swamp Entrance,1.86,-0.05,No
3/9/2025 18:00,CR-008,09-03-2025 18-00-00-CR-008,10.5799,-61.255061,Caroni River Mouth,3.18,0.97,No
3/9/2025 19:00,CR-001,09-03-2025 19-00-00-CR-001,10.62038,-61.466257,Caroni Source,2.42,-0.77,No
3/9/2025 19:00,CR-002,09-03-2025 19-00-00-CR-002,10.617247,-61.43931,Early Caroni,3.59,0.75,No
3/9/2025 19:00,CR-003,09-03-2025 19-00-00-CR-003,10.616628,-61.420142,Mid Upper Caroni,1.96,-1.56,No
3/9/2025 19:00,CR-004,09-03-2025 19-00-00-CR-004,10.609654,-61.395995,Mid Caroni,3.69,0.88,No
3/9/2025 19:00,CR-005,09-03-2025 19-00-00-CR-005,10.606111,-61.374422,Mid Lower Caroni,1.54,-0.81,No
3/9/2025 19:00,CR-006,09-03-2025 19-00-00-CR-006,10.582769,-61.341406,Lower Caroni,3.28,0.05,No
3/9/2025 19:00,CR-007,09-03-2025 19-00-00-CR-007,10.578663,-61.291224,Caroni Swamp Entrance,2.08,0.22,No
3/9/2025 19:00,CR-008,09-03-2025 19-00-00-CR-008,10.5799,-61.255061,Caroni River Mouth,3.45,0.27,No
3/9/2025 20:00,CR-001,09-03-2025 20-00-00-CR-001,10.62038,-61.466257,Caroni Source,3.13,0.71,No
3/9/2025 20:00,CR-002,09-03-2025 20-00-00-CR-002,10.617247,-61.43931,Early Caroni,2.16,-1.43,No
3/9/2025 20:00,CR-003,09-03-2025 20-00-00-CR-003,10.616628,-61.420142,Mid Upper Caroni,2.05,0.09,No
3/9/2025 20:00,CR-004,09-03-2025 20-00-00-CR-004,10.609654,-61.395995,Mid Caroni,2.69,-1,No
3/9/2025 20:00,CR-005,09-03-2025 20-00-00-CR-005,10.606111,-61.374422,Mid Lower Caroni,2.47,0.93,No
3/9/2025 20:00,CR-006,09-03-2025 20-00-00-CR-006,10.582769,-61.341406,Lower Caroni,2.7,-0.58,No
3/9/2025 20:00,CR-007,09-03-2025 20-00-00-CR-007,10.578663,-61.291224,Caroni Swamp Entrance,3.75,1.67,No
3/9/2025 20:00,CR-008,09-03-2025 20-00-00-CR-008,10.5799,-61.255061,Caroni River Mouth,2.26,-1.19,No
3/9/2025 21:00,CR-001,09-03-2025 21-00-00-CR-001,10.62038,-61.466257,Caroni Source,2.68,-0.45,No
3/9/2025 21:00,CR-002,09-03-2025 21-00-00-CR-002,10.617247,-61.43931,Early Caroni,1.6,-0.56,No
3/9/2025 21:00,CR-003,09-03-2025 21-00-00-CR-003,10.616628,-61.420142,Mid Upper Caroni,2.14,0.09,No
3/9/2025 21:00,CR-004,09-03-2025 21-00-00-CR-004,10.609654,-61.395995,Mid Caroni,1.61,-1.08,No
3/9/2025 21:00,CR-005,09-03-2025 21-00-00-CR-005,10.606111,-61.374422,Mid Lower Caroni,1.85,-0.62,No
3/9/2025 21:00,CR-006,09-03-2025 21-00-00-CR-006,10.582769,-61.341406,Lower Caroni,1.7,-1,No
3/9/2025 21:00,CR-007,09-03-2025 21-00-00-CR-007,10.578663,-61.291224,Caroni Swamp Entrance,2.9,-0.85,No
3/9/2025 21:00,CR-008,09-03-2025 21-00-00-CR-008,10.5799,-61.255061,Caroni River Mouth,2.22,-0.04,No
3/9/2025 22:00,CR-001,09-03-2025 22-00-00-CR-001,10.62038,-61.466257,Caroni Source,1.83,-0.85,No
3/9/2025 22:00,CR-002,09-03-2025 22-00-00-CR-002,10.617247,-61.43931,Early Caroni,3.05,1.45,No
3/9/2025 22:00,CR-003,09-03-2025 22-00-00-CR-003,10.616628,-61.420142,Mid Upper Caroni,2.95,0.81,No
3/9/2025 22:00,CR-004,09-03-2025 22-00-00-CR-004,10.609654,-61.395995,Mid Caroni,2.28,0.67,No
3/9/2025 22:00,CR-005,09-03-2025 22-00-00-CR-005,10.606111,-61.374422,Mid Lower Caroni,2.88,1.03,No
3/9/2025 22:00,CR-006,09-03-2025 22-00-00-CR-006,10.582769,-61.341406,Lower Caroni,3.09,1.39,No
3/9/2025 22:00,CR-007,09-03-2025 22-00-00-CR-007,10.578663,-61.291224,Caroni Swamp Entrance,3.09,0.19,No
3/9/2025 22:00,CR-008,09-03-2025 22-00-00-CR-008,10.5799,-61.255061,Caroni River Mouth,1.67,-0.55,No
3/9/2025 23:00,CR-001,09-03-2025 23-00-00-CR-001,10.62038,-61.466257,Caroni Source,2.03,0.2,No
3/9/2025 23:00,CR-002,09-03-2025 23-00-00-CR-002,10.617247,-61.43931,Early Caroni,3.35,0.3,No
3/9/2025 23:00,CR-003,09-03-2025 23-00-00-CR-003,10.616628,-61.420142,Mid Upper Caroni,1.99,-0.96,No
3/9/2025 23:00,CR-004,09-03-2025 23-00-00-CR-004,10.609654,-61.395995,Mid Caroni,3.5,1.22,No
3/9/2025 23:00,CR-005,09-03-2025 23-00-00-CR-005,10.606111,-61.374422,Mid Lower Caroni,3.12,0.24,No
3/9/2025 23:00,CR-006,09-03-2025 23-00-00-CR-006,10.582769,-61.341406,Lower Caroni,2.1,-0.99,No
3/9/2025 23:00,CR-007,09-03-2025 23-00-00-CR-007,10.578663,-61.291224,Caroni Swamp Entrance,2.94,-0.15,No
3/9/2025 23:00,CR-008,09-03-2025 23-00-00-CR-008,10.5799,-61.255061,Caroni River Mouth,3.87,2.2,Yes
3/10/2025 0:00,CR-001,10-03-2025 00-00-00-CR-001,10.62038,-61.466257,Caroni Source,3.75,1.72,No
3/10/2025 0:00,CR-002,10-03-2025 00-00-00-CR-002,10.617247,-61.43931,Early Caroni,2.78,-0.57,No
3/10/2025 0:00,CR-003,10-03-2025 00-00-00-CR-003,10.616628,-61.420142,Mid Upper Caroni,1.7,-0.29,No
3/10/2025 0:00,CR-004,10-03-2025 00-00-00-CR-004,10.609654,-61.395995,Mid Caroni,1.83,-1.67,No
3/10/2025 0:00,CR-005,10-03-2025 00-00-00-CR-005,10.606111,-61.374422,Mid Lower Caroni,2.11,-1.01,No
3/10/2025 0:00,CR-006,10-03-2025 00-00-00-CR-006,10.582769,-61.341406,Lower Caroni,2.67,0.57,No
3/10/2025 0:00,CR-007,10-03-2025 00-00-00-CR-007,10.578663,-61.291224,Caroni Swamp Entrance,3.74,0.8,No
3/10/2025 0:00,CR-008,10-03-2025 00-00-00-CR-008,10.5799,-61.255061,Caroni River Mouth,3.32,-0.55,No
3/10/2025 1:00,CR-001,10-03-2025 01-00-00-CR-001,10.62038,-61.466257,Caroni Source,2.7,-1.05,No
3/10/2025 1:00,CR-002,10-03-2025 01-00-00-CR-002,10.617247,-61.43931,Early Caroni,2.23,-0.55,No
3/10/2025 1:00,CR-003,10-03-2025 01-00-00-CR-003,10.616628,-61.420142,Mid Upper Caroni,1.65,-0.05,No
3/10/2025 1:00,CR-004,10-03-2025 01-00-00-CR-004,10.609654,-61.395995,Mid Caroni,2.02,0.19,No
3/10/2025 1:00,CR-005,10-03-2025 01-00-00-CR-005,10.606111,-61.374422,Mid Lower Caroni,1.7,-0.41,No
3/10/2025 1:00,CR-006,10-03-2025 01-00-00-CR-006,10.582769,-61.341406,Lower Caroni,3.03,0.36,No
3/10/2025 1:00,CR-007,10-03-2025 01-00-00-CR-007,10.578663,-61.291224,Caroni Swamp Entrance,3.41,-0.33,No
3/10/2025 1:00,CR-008,10-03-2025 01-00-00-CR-008,10.5799,-61.255061,Caroni River Mouth,2.43,-0.89,No
3/10/2025 2:00,CR-001,10-03-2025 02-00-00-CR-001,10.62038,-61.466257,Caroni Source,3.65,0.95,No
3/10/2025 2:00,CR-002,10-03-2025 02-00-00-CR-002,10.617247,-61.43931,Early Caroni,2.51,0.28,No
3/10/2025 2:00,CR-003,10-03-2025 02-00-00-CR-003,10.616628,-61.420142,Mid Upper Caroni,3.57,1.92,No
3/10/2025 2:00,CR-004,10-03-2025 02-00-00-CR-004,10.609654,-61.395995,Mid Caroni,2.38,0.36,No
3/10/2025 2:00,CR-005,10-03-2025 02-00-00-CR-005,10.606111,-61.374422,Mid Lower Caroni,2.27,0.57,No
3/10/2025 2:00,CR-006,10-03-2025 02-00-00-CR-006,10.582769,-61.341406,Lower Caroni,2.85,-0.18,No
3/10/2025 2:00,CR-007,10-03-2025 02-00-00-CR-007,10.578663,-61.291224,Caroni Swamp Entrance,2.7,-0.71,No
3/10/2025 2:00,CR-008,10-03-2025 02-00-00-CR-008,10.5799,-61.255061,Caroni River Mouth,1.89,-0.54,No
3/10/2025 3:00,CR-001,10-03-2025 03-00-00-CR-001,10.62038,-61.466257,Caroni Source,2.35,-1.3,No
3/10/2025 3:00,CR-002,10-03-2025 03-00-00-CR-002,10.617247,-61.43931,Early Caroni,3.96,1.45,Yes
3/10/2025 3:00,CR-003,10-03-2025 03-00-00-CR-003,10.616628,-61.420142,Mid Upper Caroni,3.81,0.24,Yes
3/10/2025 3:00,CR-004,10-03-2025 03-00-00-CR-004,10.609654,-61.395995,Mid Caroni,2.64,0.26,No
3/10/2025 3:00,CR-005,10-03-2025 03-00-00-CR-005,10.606111,-61.374422,Mid Lower Caroni,3.06,0.79,No
3/10/2025 3:00,CR-006,10-03-2025 03-00-00-CR-006,10.582769,-61.341406,Lower Caroni,1.65,-1.2,No
3/10/2025 3:00,CR-007,10-03-2025 03-00-00-CR-007,10.578663,-61.291224,Caroni Swamp Entrance,3.73,1.03,No
3/10/2025 3:00,CR-008,10-03-2025 03-00-00-CR-008,10.5799,-61.255061,Caroni River Mouth,2.08,0.19,No
3/10/2025 4:00,CR-001,10-03-2025 04-00-00-CR-001,10.62038,-61.466257,Caroni Source,2.72,0.37,No
3/10/2025 4:00,CR-002,10-03-2025 04-00-00-CR-002,10.617247,-61.43931,Early Caroni,3.39,-0.57,No
3/10/2025 4:00,CR-003,10-03-2025 04-00-00-CR-003,10.616628,-61.420142,Mid Upper Caroni,1.77,-2.04,No
3/10/2025 4:00,CR-004,10-03-2025 04-00-00-CR-004,10.609654,-61.395995,Mid Caroni,3.35,0.71,No
3/10/2025 4:00,CR-005,10-03-2025 04-00-00-CR-005,10.606111,-61.374422,Mid Lower Caroni,2.77,-0.29,No
3/10/2025 4:00,CR-006,10-03-2025 04-00-00-CR-006,10.582769,-61.341406,Lower Caroni,2.34,0.69,No
3/10/2025 4:00,CR-007,10-03-2025 04-00-00-CR-007,10.578663,-61.291224,Caroni Swamp Entrance,3.3,-0.43,No
3/10/2025 4:00,CR-008,10-03-2025 04-00-00-CR-008,10.5799,-61.255061,Caroni River Mouth,2.64,0.56,No
3/10/2025 5:00,CR-001,10-03-2025 05-00-00-CR-001,10.62038,-61.466257,Caroni Source,1.61,-1.11,No
3/10/2025 5:00,CR-002,10-03-2025 05-00-00-CR-002,10.617247,-61.43931,Early Caroni,2.41,-0.98,No
3/10/2025 5:00,CR-003,10-03-2025 05-00-00-CR-003,10.616628,-61.420142,Mid Upper Caroni,3.42,1.65,No
3/10/2025 5:00,CR-004,10-03-2025 05-00-00-CR-004,10.609654,-61.395995,Mid Caroni,3.52,0.17,No
3/10/2025 5:00,CR-005,10-03-2025 05-00-00-CR-005,10.606111,-61.374422,Mid Lower Caroni,3.83,1.06,Yes
3/10/2025 5:00,CR-006,10-03-2025 05-00-00-CR-006,10.582769,-61.341406,Lower Caroni,1.51,-0.83,No
3/10/2025 5:00,CR-007,10-03-2025 05-00-00-CR-007,10.578663,-61.291224,Caroni Swamp Entrance,3.62,0.32,No
3/10/2025 5:00,CR-008,10-03-2025 05-00-00-CR-008,10.5799,-61.255061,Caroni River Mouth,3.36,0.72,No
3/10/2025 6:00,CR-001,10-03-2025 06-00-00-CR-001,10.62038,-61.466257,Caroni Source,1.72,0.11,No
3/10/2025 6:00,CR-002,10-03-2025 06-00-00-CR-002,10.617247,-61.43931,Early Caroni,3.94,1.53,Yes
3/10/2025 6:00,CR-003,10-03-2025 06-00-00-CR-003,10.616628,-61.420142,Mid Upper Caroni,1.88,-1.54,No
3/10/2025 6:00,CR-004,10-03-2025 06-00-00-CR-004,10.609654,-61.395995,Mid Caroni,2.17,-1.35,No
3/10/2025 6:00,CR-005,10-03-2025 06-00-00-CR-005,10.606111,-61.374422,Mid Lower Caroni,2.53,-1.3,No
3/10/2025 6:00,CR-006,10-03-2025 06-00-00-CR-006,10.582769,-61.341406,Lower Caroni,3.71,2.2,No
3/10/2025 6:00,CR-007,10-03-2025 06-00-00-CR-007,10.578663,-61.291224,Caroni Swamp Entrance,2.09,-1.53,No
3/10/2025 6:00,CR-008,10-03-2025 06-00-00-CR-008,10.5799,-61.255061,Caroni River Mouth,3.22,-0.14,No
3/10/2025 7:00,CR-001,10-03-2025 07-00-00-CR-001,10.62038,-61.466257,Caroni Source,3.97,2.25,Yes
3/10/2025 7:00,CR-002,10-03-2025 07-00-00-CR-002,10.617247,-61.43931,Early Caroni,2.86,-1.08,No
3/10/2025 7:00,CR-003,10-03-2025 07-00-00-CR-003,10.616628,-61.420142,Mid Upper Caroni,2.86,0.98,No
3/10/2025 7:00,CR-004,10-03-2025 07-00-00-CR-004,10.609654,-61.395995,Mid Caroni,2,-0.17,No
3/10/2025 7:00,CR-005,10-03-2025 07-00-00-CR-005,10.606111,-61.374422,Mid Lower Caroni,3.68,1.15,No
3/10/2025 7:00,CR-006,10-03-2025 07-00-00-CR-006,10.582769,-61.341406,Lower Caroni,1.54,-2.17,No
3/10/2025 7:00,CR-007,10-03-2025 07-00-00-CR-007,10.578663,-61.291224,Caroni Swamp Entrance,2.61,0.52,No
3/10/2025 7:00,CR-008,10-03-2025 07-00-00-CR-008,10.5799,-61.255061,Caroni River Mouth,3.8,0.58,No
3/10/2025 8:00,CR-001,10-03-2025 08-00-00-CR-001,10.62038,-61.466257,Caroni Source,2.95,-1.02,No
3/10/2025 8:00,CR-002,10-03-2025 08-00-00-CR-002,10.617247,-61.43931,Early Caroni,3.23,0.37,No
3/10/2025 8:00,CR-003,10-03-2025 08-00-00-CR-003,10.616628,-61.420142,Mid Upper Caroni,2.9,0.04,No
3/10/2025 8:00,CR-004,10-03-2025 08-00-00-CR-004,10.609654,-61.395995,Mid Caroni,1.7,-0.3,No
3/10/2025 8:00,CR-005,10-03-2025 08-00-00-CR-005,10.606111,-61.374422,Mid Lower Caroni,2.32,-1.36,No
3/10/2025 8:00,CR-006,10-03-2025 08-00-00-CR-006,10.582769,-61.341406,Lower Caroni,3.32,1.78,No
3/10/2025 8:00,CR-007,10-03-2025 08-00-00-CR-007,10.578663,-61.291224,Caroni Swamp Entrance,2.48,-0.13,No
3/10/2025 8:00,CR-008,10-03-2025 08-00-00-CR-008,10.5799,-61.255061,Caroni River Mouth,2.42,-1.38,No
3/10/2025 9:00,CR-001,10-03-2025 09-00-00-CR-001,10.62038,-61.466257,Caroni Source,2.43,-0.52,No
3/10/2025 9:00,CR-002,10-03-2025 09-00-00-CR-002,10.617247,-61.43931,Early Caroni,3.45,0.22,No
3/10/2025 9:00,CR-003,10-03-2025 09-00-00-CR-003,10.616628,-61.420142,Mid Upper Caroni,2.53,-0.37,No
3/10/2025 9:00,CR-004,10-03-2025 09-00-00-CR-004,10.609654,-61.395995,Mid Caroni,2.48,0.78,No
3/10/2025 9:00,CR-005,10-03-2025 09-00-00-CR-005,10.606111,-61.374422,Mid Lower Caroni,3.89,1.57,Yes
3/10/2025 9:00,CR-006,10-03-2025 09-00-00-CR-006,10.582769,-61.341406,Lower Caroni,2.94,-0.38,No
3/10/2025 9:00,CR-007,10-03-2025 09-00-00-CR-007,10.578663,-61.291224,Caroni Swamp Entrance,2.86,0.38,No
3/10/2025 9:00,CR-008,10-03-2025 09-00-00-CR-008,10.5799,-61.255061,Caroni River Mouth,2.44,0.02,No
3/10/2025 10:00,CR-001,10-03-2025 10-00-00-CR-001,10.62038,-61.466257,Caroni Source,3.38,0.95,No
3/10/2025 10:00,CR-002,10-03-2025 10-00-00-CR-002,10.617247,-61.43931,Early Caroni,1.73,-1.72,No
3/10/2025 10:00,CR-003,10-03-2025 10-00-00-CR-003,10.616628,-61.420142,Mid Upper Caroni,1.92,-0.61,No
3/10/2025 10:00,CR-004,10-03-2025 10-00-00-CR-004,10.609654,-61.395995,Mid Caroni,3.67,1.19,No
3/10/2025 10:00,CR-005,10-03-2025 10-00-00-CR-005,10.606111,-61.374422,Mid Lower Caroni,3.67,-0.22,No
3/10/2025 10:00,CR-006,10-03-2025 10-00-00-CR-006,10.582769,-61.341406,Lower Caroni,1.92,-1.02,No
3/10/2025 10:00,CR-007,10-03-2025 10-00-00-CR-007,10.578663,-61.291224,Caroni Swamp Entrance,3.24,0.38,No
3/10/2025 10:00,CR-008,10-03-2025 10-00-00-CR-008,10.5799,-61.255061,Caroni River Mouth,3.18,0.74,No
3/10/2025 11:00,CR-001,10-03-2025 11-00-00-CR-001,10.62038,-61.466257,Caroni Source,3.68,0.3,No
3/10/2025 11:00,CR-002,10-03-2025 11-00-00-CR-002,10.617247,-61.43931,Early Caroni,3.33,1.6,No
3/10/2025 11:00,CR-003,10-03-2025 11-00-00-CR-003,10.616628,-61.420142,Mid Upper Caroni,3.24,1.32,No
3/10/2025 11:00,CR-004,10-03-2025 11-00-00-CR-004,10.609654,-61.395995,Mid Caroni,3.35,-0.32,No
3/10/2025 11:00,CR-005,10-03-2025 11-00-00-CR-005,10.606111,-61.374422,Mid Lower Caroni,3.32,-0.35,No
3/10/2025 11:00,CR-006,10-03-2025 11-00-00-CR-006,10.582769,-61.341406,Lower Caroni,3.35,1.43,No
3/10/2025 11:00,CR-007,10-03-2025 11-00-00-CR-007,10.578663,-61.291224,Caroni Swamp Entrance,2.72,-0.52,No
3/10/2025 11:00,CR-008,10-03-2025 11-00-00-CR-008,10.5799,-61.255061,Caroni River Mouth,3.25,0.07,No
3/10/2025 12:00,CR-001,10-03-2025 12-00-00-CR-001,10.62038,-61.466257,Caroni Source,2.64,-1.04,No
3/10/2025 12:00,CR-002,10-03-2025 12-00-00-CR-002,10.617247,-61.43931,Early Caroni,1.8,-1.53,No
3/10/2025 12:00,CR-003,10-03-2025 12-00-00-CR-003,10.616628,-61.420142,Mid Upper Caroni,2.56,-0.68,No
3/10/2025 12:00,CR-004,10-03-2025 12-00-00-CR-004,10.609654,-61.395995,Mid Caroni,3.27,-0.08,No
3/10/2025 12:00,CR-005,10-03-2025 12-00-00-CR-005,10.606111,-61.374422,Mid Lower Caroni,3.17,-0.15,No
3/10/2025 12:00,CR-006,10-03-2025 12-00-00-CR-006,10.582769,-61.341406,Lower Caroni,3.45,0.1,No
3/10/2025 12:00,CR-007,10-03-2025 12-00-00-CR-007,10.578663,-61.291224,Caroni Swamp Entrance,2.67,-0.05,No
3/10/2025 12:00,CR-008,10-03-2025 12-00-00-CR-008,10.5799,-61.255061,Caroni River Mouth,2.26,-0.99,No
3/10/2025 13:00,CR-001,10-03-2025 13-00-00-CR-001,10.62038,-61.466257,Caroni Source,3,0.36,No
3/10/2025 13:00,CR-002,10-03-2025 13-00-00-CR-002,10.617247,-61.43931,Early Caroni,1.62,-0.18,No
3/10/2025 13:00,CR-003,10-03-2025 13-00-00-CR-003,10.616628,-61.420142,Mid Upper Caroni,2.87,0.31,No
3/10/2025 13:00,CR-004,10-03-2025 13-00-00-CR-004,10.609654,-61.395995,Mid Caroni,1.93,-1.34,No
3/10/2025 13:00,CR-005,10-03-2025 13-00-00-CR-005,10.606111,-61.374422,Mid Lower Caroni,2.68,-0.49,No
3/10/2025 13:00,CR-006,10-03-2025 13-00-00-CR-006,10.582769,-61.341406,Lower Caroni,1.79,-1.66,No
3/10/2025 13:00,CR-007,10-03-2025 13-00-00-CR-007,10.578663,-61.291224,Caroni Swamp Entrance,2.57,-0.1,No
3/10/2025 13:00,CR-008,10-03-2025 13-00-00-CR-008,10.5799,-61.255061,Caroni River Mouth,2.24,-0.02,No
3/10/2025 14:00,CR-001,10-03-2025 14-00-00-CR-001,10.62038,-61.466257,Caroni Source,3.96,0.96,Yes
3/10/2025 14:00,CR-002,10-03-2025 14-00-00-CR-002,10.617247,-61.43931,Early Caroni,2.81,1.19,No
3/10/2025 14:00,CR-003,10-03-2025 14-00-00-CR-003,10.616628,-61.420142,Mid Upper Caroni,3.42,0.55,No
3/10/2025 14:00,CR-004,10-03-2025 14-00-00-CR-004,10.609654,-61.395995,Mid Caroni,1.87,-0.06,No
3/10/2025 14:00,CR-005,10-03-2025 14-00-00-CR-005,10.606111,-61.374422,Mid Lower Caroni,1.87,-0.81,No
3/10/2025 14:00,CR-006,10-03-2025 14-00-00-CR-006,10.582769,-61.341406,Lower Caroni,1.67,-0.12,No
3/10/2025 14:00,CR-007,10-03-2025 14-00-00-CR-007,10.578663,-61.291224,Caroni Swamp Entrance,2.79,0.22,No
3/10/2025 14:00,CR-008,10-03-2025 14-00-00-CR-008,10.5799,-61.255061,Caroni River Mouth,3.27,1.03,No
3/10/2025 15:00,CR-001,10-03-2025 15-00-00-CR-001,10.62038,-61.466257,Caroni Source,1.88,-2.08,No
3/10/2025 15:00,CR-002,10-03-2025 15-00-00-CR-002,10.617247,-61.43931,Early Caroni,2.81,0,No
3/10/2025 15:00,CR-003,10-03-2025 15-00-00-CR-003,10.616628,-61.420142,Mid Upper Caroni,3.31,-0.11,No
3/10/2025 15:00,CR-004,10-03-2025 15-00-00-CR-004,10.609654,-61.395995,Mid Caroni,1.99,0.12,No
3/10/2025 15:00,CR-005,10-03-2025 15-00-00-CR-005,10.606111,-61.374422,Mid Lower Caroni,2.37,0.5,No
3/10/2025 15:00,CR-006,10-03-2025 15-00-00-CR-006,10.582769,-61.341406,Lower Caroni,2.61,0.94,No
3/10/2025 15:00,CR-007,10-03-2025 15-00-00-CR-007,10.578663,-61.291224,Caroni Swamp Entrance,1.92,-0.87,No
3/10/2025 15:00,CR-008,10-03-2025 15-00-00-CR-008,10.5799,-61.255061,Caroni River Mouth,3.21,-0.06,No
3/10/2025 16:00,CR-001,10-03-2025 16-00-00-CR-001,10.62038,-61.466257,Caroni Source,3.97,2.09,Yes
3/10/2025 16:00,CR-002,10-03-2025 16-00-00-CR-002,10.617247,-61.43931,Early Caroni,1.79,-1.02,No
3/10/2025 16:00,CR-003,10-03-2025 16-00-00-CR-003,10.616628,-61.420142,Mid Upper Caroni,1.87,-1.44,No
3/10/2025 16:00,CR-004,10-03-2025 16-00-00-CR-004,10.609654,-61.395995,Mid Caroni,2.55,0.56,No
3/10/2025 16:00,CR-005,10-03-2025 16-00-00-CR-005,10.606111,-61.374422,Mid Lower Caroni,3.18,0.81,No
3/10/2025 16:00,CR-006,10-03-2025 16-00-00-CR-006,10.582769,-61.341406,Lower Caroni,1.8,-0.81,No
3/10/2025 16:00,CR-007,10-03-2025 16-00-00-CR-007,10.578663,-61.291224,Caroni Swamp Entrance,1.75,-0.17,No
3/10/2025 16:00,CR-008,10-03-2025 16-00-00-CR-008,10.5799,-61.255061,Caroni River Mouth,3.33,0.12,No
3/10/2025 17:00,CR-001,10-03-2025 17-00-00-CR-001,10.62038,-61.466257,Caroni Source,3.75,-0.22,No
3/10/2025 17:00,CR-002,10-03-2025 17-00-00-CR-002,10.617247,-61.43931,Early Caroni,3.4,1.61,No
3/10/2025 17:00,CR-003,10-03-2025 17-00-00-CR-003,10.616628,-61.420142,Mid Upper Caroni,1.61,-0.26,No
3/10/2025 17:00,CR-004,10-03-2025 17-00-00-CR-004,10.609654,-61.395995,Mid Caroni,1.56,-0.99,No
3/10/2025 17:00,CR-005,10-03-2025 17-00-00-CR-005,10.606111,-61.374422,Mid Lower Caroni,1.81,-1.37,No
3/10/2025 17:00,CR-006,10-03-2025 17-00-00-CR-006,10.582769,-61.341406,Lower Caroni,3.18,1.38,No
3/10/2025 17:00,CR-007,10-03-2025 17-00-00-CR-007,10.578663,-61.291224,Caroni Swamp Entrance,3,1.25,No
3/10/2025 17:00,CR-008,10-03-2025 17-00-00-CR-008,10.5799,-61.255061,Caroni River Mouth,2.87,-0.46,No
3/10/2025 18:00,CR-001,10-03-2025 18-00-00-CR-001,10.62038,-61.466257,Caroni Source,3.68,-0.07,No
3/10/2025 18:00,CR-002,10-03-2025 18-00-00-CR-002,10.617247,-61.43931,Early Caroni,2.78,-0.62,No
3/10/2025 18:00,CR-003,10-03-2025 18-00-00-CR-003,10.616628,-61.420142,Mid Upper Caroni,3.51,1.9,No
3/10/2025 18:00,CR-004,10-03-2025 18-00-00-CR-004,10.609654,-61.395995,Mid Caroni,1.65,0.09,No
3/10/2025 18:00,CR-005,10-03-2025 18-00-00-CR-005,10.606111,-61.374422,Mid Lower Caroni,2.13,0.32,No
3/10/2025 18:00,CR-006,10-03-2025 18-00-00-CR-006,10.582769,-61.341406,Lower Caroni,1.58,-1.6,No
3/10/2025 18:00,CR-007,10-03-2025 18-00-00-CR-007,10.578663,-61.291224,Caroni Swamp Entrance,3.24,0.24,No
3/10/2025 18:00,CR-008,10-03-2025 18-00-00-CR-008,10.5799,-61.255061,Caroni River Mouth,2.01,-0.86,No
3/10/2025 19:00,CR-001,10-03-2025 19-00-00-CR-001,10.62038,-61.466257,Caroni Source,3.73,0.05,No
3/10/2025 19:00,CR-002,10-03-2025 19-00-00-CR-002,10.617247,-61.43931,Early Caroni,3.15,0.37,No
3/10/2025 19:00,CR-003,10-03-2025 19-00-00-CR-003,10.616628,-61.420142,Mid Upper Caroni,2.94,-0.57,No
3/10/2025 19:00,CR-004,10-03-2025 19-00-00-CR-004,10.609654,-61.395995,Mid Caroni,2.05,0.4,No
3/10/2025 19:00,CR-005,10-03-2025 19-00-00-CR-005,10.606111,-61.374422,Mid Lower Caroni,3.93,1.8,Yes
3/10/2025 19:00,CR-006,10-03-2025 19-00-00-CR-006,10.582769,-61.341406,Lower Caroni,1.81,0.23,No
3/10/2025 19:00,CR-007,10-03-2025 19-00-00-CR-007,10.578663,-61.291224,Caroni Swamp Entrance,3.74,0.5,No
3/10/2025 19:00,CR-008,10-03-2025 19-00-00-CR-008,10.5799,-61.255061,Caroni River Mouth,3.57,1.56,No
3/10/2025 20:00,CR-001,10-03-2025 20-00-00-CR-001,10.62038,-61.466257,Caroni Source,2.15,-1.58,No
3/10/2025 20:00,CR-002,10-03-2025 20-00-00-CR-002,10.617247,-61.43931,Early Caroni,2.48,-0.67,No
3/10/2025 20:00,CR-003,10-03-2025 20-00-00-CR-003,10.616628,-61.420142,Mid Upper Caroni,1.63,-1.31,No
3/10/2025 20:00,CR-004,10-03-2025 20-00-00-CR-004,10.609654,-61.395995,Mid Caroni,1.54,-0.51,No
3/10/2025 20:00,CR-005,10-03-2025 20-00-00-CR-005,10.606111,-61.374422,Mid Lower Caroni,2.44,-1.49,No
3/10/2025 20:00,CR-006,10-03-2025 20-00-00-CR-006,10.582769,-61.341406,Lower Caroni,1.75,-0.06,No
3/10/2025 20:00,CR-007,10-03-2025 20-00-00-CR-007,10.578663,-61.291224,Caroni Swamp Entrance,3.45,-0.29,No
3/10/2025 20:00,CR-008,10-03-2025 20-00-00-CR-008,10.5799,-61.255061,Caroni River Mouth,1.71,-1.86,No
3/10/2025 21:00,CR-001,10-03-2025 21-00-00-CR-001,10.62038,-61.466257,Caroni Source,2.44,0.29,No
3/10/2025 21:00,CR-002,10-03-2025 21-00-00-CR-002,10.617247,-61.43931,Early Caroni,2.96,0.48,No
3/10/2025 21:00,CR-003,10-03-2025 21-00-00-CR-003,10.616628,-61.420142,Mid Upper Caroni,2.61,0.98,No
3/10/2025 21:00,CR-004,10-03-2025 21-00-00-CR-004,10.609654,-61.395995,Mid Caroni,3.59,2.05,No
3/10/2025 21:00,CR-005,10-03-2025 21-00-00-CR-005,10.606111,-61.374422,Mid Lower Caroni,3.56,1.12,No
3/10/2025 21:00,CR-006,10-03-2025 21-00-00-CR-006,10.582769,-61.341406,Lower Caroni,1.76,0.01,No
3/10/2025 21:00,CR-007,10-03-2025 21-00-00-CR-007,10.578663,-61.291224,Caroni Swamp Entrance,2.6,-0.85,No
3/10/2025 21:00,CR-008,10-03-2025 21-00-00-CR-008,10.5799,-61.255061,Caroni River Mouth,2.65,0.94,No
3/10/2025 22:00,CR-001,10-03-2025 22-00-00-CR-001,10.62038,-61.466257,Caroni Source,2.53,0.09,No
3/10/2025 22:00,CR-002,10-03-2025 22-00-00-CR-002,10.617247,-61.43931,Early Caroni,2.12,-0.84,No
3/10/2025 22:00,CR-003,10-03-2025 22-00-00-CR-003,10.616628,-61.420142,Mid Upper Caroni,3.08,0.47,No
3/10/2025 22:00,CR-004,10-03-2025 22-00-00-CR-004,10.609654,-61.395995,Mid Caroni,3.72,0.13,No
3/10/2025 22:00,CR-005,10-03-2025 22-00-00-CR-005,10.606111,-61.374422,Mid Lower Caroni,2.4,-1.16,No
3/10/2025 22:00,CR-006,10-03-2025 22-00-00-CR-006,10.582769,-61.341406,Lower Caroni,3.23,1.47,No
3/10/2025 22:00,CR-007,10-03-2025 22-00-00-CR-007,10.578663,-61.291224,Caroni Swamp Entrance,2.23,-0.37,No
3/10/2025 22:00,CR-008,10-03-2025 22-00-00-CR-008,10.5799,-61.255061,Caroni River Mouth,2.24,-0.41,No
3/10/2025 23:00,CR-001,10-03-2025 23-00-00-CR-001,10.62038,-61.466257,Caroni Source,2.24,-0.29,No
3/10/2025 23:00,CR-002,10-03-2025 23-00-00-CR-002,10.617247,-61.43931,Early Caroni,1.9,-0.22,No
3/10/2025 23:00,CR-003,10-03-2025 23-00-00-CR-003,10.616628,-61.420142,Mid Upper Caroni,1.64,-1.44,No
3/10/2025 23:00,CR-004,10-03-2025 23-00-00-CR-004,10.609654,-61.395995,Mid Caroni,3.32,-0.4,No
3/10/2025 23:00,CR-005,10-03-2025 23-00-00-CR-005,10.606111,-61.374422,Mid Lower Caroni,2.52,0.12,No
3/10/2025 23:00,CR-006,10-03-2025 23-00-00-CR-006,10.582769,-61.341406,Lower Caroni,3.89,0.66,Yes
3/10/2025 23:00,CR-007,10-03-2025 23-00-00-CR-007,10.578663,-61.291224,Caroni Swamp Entrance,2.62,0.39,No
3/10/2025 23:00,CR-008,10-03-2025 23-00-00-CR-008,10.5799,-61.255061,Caroni River Mouth,2.47,0.23,No
3/11/2025 0:00,CR-001,11-03-2025 00-00-00-CR-001,10.62038,-61.466257,Caroni Source,3.29,1.05,No
3/11/2025 0:00,CR-002,11-03-2025 00-00-00-CR-002,10.617247,-61.43931,Early Caroni,1.84,-0.06,No
3/11/2025 0:00,CR-003,11-03-2025 00-00-00-CR-003,10.616628,-61.420142,Mid Upper Caroni,2.93,1.29,No
3/11/2025 0:00,CR-004,11-03-2025 00-00-00-CR-004,10.609654,-61.395995,Mid Caroni,1.96,-1.36,No
3/11/2025 0:00,CR-005,11-03-2025 00-00-00-CR-005,10.606111,-61.374422,Mid Lower Caroni,2.95,0.43,No
3/11/2025 0:00,CR-006,11-03-2025 00-00-00-CR-006,10.582769,-61.341406,Lower Caroni,2.09,-1.8,No
3/11/2025 0:00,CR-007,11-03-2025 00-00-00-CR-007,10.578663,-61.291224,Caroni Swamp Entrance,2.24,-0.38,No
3/11/2025 0:00,CR-008,11-03-2025 00-00-00-CR-008,10.5799,-61.255061,Caroni River Mouth,3.21,0.74,No
3/11/2025 1:00,CR-001,11-03-2025 01-00-00-CR-001,10.62038,-61.466257,Caroni Source,3.35,0.06,No
3/11/2025 1:00,CR-002,11-03-2025 01-00-00-CR-002,10.617247,-61.43931,Early Caroni,3.82,1.98,Yes
3/11/2025 1:00,CR-003,11-03-2025 01-00-00-CR-003,10.616628,-61.420142,Mid Upper Caroni,3.58,0.65,No
3/11/2025 1:00,CR-004,11-03-2025 01-00-00-CR-004,10.609654,-61.395995,Mid Caroni,3.11,1.15,No
3/11/2025 1:00,CR-005,11-03-2025 01-00-00-CR-005,10.606111,-61.374422,Mid Lower Caroni,3.89,0.94,Yes
3/11/2025 1:00,CR-006,11-03-2025 01-00-00-CR-006,10.582769,-61.341406,Lower Caroni,2.23,0.14,No
3/11/2025 1:00,CR-007,11-03-2025 01-00-00-CR-007,10.578663,-61.291224,Caroni Swamp Entrance,2.35,0.11,No
3/11/2025 1:00,CR-008,11-03-2025 01-00-00-CR-008,10.5799,-61.255061,Caroni River Mouth,2.91,-0.3,No
3/11/2025 2:00,CR-001,11-03-2025 02-00-00-CR-001,10.62038,-61.466257,Caroni Source,1.87,-1.48,No
3/11/2025 2:00,CR-002,11-03-2025 02-00-00-CR-002,10.617247,-61.43931,Early Caroni,2.34,-1.48,No
3/11/2025 2:00,CR-003,11-03-2025 02-00-00-CR-003,10.616628,-61.420142,Mid Upper Caroni,1.97,-1.61,No
3/11/2025 2:00,CR-004,11-03-2025 02-00-00-CR-004,10.609654,-61.395995,Mid Caroni,3.27,0.16,No
3/11/2025 2:00,CR-005,11-03-2025 02-00-00-CR-005,10.606111,-61.374422,Mid Lower Caroni,2.33,-1.56,No
3/11/2025 2:00,CR-006,11-03-2025 02-00-00-CR-006,10.582769,-61.341406,Lower Caroni,2.13,-0.1,No
3/11/2025 2:00,CR-007,11-03-2025 02-00-00-CR-007,10.578663,-61.291224,Caroni Swamp Entrance,2.67,0.32,No
3/11/2025 2:00,CR-008,11-03-2025 02-00-00-CR-008,10.5799,-61.255061,Caroni River Mouth,1.76,-1.15,No
3/11/2025 3:00,CR-001,11-03-2025 03-00-00-CR-001,10.62038,-61.466257,Caroni Source,2.04,0.17,No
3/11/2025 3:00,CR-002,11-03-2025 03-00-00-CR-002,10.617247,-61.43931,Early Caroni,3.41,1.07,No
3/11/2025 3:00,CR-003,11-03-2025 03-00-00-CR-003,10.616628,-61.420142,Mid Upper Caroni,3.1,1.13,No
3/11/2025 3:00,CR-004,11-03-2025 03-00-00-CR-004,10.609654,-61.395995,Mid Caroni,3.33,0.06,No
3/11/2025 3:00,CR-005,11-03-2025 03-00-00-CR-005,10.606111,-61.374422,Mid Lower Caroni,2.63,0.3,No
3/11/2025 3:00,CR-006,11-03-2025 03-00-00-CR-006,10.582769,-61.341406,Lower Caroni,1.69,-0.44,No
3/11/2025 3:00,CR-007,11-03-2025 03-00-00-CR-007,10.578663,-61.291224,Caroni Swamp Entrance,3.94,1.27,Yes
3/11/2025 3:00,CR-008,11-03-2025 03-00-00-CR-008,10.5799,-61.255061,Caroni River Mouth,2.01,0.25,No
3/11/2025 4:00,CR-001,11-03-2025 04-00-00-CR-001,10.62038,-61.466257,Caroni Source,3.28,1.24,No
3/11/2025 4:00,CR-002,11-03-2025 04-00-00-CR-002,10.617247,-61.43931,Early Caroni,2.62,-0.79,No
3/11/2025 4:00,CR-003,11-03-2025 04-00-00-CR-003,10.616628,-61.420142,Mid Upper Caroni,3.98,0.88,Yes
3/11/2025 4:00,CR-004,11-03-2025 04-00-00-CR-004,10.609654,-61.395995,Mid Caroni,1.59,-1.74,No
3/11/2025 4:00,CR-005,11-03-2025 04-00-00-CR-005,10.606111,-61.374422,Mid Lower Caroni,1.73,-0.9,No
3/11/2025 4:00,CR-006,11-03-2025 04-00-00-CR-006,10.582769,-61.341406,Lower Caroni,1.58,-0.11,No
3/11/2025 4:00,CR-007,11-03-2025 04-00-00-CR-007,10.578663,-61.291224,Caroni Swamp Entrance,2.09,-1.85,No
3/11/2025 4:00,CR-008,11-03-2025 04-00-00-CR-008,10.5799,-61.255061,Caroni River Mouth,2.63,0.62,No
3/11/2025 5:00,CR-001,11-03-2025 05-00-00-CR-001,10.62038,-61.466257,Caroni Source,2.2,-1.08,No
3/11/2025 5:00,CR-002,11-03-2025 05-00-00-CR-002,10.617247,-61.43931,Early Caroni,2.02,-0.6,No
3/11/2025 5:00,CR-003,11-03-2025 05-00-00-CR-003,10.616628,-61.420142,Mid Upper Caroni,3.2,-0.78,No
3/11/2025 5:00,CR-004,11-03-2025 05-00-00-CR-004,10.609654,-61.395995,Mid Caroni,3.2,1.61,No
3/11/2025 5:00,CR-005,11-03-2025 05-00-00-CR-005,10.606111,-61.374422,Mid Lower Caroni,2.3,0.57,No
3/11/2025 5:00,CR-006,11-03-2025 05-00-00-CR-006,10.582769,-61.341406,Lower Caroni,2.07,0.49,No
3/11/2025 5:00,CR-007,11-03-2025 05-00-00-CR-007,10.578663,-61.291224,Caroni Swamp Entrance,2.04,-0.05,No
3/11/2025 5:00,CR-008,11-03-2025 05-00-00-CR-008,10.5799,-61.255061,Caroni River Mouth,3.95,1.32,Yes
3/11/2025 6:00,CR-001,11-03-2025 06-00-00-CR-001,10.62038,-61.466257,Caroni Source,3.17,0.97,No
3/11/2025 6:00,CR-002,11-03-2025 06-00-00-CR-002,10.617247,-61.43931,Early Caroni,1.59,-0.43,No
3/11/2025 6:00,CR-003,11-03-2025 06-00-00-CR-003,10.616628,-61.420142,Mid Upper Caroni,1.94,-1.26,No
3/11/2025 6:00,CR-004,11-03-2025 06-00-00-CR-004,10.609654,-61.395995,Mid Caroni,3.68,0.48,No
3/11/2025 6:00,CR-005,11-03-2025 06-00-00-CR-005,10.606111,-61.374422,Mid Lower Caroni,3.15,0.85,No
3/11/2025 6:00,CR-006,11-03-2025 06-00-00-CR-006,10.582769,-61.341406,Lower Caroni,3.26,1.19,No
3/11/2025 6:00,CR-007,11-03-2025 06-00-00-CR-007,10.578663,-61.291224,Caroni Swamp Entrance,2.33,0.29,No
3/11/2025 6:00,CR-008,11-03-2025 06-00-00-CR-008,10.5799,-61.255061,Caroni River Mouth,2.08,-1.87,No
3/11/2025 7:00,CR-001,11-03-2025 07-00-00-CR-001,10.62038,-61.466257,Caroni Source,2.67,-0.5,No
3/11/2025 7:00,CR-002,11-03-2025 07-00-00-CR-002,10.617247,-61.43931,Early Caroni,2.35,0.76,No
3/11/2025 7:00,CR-003,11-03-2025 07-00-00-CR-003,10.616628,-61.420142,Mid Upper Caroni,2.84,0.9,No
3/11/2025 7:00,CR-004,11-03-2025 07-00-00-CR-004,10.609654,-61.395995,Mid Caroni,2.68,-1,No
3/11/2025 7:00,CR-005,11-03-2025 07-00-00-CR-005,10.606111,-61.374422,Mid Lower Caroni,1.51,-1.64,No
3/11/2025 7:00,CR-006,11-03-2025 07-00-00-CR-006,10.582769,-61.341406,Lower Caroni,3.04,-0.22,No
3/11/2025 7:00,CR-007,11-03-2025 07-00-00-CR-007,10.578663,-61.291224,Caroni Swamp Entrance,3.06,0.73,No
3/11/2025 7:00,CR-008,11-03-2025 07-00-00-CR-008,10.5799,-61.255061,Caroni River Mouth,2.85,0.77,No
3/11/2025 8:00,CR-001,11-03-2025 08-00-00-CR-001,10.62038,-61.466257,Caroni Source,1.85,-0.82,No
3/11/2025 8:00,CR-002,11-03-2025 08-00-00-CR-002,10.617247,-61.43931,Early Caroni,1.72,-0.63,No
3/11/2025 8:00,CR-003,11-03-2025 08-00-00-CR-003,10.616628,-61.420142,Mid Upper Caroni,3.76,0.92,No
3/11/2025 8:00,CR-004,11-03-2025 08-00-00-CR-004,10.609654,-61.395995,Mid Caroni,2.54,-0.14,No
3/11/2025 8:00,CR-005,11-03-2025 08-00-00-CR-005,10.606111,-61.374422,Mid Lower Caroni,3.79,2.28,No
3/11/2025 8:00,CR-006,11-03-2025 08-00-00-CR-006,10.582769,-61.341406,Lower Caroni,2.41,-0.63,No
3/11/2025 8:00,CR-007,11-03-2025 08-00-00-CR-007,10.578663,-61.291224,Caroni Swamp Entrance,2.9,-0.16,No
3/11/2025 8:00,CR-008,11-03-2025 08-00-00-CR-008,10.5799,-61.255061,Caroni River Mouth,2.68,-0.17,No
3/11/2025 9:00,CR-001,11-03-2025 09-00-00-CR-001,10.62038,-61.466257,Caroni Source,2.96,1.11,No
3/11/2025 9:00,CR-002,11-03-2025 09-00-00-CR-002,10.617247,-61.43931,Early Caroni,3.01,1.29,No
3/11/2025 9:00,CR-003,11-03-2025 09-00-00-CR-003,10.616628,-61.420142,Mid Upper Caroni,2.93,-0.83,No
3/11/2025 9:00,CR-004,11-03-2025 09-00-00-CR-004,10.609654,-61.395995,Mid Caroni,1.93,-0.61,No
3/11/2025 9:00,CR-005,11-03-2025 09-00-00-CR-005,10.606111,-61.374422,Mid Lower Caroni,2.92,-0.87,No
3/11/2025 9:00,CR-006,11-03-2025 09-00-00-CR-006,10.582769,-61.341406,Lower Caroni,2.01,-0.4,No
3/11/2025 9:00,CR-007,11-03-2025 09-00-00-CR-007,10.578663,-61.291224,Caroni Swamp Entrance,3.34,0.44,No
3/11/2025 9:00,CR-008,11-03-2025 09-00-00-CR-008,10.5799,-61.255061,Caroni River Mouth,2.53,-0.15,No
3/11/2025 10:00,CR-001,11-03-2025 10-00-00-CR-001,10.62038,-61.466257,Caroni Source,3.49,0.53,No
3/11/2025 10:00,CR-002,11-03-2025 10-00-00-CR-002,10.617247,-61.43931,Early Caroni,2.46,-0.55,No
3/11/2025 10:00,CR-003,11-03-2025 10-00-00-CR-003,10.616628,-61.420142,Mid Upper Caroni,3.92,0.99,Yes
3/11/2025 10:00,CR-004,11-03-2025 10-00-00-CR-004,10.609654,-61.395995,Mid Caroni,2.84,0.91,No
3/11/2025 10:00,CR-005,11-03-2025 10-00-00-CR-005,10.606111,-61.374422,Mid Lower Caroni,1.59,-1.33,No
3/11/2025 10:00,CR-006,11-03-2025 10-00-00-CR-006,10.582769,-61.341406,Lower Caroni,3.28,1.27,No
3/11/2025 10:00,CR-007,11-03-2025 10-00-00-CR-007,10.578663,-61.291224,Caroni Swamp Entrance,1.89,-1.45,No
3/11/2025 10:00,CR-008,11-03-2025 10-00-00-CR-008,10.5799,-61.255061,Caroni River Mouth,2.34,-0.19,No
3/11/2025 11:00,CR-001,11-03-2025 11-00-00-CR-001,10.62038,-61.466257,Caroni Source,1.88,-1.61,No
3/11/2025 11:00,CR-002,11-03-2025 11-00-00-CR-002,10.617247,-61.43931,Early Caroni,3.08,0.62,No
3/11/2025 11:00,CR-003,11-03-2025 11-00-00-CR-003,10.616628,-61.420142,Mid Upper Caroni,3.07,-0.85,No
3/11/2025 11:00,CR-004,11-03-2025 11-00-00-CR-004,10.609654,-61.395995,Mid Caroni,2.12,-0.72,No
3/11/2025 11:00,CR-005,11-03-2025 11-00-00-CR-005,10.606111,-61.374422,Mid Lower Caroni,1.8,0.21,No
3/11/2025 11:00,CR-006,11-03-2025 11-00-00-CR-006,10.582769,-61.341406,Lower Caroni,2.77,-0.51,No
3/11/2025 11:00,CR-007,11-03-2025 11-00-00-CR-007,10.578663,-61.291224,Caroni Swamp Entrance,2.69,0.8,No
3/11/2025 11:00,CR-008,11-03-2025 11-00-00-CR-008,10.5799,-61.255061,Caroni River Mouth,2.2,-0.14,No
3/11/2025 12:00,CR-001,11-03-2025 12-00-00-CR-001,10.62038,-61.466257,Caroni Source,1.72,-0.16,No
3/11/2025 12:00,CR-002,11-03-2025 12-00-00-CR-002,10.617247,-61.43931,Early Caroni,2.07,-1.01,No
3/11/2025 12:00,CR-003,11-03-2025 12-00-00-CR-003,10.616628,-61.420142,Mid Upper Caroni,2.11,-0.96,No
3/11/2025 12:00,CR-004,11-03-2025 12-00-00-CR-004,10.609654,-61.395995,Mid Caroni,3.84,1.72,Yes
3/11/2025 12:00,CR-005,11-03-2025 12-00-00-CR-005,10.606111,-61.374422,Mid Lower Caroni,2.37,0.57,No
3/11/2025 12:00,CR-006,11-03-2025 12-00-00-CR-006,10.582769,-61.341406,Lower Caroni,1.75,-1.02,No
3/11/2025 12:00,CR-007,11-03-2025 12-00-00-CR-007,10.578663,-61.291224,Caroni Swamp Entrance,3.53,0.84,No
3/11/2025 12:00,CR-008,11-03-2025 12-00-00-CR-008,10.5799,-61.255061,Caroni River Mouth,3.99,1.79,Yes
3/11/2025 13:00,CR-001,11-03-2025 13-00-00-CR-001,10.62038,-61.466257,Caroni Source,2.63,0.91,No
3/11/2025 13:00,CR-002,11-03-2025 13-00-00-CR-002,10.617247,-61.43931,Early Caroni,3.95,1.88,Yes
3/11/2025 13:00,CR-003,11-03-2025 13-00-00-CR-003,10.616628,-61.420142,Mid Upper Caroni,2.87,0.76,No
3/11/2025 13:00,CR-004,11-03-2025 13-00-00-CR-004,10.609654,-61.395995,Mid Caroni,2.04,-1.8,No
3/11/2025 13:00,CR-005,11-03-2025 13-00-00-CR-005,10.606111,-61.374422,Mid Lower Caroni,3.56,1.19,No
3/11/2025 13:00,CR-006,11-03-2025 13-00-00-CR-006,10.582769,-61.341406,Lower Caroni,1.52,-0.23,No
3/11/2025 13:00,CR-007,11-03-2025 13-00-00-CR-007,10.578663,-61.291224,Caroni Swamp Entrance,2.46,-1.07,No
3/11/2025 13:00,CR-008,11-03-2025 13-00-00-CR-008,10.5799,-61.255061,Caroni River Mouth,3.4,-0.59,No
3/11/2025 14:00,CR-001,11-03-2025 14-00-00-CR-001,10.62038,-61.466257,Caroni Source,1.74,-0.89,No
3/11/2025 14:00,CR-002,11-03-2025 14-00-00-CR-002,10.617247,-61.43931,Early Caroni,3.99,0.04,Yes
3/11/2025 14:00,CR-003,11-03-2025 14-00-00-CR-003,10.616628,-61.420142,Mid Upper Caroni,3.13,0.26,No
3/11/2025 14:00,CR-004,11-03-2025 14-00-00-CR-004,10.609654,-61.395995,Mid Caroni,1.64,-0.4,No
3/11/2025 14:00,CR-005,11-03-2025 14-00-00-CR-005,10.606111,-61.374422,Mid Lower Caroni,2.97,-0.59,No
3/11/2025 14:00,CR-006,11-03-2025 14-00-00-CR-006,10.582769,-61.341406,Lower Caroni,2.15,0.63,No
3/11/2025 14:00,CR-007,11-03-2025 14-00-00-CR-007,10.578663,-61.291224,Caroni Swamp Entrance,3.04,0.58,No
3/11/2025 14:00,CR-008,11-03-2025 14-00-00-CR-008,10.5799,-61.255061,Caroni River Mouth,2.36,-1.04,No
3/11/2025 15:00,CR-001,11-03-2025 15-00-00-CR-001,10.62038,-61.466257,Caroni Source,2.2,0.46,No
3/11/2025 15:00,CR-002,11-03-2025 15-00-00-CR-002,10.617247,-61.43931,Early Caroni,2.61,-1.38,No
3/11/2025 15:00,CR-003,11-03-2025 15-00-00-CR-003,10.616628,-61.420142,Mid Upper Caroni,2.78,-0.35,No
3/11/2025 15:00,CR-004,11-03-2025 15-00-00-CR-004,10.609654,-61.395995,Mid Caroni,2.67,1.03,No
3/11/2025 15:00,CR-005,11-03-2025 15-00-00-CR-005,10.606111,-61.374422,Mid Lower Caroni,2,-0.97,No
3/11/2025 15:00,CR-006,11-03-2025 15-00-00-CR-006,10.582769,-61.341406,Lower Caroni,2.75,0.6,No
3/11/2025 15:00,CR-007,11-03-2025 15-00-00-CR-007,10.578663,-61.291224,Caroni Swamp Entrance,2.93,-0.11,No
3/11/2025 15:00,CR-008,11-03-2025 15-00-00-CR-008,10.5799,-61.255061,Caroni River Mouth,3.31,0.95,No
3/11/2025 16:00,CR-001,11-03-2025 16-00-00-CR-001,10.62038,-61.466257,Caroni Source,3.34,1.14,No
3/11/2025 16:00,CR-002,11-03-2025 16-00-00-CR-002,10.617247,-61.43931,Early Caroni,1.75,-0.86,No
3/11/2025 16:00,CR-003,11-03-2025 16-00-00-CR-003,10.616628,-61.420142,Mid Upper Caroni,2.92,0.14,No
3/11/2025 16:00,CR-004,11-03-2025 16-00-00-CR-004,10.609654,-61.395995,Mid Caroni,1.51,-1.16,No
3/11/2025 16:00,CR-005,11-03-2025 16-00-00-CR-005,10.606111,-61.374422,Mid Lower Caroni,3.93,1.93,Yes
3/11/2025 16:00,CR-006,11-03-2025 16-00-00-CR-006,10.582769,-61.341406,Lower Caroni,3.51,0.76,No
3/11/2025 16:00,CR-007,11-03-2025 16-00-00-CR-007,10.578663,-61.291224,Caroni Swamp Entrance,1.96,-0.97,No
3/11/2025 16:00,CR-008,11-03-2025 16-00-00-CR-008,10.5799,-61.255061,Caroni River Mouth,3.61,0.3,No
3/11/2025 17:00,CR-001,11-03-2025 17-00-00-CR-001,10.62038,-61.466257,Caroni Source,2.67,-0.67,No
3/11/2025 17:00,CR-002,11-03-2025 17-00-00-CR-002,10.617247,-61.43931,Early Caroni,3.24,1.49,No
3/11/2025 17:00,CR-003,11-03-2025 17-00-00-CR-003,10.616628,-61.420142,Mid Upper Caroni,2.59,-0.33,No
3/11/2025 17:00,CR-004,11-03-2025 17-00-00-CR-004,10.609654,-61.395995,Mid Caroni,2.8,1.29,No
3/11/2025 17:00,CR-005,11-03-2025 17-00-00-CR-005,10.606111,-61.374422,Mid Lower Caroni,2.11,-1.82,No
3/11/2025 17:00,CR-006,11-03-2025 17-00-00-CR-006,10.582769,-61.341406,Lower Caroni,3.78,0.27,No
3/11/2025 17:00,CR-007,11-03-2025 17-00-00-CR-007,10.578663,-61.291224,Caroni Swamp Entrance,1.62,-0.34,No
3/11/2025 17:00,CR-008,11-03-2025 17-00-00-CR-008,10.5799,-61.255061,Caroni River Mouth,1.93,-1.68,No
3/11/2025 18:00,CR-001,11-03-2025 18-00-00-CR-001,10.62038,-61.466257,Caroni Source,3.79,1.12,No
3/11/2025 18:00,CR-002,11-03-2025 18-00-00-CR-002,10.617247,-61.43931,Early Caroni,2.15,-1.09,No
3/11/2025 18:00,CR-003,11-03-2025 18-00-00-CR-003,10.616628,-61.420142,Mid Upper Caroni,1.69,-0.9,No
3/11/2025 18:00,CR-004,11-03-2025 18-00-00-CR-004,10.609654,-61.395995,Mid Caroni,1.65,-1.15,No
3/11/2025 18:00,CR-005,11-03-2025 18-00-00-CR-005,10.606111,-61.374422,Mid Lower Caroni,2.09,-0.02,No
3/11/2025 18:00,CR-006,11-03-2025 18-00-00-CR-006,10.582769,-61.341406,Lower Caroni,2.45,-1.33,No
3/11/2025 18:00,CR-007,11-03-2025 18-00-00-CR-007,10.578663,-61.291224,Caroni Swamp Entrance,1.75,0.13,No
3/11/2025 18:00,CR-008,11-03-2025 18-00-00-CR-008,10.5799,-61.255061,Caroni River Mouth,1.74,-0.19,No
3/11/2025 19:00,CR-001,11-03-2025 19-00-00-CR-001,10.62038,-61.466257,Caroni Source,3.95,0.16,Yes
3/11/2025 19:00,CR-002,11-03-2025 19-00-00-CR-002,10.617247,-61.43931,Early Caroni,3.75,1.6,No
3/11/2025 19:00,CR-003,11-03-2025 19-00-00-CR-003,10.616628,-61.420142,Mid Upper Caroni,2.14,0.45,No
3/11/2025 19:00,CR-004,11-03-2025 19-00-00-CR-004,10.609654,-61.395995,Mid Caroni,1.98,0.33,No
3/11/2025 19:00,CR-005,11-03-2025 19-00-00-CR-005,10.606111,-61.374422,Mid Lower Caroni,3.47,1.38,No
3/11/2025 19:00,CR-006,11-03-2025 19-00-00-CR-006,10.582769,-61.341406,Lower Caroni,3.39,0.94,No
3/11/2025 19:00,CR-007,11-03-2025 19-00-00-CR-007,10.578663,-61.291224,Caroni Swamp Entrance,3.63,1.88,No
3/11/2025 19:00,CR-008,11-03-2025 19-00-00-CR-008,10.5799,-61.255061,Caroni River Mouth,1.61,-0.13,No
3/11/2025 20:00,CR-001,11-03-2025 20-00-00-CR-001,10.62038,-61.466257,Caroni Source,2.02,-1.93,No
3/11/2025 20:00,CR-002,11-03-2025 20-00-00-CR-002,10.617247,-61.43931,Early Caroni,3.04,-0.71,No
3/11/2025 20:00,CR-003,11-03-2025 20-00-00-CR-003,10.616628,-61.420142,Mid Upper Caroni,2.31,0.17,No
3/11/2025 20:00,CR-004,11-03-2025 20-00-00-CR-004,10.609654,-61.395995,Mid Caroni,2.32,0.34,No
3/11/2025 20:00,CR-005,11-03-2025 20-00-00-CR-005,10.606111,-61.374422,Mid Lower Caroni,3.8,0.33,No
3/11/2025 20:00,CR-006,11-03-2025 20-00-00-CR-006,10.582769,-61.341406,Lower Caroni,2.54,-0.85,No
3/11/2025 20:00,CR-007,11-03-2025 20-00-00-CR-007,10.578663,-61.291224,Caroni Swamp Entrance,2.48,-1.15,No
3/11/2025 20:00,CR-008,11-03-2025 20-00-00-CR-008,10.5799,-61.255061,Caroni River Mouth,3.97,2.36,Yes
3/11/2025 21:00,CR-001,11-03-2025 21-00-00-CR-001,10.62038,-61.466257,Caroni Source,3.5,1.48,No
3/11/2025 21:00,CR-002,11-03-2025 21-00-00-CR-002,10.617247,-61.43931,Early Caroni,1.89,-1.15,No
3/11/2025 21:00,CR-003,11-03-2025 21-00-00-CR-003,10.616628,-61.420142,Mid Upper Caroni,2.22,-0.09,No
3/11/2025 21:00,CR-004,11-03-2025 21-00-00-CR-004,10.609654,-61.395995,Mid Caroni,2.74,0.42,No
3/11/2025 21:00,CR-005,11-03-2025 21-00-00-CR-005,10.606111,-61.374422,Mid Lower Caroni,2.76,-1.04,No
3/11/2025 21:00,CR-006,11-03-2025 21-00-00-CR-006,10.582769,-61.341406,Lower Caroni,1.55,-0.99,No
3/11/2025 21:00,CR-007,11-03-2025 21-00-00-CR-007,10.578663,-61.291224,Caroni Swamp Entrance,2.71,0.23,No
3/11/2025 21:00,CR-008,11-03-2025 21-00-00-CR-008,10.5799,-61.255061,Caroni River Mouth,2.91,-1.06,No
3/11/2025 22:00,CR-001,11-03-2025 22-00-00-CR-001,10.62038,-61.466257,Caroni Source,1.84,-1.66,No
3/11/2025 22:00,CR-002,11-03-2025 22-00-00-CR-002,10.617247,-61.43931,Early Caroni,2.89,1,No
3/11/2025 22:00,CR-003,11-03-2025 22-00-00-CR-003,10.616628,-61.420142,Mid Upper Caroni,1.53,-0.69,No
3/11/2025 22:00,CR-004,11-03-2025 22-00-00-CR-004,10.609654,-61.395995,Mid Caroni,3.41,0.67,No
3/11/2025 22:00,CR-005,11-03-2025 22-00-00-CR-005,10.606111,-61.374422,Mid Lower Caroni,2.31,-0.45,No
3/11/2025 22:00,CR-006,11-03-2025 22-00-00-CR-006,10.582769,-61.341406,Lower Caroni,3.27,1.72,No
3/11/2025 22:00,CR-007,11-03-2025 22-00-00-CR-007,10.578663,-61.291224,Caroni Swamp Entrance,2.85,0.14,No
3/11/2025 22:00,CR-008,11-03-2025 22-00-00-CR-008,10.5799,-61.255061,Caroni River Mouth,2.53,-0.38,No
3/11/2025 23:00,CR-001,11-03-2025 23-00-00-CR-001,10.62038,-61.466257,Caroni Source,3.44,1.6,No
3/11/2025 23:00,CR-002,11-03-2025 23-00-00-CR-002,10.617247,-61.43931,Early Caroni,2.37,-0.52,No
3/11/2025 23:00,CR-003,11-03-2025 23-00-00-CR-003,10.616628,-61.420142,Mid Upper Caroni,3,1.47,No
3/11/2025 23:00,CR-004,11-03-2025 23-00-00-CR-004,10.609654,-61.395995,Mid Caroni,2.76,-0.65,No
3/11/2025 23:00,CR-005,11-03-2025 23-00-00-CR-005,10.606111,-61.374422,Mid Lower Caroni,2.93,0.62,No
3/11/2025 23:00,CR-006,11-03-2025 23-00-00-CR-006,10.582769,-61.341406,Lower Caroni,1.67,-1.6,No
3/11/2025 23:00,CR-007,11-03-2025 23-00-00-CR-007,10.578663,-61.291224,Caroni Swamp Entrance,1.96,-0.89,No
3/11/2025 23:00,CR-008,11-03-2025 23-00-00-CR-008,10.5799,-61.255061,Caroni River Mouth,3.5,0.97,No
3/12/2025 0:00,CR-001,12-03-2025 00-00-00-CR-001,10.62038,-61.466257,Caroni Source,2.75,-0.69,No
3/12/2025 0:00,CR-002,12-03-2025 00-00-00-CR-002,10.617247,-61.43931,Early Caroni,2.8,0.43,No
3/12/2025 0:00,CR-003,12-03-2025 00-00-00-CR-003,10.616628,-61.420142,Mid Upper Caroni,2.31,-0.69,No
3/12/2025 0:00,CR-004,12-03-2025 00-00-00-CR-004,10.609654,-61.395995,Mid Caroni,2.12,-0.64,No
3/12/2025 0:00,CR-005,12-03-2025 00-00-00-CR-005,10.606111,-61.374422,Mid Lower Caroni,1.82,-1.11,No
3/12/2025 0:00,CR-006,12-03-2025 00-00-00-CR-006,10.582769,-61.341406,Lower Caroni,2.32,0.65,No
3/12/2025 0:00,CR-007,12-03-2025 00-00-00-CR-007,10.578663,-61.291224,Caroni Swamp Entrance,2.98,1.02,No
3/12/2025 0:00,CR-008,12-03-2025 00-00-00-CR-008,10.5799,-61.255061,Caroni River Mouth,1.61,-1.89,No
3/12/2025 1:00,CR-001,12-03-2025 01-00-00-CR-001,10.62038,-61.466257,Caroni Source,2.14,-0.61,No
3/12/2025 1:00,CR-002,12-03-2025 01-00-00-CR-002,10.617247,-61.43931,Early Caroni,3.67,0.87,No
3/12/2025 1:00,CR-003,12-03-2025 01-00-00-CR-003,10.616628,-61.420142,Mid Upper Caroni,2.39,0.08,No
3/12/2025 1:00,CR-004,12-03-2025 01-00-00-CR-004,10.609654,-61.395995,Mid Caroni,3.91,1.79,Yes
3/12/2025 1:00,CR-005,12-03-2025 01-00-00-CR-005,10.606111,-61.374422,Mid Lower Caroni,2.06,0.24,No
3/12/2025 1:00,CR-006,12-03-2025 01-00-00-CR-006,10.582769,-61.341406,Lower Caroni,2.45,0.13,No
3/12/2025 1:00,CR-007,12-03-2025 01-00-00-CR-007,10.578663,-61.291224,Caroni Swamp Entrance,1.78,-1.2,No
3/12/2025 1:00,CR-008,12-03-2025 01-00-00-CR-008,10.5799,-61.255061,Caroni River Mouth,2.98,1.37,No
3/12/2025 2:00,CR-001,12-03-2025 02-00-00-CR-001,10.62038,-61.466257,Caroni Source,2.6,0.46,No
3/12/2025 2:00,CR-002,12-03-2025 02-00-00-CR-002,10.617247,-61.43931,Early Caroni,3.84,0.17,Yes
3/12/2025 2:00,CR-003,12-03-2025 02-00-00-CR-003,10.616628,-61.420142,Mid Upper Caroni,3.24,0.85,No
3/12/2025 2:00,CR-004,12-03-2025 02-00-00-CR-004,10.609654,-61.395995,Mid Caroni,3.75,-0.16,No
3/12/2025 2:00,CR-005,12-03-2025 02-00-00-CR-005,10.606111,-61.374422,Mid Lower Caroni,1.75,-0.31,No
3/12/2025 2:00,CR-006,12-03-2025 02-00-00-CR-006,10.582769,-61.341406,Lower Caroni,2.33,-0.12,No
3/12/2025 2:00,CR-007,12-03-2025 02-00-00-CR-007,10.578663,-61.291224,Caroni Swamp Entrance,1.79,0.01,No
3/12/2025 2:00,CR-008,12-03-2025 02-00-00-CR-008,10.5799,-61.255061,Caroni River Mouth,3.41,0.43,No
3/12/2025 3:00,CR-001,12-03-2025 03-00-00-CR-001,10.62038,-61.466257,Caroni Source,1.61,-0.99,No
3/12/2025 3:00,CR-002,12-03-2025 03-00-00-CR-002,10.617247,-61.43931,Early Caroni,2.67,-1.17,No
3/12/2025 3:00,CR-003,12-03-2025 03-00-00-CR-003,10.616628,-61.420142,Mid Upper Caroni,1.7,-1.54,No
3/12/2025 3:00,CR-004,12-03-2025 03-00-00-CR-004,10.609654,-61.395995,Mid Caroni,2.86,-0.89,No
3/12/2025 3:00,CR-005,12-03-2025 03-00-00-CR-005,10.606111,-61.374422,Mid Lower Caroni,3.06,1.31,No
3/12/2025 3:00,CR-006,12-03-2025 03-00-00-CR-006,10.582769,-61.341406,Lower Caroni,2.79,0.46,No
3/12/2025 3:00,CR-007,12-03-2025 03-00-00-CR-007,10.578663,-61.291224,Caroni Swamp Entrance,2.51,0.72,No
3/12/2025 3:00,CR-008,12-03-2025 03-00-00-CR-008,10.5799,-61.255061,Caroni River Mouth,2.88,-0.53,No
3/12/2025 4:00,CR-001,12-03-2025 04-00-00-CR-001,10.62038,-61.466257,Caroni Source,3.66,2.05,No
3/12/2025 4:00,CR-002,12-03-2025 04-00-00-CR-002,10.617247,-61.43931,Early Caroni,2.2,-0.47,No
3/12/2025 4:00,CR-003,12-03-2025 04-00-00-CR-003,10.616628,-61.420142,Mid Upper Caroni,3.08,1.38,No
3/12/2025 4:00,CR-004,12-03-2025 04-00-00-CR-004,10.609654,-61.395995,Mid Caroni,3.73,0.87,No
3/12/2025 4:00,CR-005,12-03-2025 04-00-00-CR-005,10.606111,-61.374422,Mid Lower Caroni,3.14,0.08,No
3/12/2025 4:00,CR-006,12-03-2025 04-00-00-CR-006,10.582769,-61.341406,Lower Caroni,2.36,-0.43,No
3/12/2025 4:00,CR-007,12-03-2025 04-00-00-CR-007,10.578663,-61.291224,Caroni Swamp Entrance,2.22,-0.29,No
3/12/2025 4:00,CR-008,12-03-2025 04-00-00-CR-008,10.5799,-61.255061,Caroni River Mouth,2.62,-0.26,No
3/12/2025 5:00,CR-001,12-03-2025 05-00-00-CR-001,10.62038,-61.466257,Caroni Source,1.56,-2.1,No
3/12/2025 5:00,CR-002,12-03-2025 05-00-00-CR-002,10.617247,-61.43931,Early Caroni,2.08,-0.12,No
3/12/2025 5:00,CR-003,12-03-2025 05-00-00-CR-003,10.616628,-61.420142,Mid Upper Caroni,2.57,-0.51,No
3/12/2025 5:00,CR-004,12-03-2025 05-00-00-CR-004,10.609654,-61.395995,Mid Caroni,3.54,-0.19,No
3/12/2025 5:00,CR-005,12-03-2025 05-00-00-CR-005,10.606111,-61.374422,Mid Lower Caroni,2.6,-0.54,No
3/12/2025 5:00,CR-006,12-03-2025 05-00-00-CR-006,10.582769,-61.341406,Lower Caroni,2.48,0.12,No
3/12/2025 5:00,CR-007,12-03-2025 05-00-00-CR-007,10.578663,-61.291224,Caroni Swamp Entrance,3.23,1.01,No
3/12/2025 5:00,CR-008,12-03-2025 05-00-00-CR-008,10.5799,-61.255061,Caroni River Mouth,2.79,0.17,No
3/12/2025 6:00,CR-001,12-03-2025 06-00-00-CR-001,10.62038,-61.466257,Caroni Source,3.84,2.28,Yes
3/12/2025 6:00,CR-002,12-03-2025 06-00-00-CR-002,10.617247,-61.43931,Early Caroni,2.34,0.26,No
3/12/2025 6:00,CR-003,12-03-2025 06-00-00-CR-003,10.616628,-61.420142,Mid Upper Caroni,2.58,0.01,No
3/12/2025 6:00,CR-004,12-03-2025 06-00-00-CR-004,10.609654,-61.395995,Mid Caroni,3.68,0.14,No
3/12/2025 6:00,CR-005,12-03-2025 06-00-00-CR-005,10.606111,-61.374422,Mid Lower Caroni,2.32,-0.28,No
3/12/2025 6:00,CR-006,12-03-2025 06-00-00-CR-006,10.582769,-61.341406,Lower Caroni,3.96,1.48,Yes
3/12/2025 6:00,CR-007,12-03-2025 06-00-00-CR-007,10.578663,-61.291224,Caroni Swamp Entrance,2.81,-0.42,No
3/12/2025 6:00,CR-008,12-03-2025 06-00-00-CR-008,10.5799,-61.255061,Caroni River Mouth,3.91,1.12,Yes
3/12/2025 7:00,CR-001,12-03-2025 07-00-00-CR-001,10.62038,-61.466257,Caroni Source,2.33,-1.51,No
3/12/2025 7:00,CR-002,12-03-2025 07-00-00-CR-002,10.617247,-61.43931,Early Caroni,2.35,0.01,No
3/12/2025 7:00,CR-003,12-03-2025 07-00-00-CR-003,10.616628,-61.420142,Mid Upper Caroni,2.41,-0.17,No
3/12/2025 7:00,CR-004,12-03-2025 07-00-00-CR-004,10.609654,-61.395995,Mid Caroni,1.95,-1.73,No
3/12/2025 7:00,CR-005,12-03-2025 07-00-00-CR-005,10.606111,-61.374422,Mid Lower Caroni,2.26,-0.06,No
3/12/2025 7:00,CR-006,12-03-2025 07-00-00-CR-006,10.582769,-61.341406,Lower Caroni,2.83,-1.13,No
3/12/2025 7:00,CR-007,12-03-2025 07-00-00-CR-007,10.578663,-61.291224,Caroni Swamp Entrance,1.99,-0.82,No
3/12/2025 7:00,CR-008,12-03-2025 07-00-00-CR-008,10.5799,-61.255061,Caroni River Mouth,1.79,-2.12,No
3/12/2025 8:00,CR-001,12-03-2025 08-00-00-CR-001,10.62038,-61.466257,Caroni Source,2.64,0.31,No
3/12/2025 8:00,CR-002,12-03-2025 08-00-00-CR-002,10.617247,-61.43931,Early Caroni,1.93,-0.42,No
3/12/2025 8:00,CR-003,12-03-2025 08-00-00-CR-003,10.616628,-61.420142,Mid Upper Caroni,2.84,0.43,No
3/12/2025 8:00,CR-004,12-03-2025 08-00-00-CR-004,10.609654,-61.395995,Mid Caroni,2.61,0.66,No
3/12/2025 8:00,CR-005,12-03-2025 08-00-00-CR-005,10.606111,-61.374422,Mid Lower Caroni,2.58,0.32,No
3/12/2025 8:00,CR-006,12-03-2025 08-00-00-CR-006,10.582769,-61.341406,Lower Caroni,3.24,0.41,No
3/12/2025 8:00,CR-007,12-03-2025 08-00-00-CR-007,10.578663,-61.291224,Caroni Swamp Entrance,3.88,1.89,Yes
3/12/2025 8:00,CR-008,12-03-2025 08-00-00-CR-008,10.5799,-61.255061,Caroni River Mouth,3.15,1.36,No
3/12/2025 9:00,CR-001,12-03-2025 09-00-00-CR-001,10.62038,-61.466257,Caroni Source,3.74,1.1,No
3/12/2025 9:00,CR-002,12-03-2025 09-00-00-CR-002,10.617247,-61.43931,Early Caroni,3.35,1.42,No
3/12/2025 9:00,CR-003,12-03-2025 09-00-00-CR-003,10.616628,-61.420142,Mid Upper Caroni,2.77,-0.07,No
3/12/2025 9:00,CR-004,12-03-2025 09-00-00-CR-004,10.609654,-61.395995,Mid Caroni,1.84,-0.77,No
3/12/2025 9:00,CR-005,12-03-2025 09-00-00-CR-005,10.606111,-61.374422,Mid Lower Caroni,2.36,-0.22,No
3/12/2025 9:00,CR-006,12-03-2025 09-00-00-CR-006,10.582769,-61.341406,Lower Caroni,1.8,-1.44,No
3/12/2025 9:00,CR-007,12-03-2025 09-00-00-CR-007,10.578663,-61.291224,Caroni Swamp Entrance,1.57,-2.31,No
3/12/2025 9:00,CR-008,12-03-2025 09-00-00-CR-008,10.5799,-61.255061,Caroni River Mouth,3.07,-0.08,No
3/12/2025 10:00,CR-001,12-03-2025 10-00-00-CR-001,10.62038,-61.466257,Caroni Source,2.57,-1.17,No
3/12/2025 10:00,CR-002,12-03-2025 10-00-00-CR-002,10.617247,-61.43931,Early Caroni,3.33,-0.02,No
3/12/2025 10:00,CR-003,12-03-2025 10-00-00-CR-003,10.616628,-61.420142,Mid Upper Caroni,3.38,0.61,No
3/12/2025 10:00,CR-004,12-03-2025 10-00-00-CR-004,10.609654,-61.395995,Mid Caroni,1.62,-0.22,No
3/12/2025 10:00,CR-005,12-03-2025 10-00-00-CR-005,10.606111,-61.374422,Mid Lower Caroni,3.08,0.72,No
3/12/2025 10:00,CR-006,12-03-2025 10-00-00-CR-006,10.582769,-61.341406,Lower Caroni,1.62,-0.18,No
3/12/2025 10:00,CR-007,12-03-2025 10-00-00-CR-007,10.578663,-61.291224,Caroni Swamp Entrance,1.99,0.42,No
3/12/2025 10:00,CR-008,12-03-2025 10-00-00-CR-008,10.5799,-61.255061,Caroni River Mouth,2.77,-0.3,No
3/12/2025 11:00,CR-001,12-03-2025 11-00-00-CR-001,10.62038,-61.466257,Caroni Source,3.59,1.02,No
3/12/2025 11:00,CR-002,12-03-2025 11-00-00-CR-002,10.617247,-61.43931,Early Caroni,2.72,-0.61,No
3/12/2025 11:00,CR-003,12-03-2025 11-00-00-CR-003,10.616628,-61.420142,Mid Upper Caroni,1.64,-1.74,No
3/12/2025 11:00,CR-004,12-03-2025 11-00-00-CR-004,10.609654,-61.395995,Mid Caroni,1.56,-0.06,No
3/12/2025 11:00,CR-005,12-03-2025 11-00-00-CR-005,10.606111,-61.374422,Mid Lower Caroni,3.58,0.5,No
3/12/2025 11:00,CR-006,12-03-2025 11-00-00-CR-006,10.582769,-61.341406,Lower Caroni,3.51,1.89,No
3/12/2025 11:00,CR-007,12-03-2025 11-00-00-CR-007,10.578663,-61.291224,Caroni Swamp Entrance,3.62,1.63,No
3/12/2025 11:00,CR-008,12-03-2025 11-00-00-CR-008,10.5799,-61.255061,Caroni River Mouth,1.85,-0.92,No
3/12/2025 12:00,CR-001,12-03-2025 12-00-00-CR-001,10.62038,-61.466257,Caroni Source,1.52,-2.07,No
3/12/2025 12:00,CR-002,12-03-2025 12-00-00-CR-002,10.617247,-61.43931,Early Caroni,3.55,0.83,No
3/12/2025 12:00,CR-003,12-03-2025 12-00-00-CR-003,10.616628,-61.420142,Mid Upper Caroni,2.5,0.86,No
3/12/2025 12:00,CR-004,12-03-2025 12-00-00-CR-004,10.609654,-61.395995,Mid Caroni,1.66,0.1,No
3/12/2025 12:00,CR-005,12-03-2025 12-00-00-CR-005,10.606111,-61.374422,Mid Lower Caroni,2.6,-0.98,No
3/12/2025 12:00,CR-006,12-03-2025 12-00-00-CR-006,10.582769,-61.341406,Lower Caroni,2.53,-0.98,No
3/12/2025 12:00,CR-007,12-03-2025 12-00-00-CR-007,10.578663,-61.291224,Caroni Swamp Entrance,3.33,-0.29,No
3/12/2025 12:00,CR-008,12-03-2025 12-00-00-CR-008,10.5799,-61.255061,Caroni River Mouth,3.8,1.95,No
3/12/2025 13:00,CR-001,12-03-2025 13-00-00-CR-001,10.62038,-61.466257,Caroni Source,1.77,0.25,No
3/12/2025 13:00,CR-002,12-03-2025 13-00-00-CR-002,10.617247,-61.43931,Early Caroni,1.61,-1.94,No
3/12/2025 13:00,CR-003,12-03-2025 13-00-00-CR-003,10.616628,-61.420142,Mid Upper Caroni,3.82,1.32,Yes
3/12/2025 13:00,CR-004,12-03-2025 13-00-00-CR-004,10.609654,-61.395995,Mid Caroni,3.42,1.76,No
3/12/2025 13:00,CR-005,12-03-2025 13-00-00-CR-005,10.606111,-61.374422,Mid Lower Caroni,1.98,-0.62,No
3/12/2025 13:00,CR-006,12-03-2025 13-00-00-CR-006,10.582769,-61.341406,Lower Caroni,2.83,0.3,No
3/12/2025 13:00,CR-007,12-03-2025 13-00-00-CR-007,10.578663,-61.291224,Caroni Swamp Entrance,3.85,0.52,Yes
3/12/2025 13:00,CR-008,12-03-2025 13-00-00-CR-008,10.5799,-61.255061,Caroni River Mouth,2.23,-1.57,No
3/12/2025 14:00,CR-001,12-03-2025 14-00-00-CR-001,10.62038,-61.466257,Caroni Source,2.92,1.15,No
3/12/2025 14:00,CR-002,12-03-2025 14-00-00-CR-002,10.617247,-61.43931,Early Caroni,1.54,-0.07,No
3/12/2025 14:00,CR-003,12-03-2025 14-00-00-CR-003,10.616628,-61.420142,Mid Upper Caroni,3.52,-0.3,No
3/12/2025 14:00,CR-004,12-03-2025 14-00-00-CR-004,10.609654,-61.395995,Mid Caroni,1.83,-1.59,No
3/12/2025 14:00,CR-005,12-03-2025 14-00-00-CR-005,10.606111,-61.374422,Mid Lower Caroni,2.84,0.86,No
3/12/2025 14:00,CR-006,12-03-2025 14-00-00-CR-006,10.582769,-61.341406,Lower Caroni,1.89,-0.94,No
3/12/2025 14:00,CR-007,12-03-2025 14-00-00-CR-007,10.578663,-61.291224,Caroni Swamp Entrance,1.8,-2.05,No
3/12/2025 14:00,CR-008,12-03-2025 14-00-00-CR-008,10.5799,-61.255061,Caroni River Mouth,3.45,1.22,No
3/12/2025 15:00,CR-001,12-03-2025 15-00-00-CR-001,10.62038,-61.466257,Caroni Source,3.33,0.41,No
3/12/2025 15:00,CR-002,12-03-2025 15-00-00-CR-002,10.617247,-61.43931,Early Caroni,3.65,2.11,No
3/12/2025 15:00,CR-003,12-03-2025 15-00-00-CR-003,10.616628,-61.420142,Mid Upper Caroni,3.23,-0.29,No
3/12/2025 15:00,CR-004,12-03-2025 15-00-00-CR-004,10.609654,-61.395995,Mid Caroni,1.6,-0.23,No
3/12/2025 15:00,CR-005,12-03-2025 15-00-00-CR-005,10.606111,-61.374422,Mid Lower Caroni,3.88,1.04,Yes
3/12/2025 15:00,CR-006,12-03-2025 15-00-00-CR-006,10.582769,-61.341406,Lower Caroni,2.87,0.98,No
3/12/2025 15:00,CR-007,12-03-2025 15-00-00-CR-007,10.578663,-61.291224,Caroni Swamp Entrance,2.01,0.21,No
3/12/2025 15:00,CR-008,12-03-2025 15-00-00-CR-008,10.5799,-61.255061,Caroni River Mouth,3.04,-0.41,No
3/12/2025 16:00,CR-001,12-03-2025 16-00-00-CR-001,10.62038,-61.466257,Caroni Source,3.12,-0.21,No
3/12/2025 16:00,CR-002,12-03-2025 16-00-00-CR-002,10.617247,-61.43931,Early Caroni,3.89,0.24,Yes
3/12/2025 16:00,CR-003,12-03-2025 16-00-00-CR-003,10.616628,-61.420142,Mid Upper Caroni,2.14,-1.09,No
3/12/2025 16:00,CR-004,12-03-2025 16-00-00-CR-004,10.609654,-61.395995,Mid Caroni,3.87,2.27,Yes
3/12/2025 16:00,CR-005,12-03-2025 16-00-00-CR-005,10.606111,-61.374422,Mid Lower Caroni,3.96,0.08,Yes
3/12/2025 16:00,CR-006,12-03-2025 16-00-00-CR-006,10.582769,-61.341406,Lower Caroni,3.1,0.23,No
3/12/2025 16:00,CR-007,12-03-2025 16-00-00-CR-007,10.578663,-61.291224,Caroni Swamp Entrance,2.8,0.79,No
3/12/2025 16:00,CR-008,12-03-2025 16-00-00-CR-008,10.5799,-61.255061,Caroni River Mouth,3.15,0.11,No
3/12/2025 17:00,CR-001,12-03-2025 17-00-00-CR-001,10.62038,-61.466257,Caroni Source,3.25,0.13,No
3/12/2025 17:00,CR-002,12-03-2025 17-00-00-CR-002,10.617247,-61.43931,Early Caroni,2.45,-1.44,No
3/12/2025 17:00,CR-003,12-03-2025 17-00-00-CR-003,10.616628,-61.420142,Mid Upper Caroni,2.67,0.53,No
3/12/2025 17:00,CR-004,12-03-2025 17-00-00-CR-004,10.609654,-61.395995,Mid Caroni,2.54,-1.33,No
3/12/2025 17:00,CR-005,12-03-2025 17-00-00-CR-005,10.606111,-61.374422,Mid Lower Caroni,2.5,-1.46,No
3/12/2025 17:00,CR-006,12-03-2025 17-00-00-CR-006,10.582769,-61.341406,Lower Caroni,3.28,0.18,No
3/12/2025 17:00,CR-007,12-03-2025 17-00-00-CR-007,10.578663,-61.291224,Caroni Swamp Entrance,2.68,-0.12,No
3/12/2025 17:00,CR-008,12-03-2025 17-00-00-CR-008,10.5799,-61.255061,Caroni River Mouth,3.86,0.71,Yes
3/12/2025 18:00,CR-001,12-03-2025 18-00-00-CR-001,10.62038,-61.466257,Caroni Source,3.83,0.58,Yes
3/12/2025 18:00,CR-002,12-03-2025 18-00-00-CR-002,10.617247,-61.43931,Early Caroni,2.06,-0.39,No
3/12/2025 18:00,CR-003,12-03-2025 18-00-00-CR-003,10.616628,-61.420142,Mid Upper Caroni,3.23,0.56,No
3/12/2025 18:00,CR-004,12-03-2025 18-00-00-CR-004,10.609654,-61.395995,Mid Caroni,2.36,-0.18,No
3/12/2025 18:00,CR-005,12-03-2025 18-00-00-CR-005,10.606111,-61.374422,Mid Lower Caroni,2.97,0.47,No
3/12/2025 18:00,CR-006,12-03-2025 18-00-00-CR-006,10.582769,-61.341406,Lower Caroni,2.18,-1.1,No
3/12/2025 18:00,CR-007,12-03-2025 18-00-00-CR-007,10.578663,-61.291224,Caroni Swamp Entrance,2.89,0.21,No
3/12/2025 18:00,CR-008,12-03-2025 18-00-00-CR-008,10.5799,-61.255061,Caroni River Mouth,2.99,-0.87,No
3/12/2025 19:00,CR-001,12-03-2025 19-00-00-CR-001,10.62038,-61.466257,Caroni Source,1.91,-1.92,No
3/12/2025 19:00,CR-002,12-03-2025 19-00-00-CR-002,10.617247,-61.43931,Early Caroni,3,0.94,No
3/12/2025 19:00,CR-003,12-03-2025 19-00-00-CR-003,10.616628,-61.420142,Mid Upper Caroni,2.14,-1.09,No
3/12/2025 19:00,CR-004,12-03-2025 19-00-00-CR-004,10.609654,-61.395995,Mid Caroni,2.13,-0.23,No
3/12/2025 19:00,CR-005,12-03-2025 19-00-00-CR-005,10.606111,-61.374422,Mid Lower Caroni,1.78,-1.19,No
3/12/2025 19:00,CR-006,12-03-2025 19-00-00-CR-006,10.582769,-61.341406,Lower Caroni,1.86,-0.32,No
3/12/2025 19:00,CR-007,12-03-2025 19-00-00-CR-007,10.578663,-61.291224,Caroni Swamp Entrance,2.12,-0.77,No
3/12/2025 19:00,CR-008,12-03-2025 19-00-00-CR-008,10.5799,-61.255061,Caroni River Mouth,3.75,0.76,No
3/12/2025 20:00,CR-001,12-03-2025 20-00-00-CR-001,10.62038,-61.466257,Caroni Source,2.91,1,No
3/12/2025 20:00,CR-002,12-03-2025 20-00-00-CR-002,10.617247,-61.43931,Early Caroni,2.77,-0.23,No
3/12/2025 20:00,CR-003,12-03-2025 20-00-00-CR-003,10.616628,-61.420142,Mid Upper Caroni,3.59,1.45,No
3/12/2025 20:00,CR-004,12-03-2025 20-00-00-CR-004,10.609654,-61.395995,Mid Caroni,3.64,1.51,No
3/12/2025 20:00,CR-005,12-03-2025 20-00-00-CR-005,10.606111,-61.374422,Mid Lower Caroni,3.35,1.57,No
3/12/2025 20:00,CR-006,12-03-2025 20-00-00-CR-006,10.582769,-61.341406,Lower Caroni,3.5,1.64,No
3/12/2025 20:00,CR-007,12-03-2025 20-00-00-CR-007,10.578663,-61.291224,Caroni Swamp Entrance,3.11,0.99,No
3/12/2025 20:00,CR-008,12-03-2025 20-00-00-CR-008,10.5799,-61.255061,Caroni River Mouth,2.64,-1.11,No
3/12/2025 21:00,CR-001,12-03-2025 21-00-00-CR-001,10.62038,-61.466257,Caroni Source,3.45,0.54,No
3/12/2025 21:00,CR-002,12-03-2025 21-00-00-CR-002,10.617247,-61.43931,Early Caroni,3.63,0.86,No
3/12/2025 21:00,CR-003,12-03-2025 21-00-00-CR-003,10.616628,-61.420142,Mid Upper Caroni,2.8,-0.79,No
3/12/2025 21:00,CR-004,12-03-2025 21-00-00-CR-004,10.609654,-61.395995,Mid Caroni,3,-0.64,No
3/12/2025 21:00,CR-005,12-03-2025 21-00-00-CR-005,10.606111,-61.374422,Mid Lower Caroni,2.66,-0.69,No
3/12/2025 21:00,CR-006,12-03-2025 21-00-00-CR-006,10.582769,-61.341406,Lower Caroni,2.4,-1.1,No
3/12/2025 21:00,CR-007,12-03-2025 21-00-00-CR-007,10.578663,-61.291224,Caroni Swamp Entrance,3.36,0.25,No
3/12/2025 21:00,CR-008,12-03-2025 21-00-00-CR-008,10.5799,-61.255061,Caroni River Mouth,1.81,-0.83,No
3/12/2025 22:00,CR-001,12-03-2025 22-00-00-CR-001,10.62038,-61.466257,Caroni Source,3.11,-0.34,No
3/12/2025 22:00,CR-002,12-03-2025 22-00-00-CR-002,10.617247,-61.43931,Early Caroni,3.43,-0.2,No
3/12/2025 22:00,CR-003,12-03-2025 22-00-00-CR-003,10.616628,-61.420142,Mid Upper Caroni,3.19,0.39,No
3/12/2025 22:00,CR-004,12-03-2025 22-00-00-CR-004,10.609654,-61.395995,Mid Caroni,1.78,-1.22,No
3/12/2025 22:00,CR-005,12-03-2025 22-00-00-CR-005,10.606111,-61.374422,Mid Lower Caroni,2.67,0.01,No
3/12/2025 22:00,CR-006,12-03-2025 22-00-00-CR-006,10.582769,-61.341406,Lower Caroni,3.13,0.73,No
3/12/2025 22:00,CR-007,12-03-2025 22-00-00-CR-007,10.578663,-61.291224,Caroni Swamp Entrance,2,-1.36,No
3/12/2025 22:00,CR-008,12-03-2025 22-00-00-CR-008,10.5799,-61.255061,Caroni River Mouth,2.05,0.24,No
3/12/2025 23:00,CR-001,12-03-2025 23-00-00-CR-001,10.62038,-61.466257,Caroni Source,2.94,-0.17,No
3/12/2025 23:00,CR-002,12-03-2025 23-00-00-CR-002,10.617247,-61.43931,Early Caroni,3.65,0.22,No
3/12/2025 23:00,CR-003,12-03-2025 23-00-00-CR-003,10.616628,-61.420142,Mid Upper Caroni,3.33,0.14,No
3/12/2025 23:00,CR-004,12-03-2025 23-00-00-CR-004,10.609654,-61.395995,Mid Caroni,1.68,-0.1,No
3/12/2025 23:00,CR-005,12-03-2025 23-00-00-CR-005,10.606111,-61.374422,Mid Lower Caroni,3.39,0.72,No
3/12/2025 23:00,CR-006,12-03-2025 23-00-00-CR-006,10.582769,-61.341406,Lower Caroni,3.48,0.35,No
3/12/2025 23:00,CR-007,12-03-2025 23-00-00-CR-007,10.578663,-61.291224,Caroni Swamp Entrance,1.86,-0.14,No
3/12/2025 23:00,CR-008,12-03-2025 23-00-00-CR-008,10.5799,-61.255061,Caroni River Mouth,2.8,0.75,No
3/13/2025 0:00,CR-001,13-03-2025 00-00-00-CR-001,10.62038,-61.466257,Caroni Source,2.9,-0.04,No
3/13/2025 0:00,CR-002,13-03-2025 00-00-00-CR-002,10.617247,-61.43931,Early Caroni,3.65,0,No
3/13/2025 0:00,CR-003,13-03-2025 00-00-00-CR-003,10.616628,-61.420142,Mid Upper Caroni,2.56,-0.77,No
3/13/2025 0:00,CR-004,13-03-2025 00-00-00-CR-004,10.609654,-61.395995,Mid Caroni,2.86,1.18,No
3/13/2025 0:00,CR-005,13-03-2025 00-00-00-CR-005,10.606111,-61.374422,Mid Lower Caroni,3.13,-0.26,No
3/13/2025 0:00,CR-006,13-03-2025 00-00-00-CR-006,10.582769,-61.341406,Lower Caroni,3.47,-0.01,No
3/13/2025 0:00,CR-007,13-03-2025 00-00-00-CR-007,10.578663,-61.291224,Caroni Swamp Entrance,3.52,1.66,No
3/13/2025 0:00,CR-008,13-03-2025 00-00-00-CR-008,10.5799,-61.255061,Caroni River Mouth,2.87,0.07,No
3/13/2025 1:00,CR-001,13-03-2025 01-00-00-CR-001,10.62038,-61.466257,Caroni Source,2.52,-0.38,No
3/13/2025 1:00,CR-002,13-03-2025 01-00-00-CR-002,10.617247,-61.43931,Early Caroni,3.67,0.02,No
3/13/2025 1:00,CR-003,13-03-2025 01-00-00-CR-003,10.616628,-61.420142,Mid Upper Caroni,2.25,-0.31,No
3/13/2025 1:00,CR-004,13-03-2025 01-00-00-CR-004,10.609654,-61.395995,Mid Caroni,3.58,0.72,No
3/13/2025 1:00,CR-005,13-03-2025 01-00-00-CR-005,10.606111,-61.374422,Mid Lower Caroni,2.13,-1,No
3/13/2025 1:00,CR-006,13-03-2025 01-00-00-CR-006,10.582769,-61.341406,Lower Caroni,2.71,-0.76,No
3/13/2025 1:00,CR-007,13-03-2025 01-00-00-CR-007,10.578663,-61.291224,Caroni Swamp Entrance,3.18,-0.34,No
3/13/2025 1:00,CR-008,13-03-2025 01-00-00-CR-008,10.5799,-61.255061,Caroni River Mouth,3.84,0.97,Yes
3/13/2025 2:00,CR-001,13-03-2025 02-00-00-CR-001,10.62038,-61.466257,Caroni Source,3.69,1.17,No
3/13/2025 2:00,CR-002,13-03-2025 02-00-00-CR-002,10.617247,-61.43931,Early Caroni,3.8,0.13,No
3/13/2025 2:00,CR-003,13-03-2025 02-00-00-CR-003,10.616628,-61.420142,Mid Upper Caroni,1.97,-0.28,No
3/13/2025 2:00,CR-004,13-03-2025 02-00-00-CR-004,10.609654,-61.395995,Mid Caroni,2.22,-1.36,No
3/13/2025 2:00,CR-005,13-03-2025 02-00-00-CR-005,10.606111,-61.374422,Mid Lower Caroni,3.62,1.49,No
3/13/2025 2:00,CR-006,13-03-2025 02-00-00-CR-006,10.582769,-61.341406,Lower Caroni,2.66,-0.05,No
3/13/2025 2:00,CR-007,13-03-2025 02-00-00-CR-007,10.578663,-61.291224,Caroni Swamp Entrance,3.55,0.37,No
3/13/2025 2:00,CR-008,13-03-2025 02-00-00-CR-008,10.5799,-61.255061,Caroni River Mouth,3.74,-0.1,No
3/13/2025 3:00,CR-001,13-03-2025 03-00-00-CR-001,10.62038,-61.466257,Caroni Source,1.59,-2.1,No
3/13/2025 3:00,CR-002,13-03-2025 03-00-00-CR-002,10.617247,-61.43931,Early Caroni,3.2,-0.6,No
3/13/2025 3:00,CR-003,13-03-2025 03-00-00-CR-003,10.616628,-61.420142,Mid Upper Caroni,1.5,-0.47,No
3/13/2025 3:00,CR-004,13-03-2025 03-00-00-CR-004,10.609654,-61.395995,Mid Caroni,3.31,1.09,No
3/13/2025 3:00,CR-005,13-03-2025 03-00-00-CR-005,10.606111,-61.374422,Mid Lower Caroni,2.47,-1.15,No
3/13/2025 3:00,CR-006,13-03-2025 03-00-00-CR-006,10.582769,-61.341406,Lower Caroni,3.86,1.2,Yes
3/13/2025 3:00,CR-007,13-03-2025 03-00-00-CR-007,10.578663,-61.291224,Caroni Swamp Entrance,2.47,-1.08,No
3/13/2025 3:00,CR-008,13-03-2025 03-00-00-CR-008,10.5799,-61.255061,Caroni River Mouth,3.17,-0.57,No
3/13/2025 4:00,CR-001,13-03-2025 04-00-00-CR-001,10.62038,-61.466257,Caroni Source,2.89,1.3,No
3/13/2025 4:00,CR-002,13-03-2025 04-00-00-CR-002,10.617247,-61.43931,Early Caroni,2.79,-0.41,No
3/13/2025 4:00,CR-003,13-03-2025 04-00-00-CR-003,10.616628,-61.420142,Mid Upper Caroni,3.23,1.73,No
3/13/2025 4:00,CR-004,13-03-2025 04-00-00-CR-004,10.609654,-61.395995,Mid Caroni,2.26,-1.05,No
3/13/2025 4:00,CR-005,13-03-2025 04-00-00-CR-005,10.606111,-61.374422,Mid Lower Caroni,3.43,0.96,No
3/13/2025 4:00,CR-006,13-03-2025 04-00-00-CR-006,10.582769,-61.341406,Lower Caroni,3.63,-0.23,No
3/13/2025 4:00,CR-007,13-03-2025 04-00-00-CR-007,10.578663,-61.291224,Caroni Swamp Entrance,2.63,0.16,No
3/13/2025 4:00,CR-008,13-03-2025 04-00-00-CR-008,10.5799,-61.255061,Caroni River Mouth,3.82,0.65,Yes
3/13/2025 5:00,CR-001,13-03-2025 05-00-00-CR-001,10.62038,-61.466257,Caroni Source,2.65,-0.24,No
3/13/2025 5:00,CR-002,13-03-2025 05-00-00-CR-002,10.617247,-61.43931,Early Caroni,1.74,-1.05,No
3/13/2025 5:00,CR-003,13-03-2025 05-00-00-CR-003,10.616628,-61.420142,Mid Upper Caroni,3.08,-0.15,No
3/13/2025 5:00,CR-004,13-03-2025 05-00-00-CR-004,10.609654,-61.395995,Mid Caroni,1.88,-0.38,No
3/13/2025 5:00,CR-005,13-03-2025 05-00-00-CR-005,10.606111,-61.374422,Mid Lower Caroni,2.46,-0.97,No
3/13/2025 5:00,CR-006,13-03-2025 05-00-00-CR-006,10.582769,-61.341406,Lower Caroni,1.53,-2.1,No
3/13/2025 5:00,CR-007,13-03-2025 05-00-00-CR-007,10.578663,-61.291224,Caroni Swamp Entrance,2.44,-0.19,No
3/13/2025 5:00,CR-008,13-03-2025 05-00-00-CR-008,10.5799,-61.255061,Caroni River Mouth,1.68,-2.14,No
3/13/2025 6:00,CR-001,13-03-2025 06-00-00-CR-001,10.62038,-61.466257,Caroni Source,3.46,0.81,No
3/13/2025 6:00,CR-002,13-03-2025 06-00-00-CR-002,10.617247,-61.43931,Early Caroni,3.17,1.43,No
3/13/2025 6:00,CR-003,13-03-2025 06-00-00-CR-003,10.616628,-61.420142,Mid Upper Caroni,2,-1.08,No
3/13/2025 6:00,CR-004,13-03-2025 06-00-00-CR-004,10.609654,-61.395995,Mid Caroni,2.77,0.89,No
3/13/2025 6:00,CR-005,13-03-2025 06-00-00-CR-005,10.606111,-61.374422,Mid Lower Caroni,2.18,-0.28,No
3/13/2025 6:00,CR-006,13-03-2025 06-00-00-CR-006,10.582769,-61.341406,Lower Caroni,3.78,2.25,No
3/13/2025 6:00,CR-007,13-03-2025 06-00-00-CR-007,10.578663,-61.291224,Caroni Swamp Entrance,2.22,-0.22,No
3/13/2025 6:00,CR-008,13-03-2025 06-00-00-CR-008,10.5799,-61.255061,Caroni River Mouth,3.33,1.65,No
3/13/2025 7:00,CR-001,13-03-2025 07-00-00-CR-001,10.62038,-61.466257,Caroni Source,2.89,-0.57,No
3/13/2025 7:00,CR-002,13-03-2025 07-00-00-CR-002,10.617247,-61.43931,Early Caroni,2.09,-1.08,No
3/13/2025 7:00,CR-003,13-03-2025 07-00-00-CR-003,10.616628,-61.420142,Mid Upper Caroni,3.23,1.23,No
3/13/2025 7:00,CR-004,13-03-2025 07-00-00-CR-004,10.609654,-61.395995,Mid Caroni,3.86,1.09,Yes
3/13/2025 7:00,CR-005,13-03-2025 07-00-00-CR-005,10.606111,-61.374422,Mid Lower Caroni,2.89,0.71,No
3/13/2025 7:00,CR-006,13-03-2025 07-00-00-CR-006,10.582769,-61.341406,Lower Caroni,3.87,0.09,Yes
3/13/2025 7:00,CR-007,13-03-2025 07-00-00-CR-007,10.578663,-61.291224,Caroni Swamp Entrance,1.8,-0.42,No
3/13/2025 7:00,CR-008,13-03-2025 07-00-00-CR-008,10.5799,-61.255061,Caroni River Mouth,3.19,-0.14,No
3/13/2025 8:00,CR-001,13-03-2025 08-00-00-CR-001,10.62038,-61.466257,Caroni Source,3.23,0.34,No
3/13/2025 8:00,CR-002,13-03-2025 08-00-00-CR-002,10.617247,-61.43931,Early Caroni,1.71,-0.38,No
3/13/2025 8:00,CR-003,13-03-2025 08-00-00-CR-003,10.616628,-61.420142,Mid Upper Caroni,3.18,-0.05,No
3/13/2025 8:00,CR-004,13-03-2025 08-00-00-CR-004,10.609654,-61.395995,Mid Caroni,2.03,-1.83,No
3/13/2025 8:00,CR-005,13-03-2025 08-00-00-CR-005,10.606111,-61.374422,Mid Lower Caroni,2.81,-0.08,No
3/13/2025 8:00,CR-006,13-03-2025 08-00-00-CR-006,10.582769,-61.341406,Lower Caroni,3.3,-0.57,No
3/13/2025 8:00,CR-007,13-03-2025 08-00-00-CR-007,10.578663,-61.291224,Caroni Swamp Entrance,1.51,-0.29,No
3/13/2025 8:00,CR-008,13-03-2025 08-00-00-CR-008,10.5799,-61.255061,Caroni River Mouth,2.28,-0.91,No
3/13/2025 9:00,CR-001,13-03-2025 09-00-00-CR-001,10.62038,-61.466257,Caroni Source,2.87,-0.36,No
3/13/2025 9:00,CR-002,13-03-2025 09-00-00-CR-002,10.617247,-61.43931,Early Caroni,2.3,0.59,No
3/13/2025 9:00,CR-003,13-03-2025 09-00-00-CR-003,10.616628,-61.420142,Mid Upper Caroni,2.08,-1.1,No
3/13/2025 9:00,CR-004,13-03-2025 09-00-00-CR-004,10.609654,-61.395995,Mid Caroni,3.33,1.3,No
3/13/2025 9:00,CR-005,13-03-2025 09-00-00-CR-005,10.606111,-61.374422,Mid Lower Caroni,2.16,-0.65,No
3/13/2025 9:00,CR-006,13-03-2025 09-00-00-CR-006,10.582769,-61.341406,Lower Caroni,3.82,0.52,Yes
3/13/2025 9:00,CR-007,13-03-2025 09-00-00-CR-007,10.578663,-61.291224,Caroni Swamp Entrance,3.53,2.02,No
3/13/2025 9:00,CR-008,13-03-2025 09-00-00-CR-008,10.5799,-61.255061,Caroni River Mouth,2.27,-0.01,No
3/13/2025 10:00,CR-001,13-03-2025 10-00-00-CR-001,10.62038,-61.466257,Caroni Source,2.74,-0.13,No
3/13/2025 10:00,CR-002,13-03-2025 10-00-00-CR-002,10.617247,-61.43931,Early Caroni,3.95,1.65,Yes
3/13/2025 10:00,CR-003,13-03-2025 10-00-00-CR-003,10.616628,-61.420142,Mid Upper Caroni,2.34,0.26,No
3/13/2025 10:00,CR-004,13-03-2025 10-00-00-CR-004,10.609654,-61.395995,Mid Caroni,3.31,-0.02,No
3/13/2025 10:00,CR-005,13-03-2025 10-00-00-CR-005,10.606111,-61.374422,Mid Lower Caroni,3.46,1.3,No
3/13/2025 10:00,CR-006,13-03-2025 10-00-00-CR-006,10.582769,-61.341406,Lower Caroni,2.62,-1.2,No
3/13/2025 10:00,CR-007,13-03-2025 10-00-00-CR-007,10.578663,-61.291224,Caroni Swamp Entrance,1.92,-1.61,No
3/13/2025 10:00,CR-008,13-03-2025 10-00-00-CR-008,10.5799,-61.255061,Caroni River Mouth,2.94,0.67,No
3/13/2025 11:00,CR-001,13-03-2025 11-00-00-CR-001,10.62038,-61.466257,Caroni Source,3.47,0.73,No
3/13/2025 11:00,CR-002,13-03-2025 11-00-00-CR-002,10.617247,-61.43931,Early Caroni,2.88,-1.07,No
3/13/2025 11:00,CR-003,13-03-2025 11-00-00-CR-003,10.616628,-61.420142,Mid Upper Caroni,3,0.66,No
3/13/2025 11:00,CR-004,13-03-2025 11-00-00-CR-004,10.609654,-61.395995,Mid Caroni,2.16,-1.15,No
3/13/2025 11:00,CR-005,13-03-2025 11-00-00-CR-005,10.606111,-61.374422,Mid Lower Caroni,3.84,0.38,Yes
3/13/2025 11:00,CR-006,13-03-2025 11-00-00-CR-006,10.582769,-61.341406,Lower Caroni,2.06,-0.56,No
3/13/2025 11:00,CR-007,13-03-2025 11-00-00-CR-007,10.578663,-61.291224,Caroni Swamp Entrance,1.63,-0.29,No
3/13/2025 11:00,CR-008,13-03-2025 11-00-00-CR-008,10.5799,-61.255061,Caroni River Mouth,3.04,0.1,No
3/13/2025 12:00,CR-001,13-03-2025 12-00-00-CR-001,10.62038,-61.466257,Caroni Source,3.24,-0.23,No
3/13/2025 12:00,CR-002,13-03-2025 12-00-00-CR-002,10.617247,-61.43931,Early Caroni,1.8,-1.08,No
3/13/2025 12:00,CR-003,13-03-2025 12-00-00-CR-003,10.616628,-61.420142,Mid Upper Caroni,2.12,-0.88,No
3/13/2025 12:00,CR-004,13-03-2025 12-00-00-CR-004,10.609654,-61.395995,Mid Caroni,3.92,1.76,Yes
3/13/2025 12:00,CR-005,13-03-2025 12-00-00-CR-005,10.606111,-61.374422,Mid Lower Caroni,2.2,-1.64,No
3/13/2025 12:00,CR-006,13-03-2025 12-00-00-CR-006,10.582769,-61.341406,Lower Caroni,2.16,0.1,No
3/13/2025 12:00,CR-007,13-03-2025 12-00-00-CR-007,10.578663,-61.291224,Caroni Swamp Entrance,3.29,1.66,No
3/13/2025 12:00,CR-008,13-03-2025 12-00-00-CR-008,10.5799,-61.255061,Caroni River Mouth,3.55,0.51,No
3/13/2025 13:00,CR-001,13-03-2025 13-00-00-CR-001,10.62038,-61.466257,Caroni Source,3.52,0.28,No
3/13/2025 13:00,CR-002,13-03-2025 13-00-00-CR-002,10.617247,-61.43931,Early Caroni,3.71,1.91,No
3/13/2025 13:00,CR-003,13-03-2025 13-00-00-CR-003,10.616628,-61.420142,Mid Upper Caroni,2.15,0.03,No
3/13/2025 13:00,CR-004,13-03-2025 13-00-00-CR-004,10.609654,-61.395995,Mid Caroni,3.24,-0.68,No
3/13/2025 13:00,CR-005,13-03-2025 13-00-00-CR-005,10.606111,-61.374422,Mid Lower Caroni,3.33,1.13,No
3/13/2025 13:00,CR-006,13-03-2025 13-00-00-CR-006,10.582769,-61.341406,Lower Caroni,3.87,1.71,Yes
3/13/2025 13:00,CR-007,13-03-2025 13-00-00-CR-007,10.578663,-61.291224,Caroni Swamp Entrance,3.87,0.58,Yes
3/13/2025 13:00,CR-008,13-03-2025 13-00-00-CR-008,10.5799,-61.255061,Caroni River Mouth,2.17,-1.38,No
3/13/2025 14:00,CR-001,13-03-2025 14-00-00-CR-001,10.62038,-61.466257,Caroni Source,3.24,-0.28,No
3/13/2025 14:00,CR-002,13-03-2025 14-00-00-CR-002,10.617247,-61.43931,Early Caroni,2.24,-1.47,No
3/13/2025 14:00,CR-003,13-03-2025 14-00-00-CR-003,10.616628,-61.420142,Mid Upper Caroni,3.56,1.41,No
3/13/2025 14:00,CR-004,13-03-2025 14-00-00-CR-004,10.609654,-61.395995,Mid Caroni,2.9,-0.34,No
3/13/2025 14:00,CR-005,13-03-2025 14-00-00-CR-005,10.606111,-61.374422,Mid Lower Caroni,2.25,-1.08,No
3/13/2025 14:00,CR-006,13-03-2025 14-00-00-CR-006,10.582769,-61.341406,Lower Caroni,2.38,-1.49,No
3/13/2025 14:00,CR-007,13-03-2025 14-00-00-CR-007,10.578663,-61.291224,Caroni Swamp Entrance,3.42,-0.45,No
3/13/2025 14:00,CR-008,13-03-2025 14-00-00-CR-008,10.5799,-61.255061,Caroni River Mouth,1.66,-0.51,No
3/13/2025 15:00,CR-001,13-03-2025 15-00-00-CR-001,10.62038,-61.466257,Caroni Source,3.69,0.45,No
3/13/2025 15:00,CR-002,13-03-2025 15-00-00-CR-002,10.617247,-61.43931,Early Caroni,1.7,-0.54,No
3/13/2025 15:00,CR-003,13-03-2025 15-00-00-CR-003,10.616628,-61.420142,Mid Upper Caroni,2.68,-0.88,No
3/13/2025 15:00,CR-004,13-03-2025 15-00-00-CR-004,10.609654,-61.395995,Mid Caroni,3.26,0.36,No
3/13/2025 15:00,CR-005,13-03-2025 15-00-00-CR-005,10.606111,-61.374422,Mid Lower Caroni,2.08,-0.17,No
3/13/2025 15:00,CR-006,13-03-2025 15-00-00-CR-006,10.582769,-61.341406,Lower Caroni,2.11,-0.27,No
3/13/2025 15:00,CR-007,13-03-2025 15-00-00-CR-007,10.578663,-61.291224,Caroni Swamp Entrance,3.28,-0.14,No
3/13/2025 15:00,CR-008,13-03-2025 15-00-00-CR-008,10.5799,-61.255061,Caroni River Mouth,1.61,-0.05,No
3/13/2025 16:00,CR-001,13-03-2025 16-00-00-CR-001,10.62038,-61.466257,Caroni Source,2.05,-1.64,No
3/13/2025 16:00,CR-002,13-03-2025 16-00-00-CR-002,10.617247,-61.43931,Early Caroni,1.96,0.26,No
3/13/2025 16:00,CR-003,13-03-2025 16-00-00-CR-003,10.616628,-61.420142,Mid Upper Caroni,3.93,1.25,Yes
3/13/2025 16:00,CR-004,13-03-2025 16-00-00-CR-004,10.609654,-61.395995,Mid Caroni,1.55,-1.71,No
3/13/2025 16:00,CR-005,13-03-2025 16-00-00-CR-005,10.606111,-61.374422,Mid Lower Caroni,3.35,1.27,No
3/13/2025 16:00,CR-006,13-03-2025 16-00-00-CR-006,10.582769,-61.341406,Lower Caroni,2.64,0.53,No
3/13/2025 16:00,CR-007,13-03-2025 16-00-00-CR-007,10.578663,-61.291224,Caroni Swamp Entrance,3.01,-0.27,No
3/13/2025 16:00,CR-008,13-03-2025 16-00-00-CR-008,10.5799,-61.255061,Caroni River Mouth,3.54,1.93,No
3/13/2025 17:00,CR-001,13-03-2025 17-00-00-CR-001,10.62038,-61.466257,Caroni Source,3.87,1.82,Yes
3/13/2025 17:00,CR-002,13-03-2025 17-00-00-CR-002,10.617247,-61.43931,Early Caroni,2.62,0.66,No
3/13/2025 17:00,CR-003,13-03-2025 17-00-00-CR-003,10.616628,-61.420142,Mid Upper Caroni,2.63,-1.3,No
3/13/2025 17:00,CR-004,13-03-2025 17-00-00-CR-004,10.609654,-61.395995,Mid Caroni,3.98,2.43,Yes
3/13/2025 17:00,CR-005,13-03-2025 17-00-00-CR-005,10.606111,-61.374422,Mid Lower Caroni,2.73,-0.62,No
3/13/2025 17:00,CR-006,13-03-2025 17-00-00-CR-006,10.582769,-61.341406,Lower Caroni,3.99,1.35,Yes
3/13/2025 17:00,CR-007,13-03-2025 17-00-00-CR-007,10.578663,-61.291224,Caroni Swamp Entrance,3.86,0.85,Yes
3/13/2025 17:00,CR-008,13-03-2025 17-00-00-CR-008,10.5799,-61.255061,Caroni River Mouth,2.83,-0.71,No
3/13/2025 18:00,CR-001,13-03-2025 18-00-00-CR-001,10.62038,-61.466257,Caroni Source,3.19,-0.68,No
3/13/2025 18:00,CR-002,13-03-2025 18-00-00-CR-002,10.617247,-61.43931,Early Caroni,2.62,0,No
3/13/2025 18:00,CR-003,13-03-2025 18-00-00-CR-003,10.616628,-61.420142,Mid Upper Caroni,1.55,-1.08,No
3/13/2025 18:00,CR-004,13-03-2025 18-00-00-CR-004,10.609654,-61.395995,Mid Caroni,1.77,-2.21,No
3/13/2025 18:00,CR-005,13-03-2025 18-00-00-CR-005,10.606111,-61.374422,Mid Lower Caroni,3.93,1.2,Yes
3/13/2025 18:00,CR-006,13-03-2025 18-00-00-CR-006,10.582769,-61.341406,Lower Caroni,1.89,-2.1,No
3/13/2025 18:00,CR-007,13-03-2025 18-00-00-CR-007,10.578663,-61.291224,Caroni Swamp Entrance,2.37,-1.49,No
3/13/2025 18:00,CR-008,13-03-2025 18-00-00-CR-008,10.5799,-61.255061,Caroni River Mouth,1.85,-0.98,No
3/13/2025 19:00,CR-001,13-03-2025 19-00-00-CR-001,10.62038,-61.466257,Caroni Source,3.78,0.59,No
3/13/2025 19:00,CR-002,13-03-2025 19-00-00-CR-002,10.617247,-61.43931,Early Caroni,1.58,-1.04,No
3/13/2025 19:00,CR-003,13-03-2025 19-00-00-CR-003,10.616628,-61.420142,Mid Upper Caroni,2.05,0.5,No
3/13/2025 19:00,CR-004,13-03-2025 19-00-00-CR-004,10.609654,-61.395995,Mid Caroni,1.87,0.1,No
3/13/2025 19:00,CR-005,13-03-2025 19-00-00-CR-005,10.606111,-61.374422,Mid Lower Caroni,3.8,-0.13,No
3/13/2025 19:00,CR-006,13-03-2025 19-00-00-CR-006,10.582769,-61.341406,Lower Caroni,3.06,1.17,No
3/13/2025 19:00,CR-007,13-03-2025 19-00-00-CR-007,10.578663,-61.291224,Caroni Swamp Entrance,3.08,0.71,No
3/13/2025 19:00,CR-008,13-03-2025 19-00-00-CR-008,10.5799,-61.255061,Caroni River Mouth,2.81,0.96,No
3/13/2025 20:00,CR-001,13-03-2025 20-00-00-CR-001,10.62038,-61.466257,Caroni Source,1.7,-2.08,No
3/13/2025 20:00,CR-002,13-03-2025 20-00-00-CR-002,10.617247,-61.43931,Early Caroni,2.41,0.83,No
3/13/2025 20:00,CR-003,13-03-2025 20-00-00-CR-003,10.616628,-61.420142,Mid Upper Caroni,2.33,0.28,No
3/13/2025 20:00,CR-004,13-03-2025 20-00-00-CR-004,10.609654,-61.395995,Mid Caroni,2.91,1.04,No
3/13/2025 20:00,CR-005,13-03-2025 20-00-00-CR-005,10.606111,-61.374422,Mid Lower Caroni,1.72,-2.08,No
3/13/2025 20:00,CR-006,13-03-2025 20-00-00-CR-006,10.582769,-61.341406,Lower Caroni,2.56,-0.5,No
3/13/2025 20:00,CR-007,13-03-2025 20-00-00-CR-007,10.578663,-61.291224,Caroni Swamp Entrance,2.16,-0.92,No
3/13/2025 20:00,CR-008,13-03-2025 20-00-00-CR-008,10.5799,-61.255061,Caroni River Mouth,3.57,0.76,No
3/13/2025 21:00,CR-001,13-03-2025 21-00-00-CR-001,10.62038,-61.466257,Caroni Source,2.78,1.08,No
3/13/2025 21:00,CR-002,13-03-2025 21-00-00-CR-002,10.617247,-61.43931,Early Caroni,2.14,-0.27,No
3/13/2025 21:00,CR-003,13-03-2025 21-00-00-CR-003,10.616628,-61.420142,Mid Upper Caroni,3.85,1.52,Yes
3/13/2025 21:00,CR-004,13-03-2025 21-00-00-CR-004,10.609654,-61.395995,Mid Caroni,3.03,0.12,No
3/13/2025 21:00,CR-005,13-03-2025 21-00-00-CR-005,10.606111,-61.374422,Mid Lower Caroni,2.31,0.59,No
3/13/2025 21:00,CR-006,13-03-2025 21-00-00-CR-006,10.582769,-61.341406,Lower Caroni,1.86,-0.7,No
3/13/2025 21:00,CR-007,13-03-2025 21-00-00-CR-007,10.578663,-61.291224,Caroni Swamp Entrance,2.1,-0.06,No
3/13/2025 21:00,CR-008,13-03-2025 21-00-00-CR-008,10.5799,-61.255061,Caroni River Mouth,1.86,-1.71,No
3/13/2025 22:00,CR-001,13-03-2025 22-00-00-CR-001,10.62038,-61.466257,Caroni Source,3.83,1.05,Yes
3/13/2025 22:00,CR-002,13-03-2025 22-00-00-CR-002,10.617247,-61.43931,Early Caroni,3.8,1.66,No
3/13/2025 22:00,CR-003,13-03-2025 22-00-00-CR-003,10.616628,-61.420142,Mid Upper Caroni,2.66,-1.19,No
3/13/2025 22:00,CR-004,13-03-2025 22-00-00-CR-004,10.609654,-61.395995,Mid Caroni,1.74,-1.29,No
3/13/2025 22:00,CR-005,13-03-2025 22-00-00-CR-005,10.606111,-61.374422,Mid Lower Caroni,2.06,-0.25,No
3/13/2025 22:00,CR-006,13-03-2025 22-00-00-CR-006,10.582769,-61.341406,Lower Caroni,3.63,1.77,No
3/13/2025 22:00,CR-007,13-03-2025 22-00-00-CR-007,10.578663,-61.291224,Caroni Swamp Entrance,2.59,0.49,No
3/13/2025 22:00,CR-008,13-03-2025 22-00-00-CR-008,10.5799,-61.255061,Caroni River Mouth,2.7,0.84,No
3/13/2025 23:00,CR-001,13-03-2025 23-00-00-CR-001,10.62038,-61.466257,Caroni Source,2.7,-1.13,No
3/13/2025 23:00,CR-002,13-03-2025 23-00-00-CR-002,10.617247,-61.43931,Early Caroni,2.42,-1.38,No
3/13/2025 23:00,CR-003,13-03-2025 23-00-00-CR-003,10.616628,-61.420142,Mid Upper Caroni,2.42,-0.24,No
3/13/2025 23:00,CR-004,13-03-2025 23-00-00-CR-004,10.609654,-61.395995,Mid Caroni,2.02,0.28,No
3/13/2025 23:00,CR-005,13-03-2025 23-00-00-CR-005,10.606111,-61.374422,Mid Lower Caroni,1.79,-0.27,No
3/13/2025 23:00,CR-006,13-03-2025 23-00-00-CR-006,10.582769,-61.341406,Lower Caroni,2.38,-1.25,No
3/13/2025 23:00,CR-007,13-03-2025 23-00-00-CR-007,10.578663,-61.291224,Caroni Swamp Entrance,2.36,-0.23,No
3/13/2025 23:00,CR-008,13-03-2025 23-00-00-CR-008,10.5799,-61.255061,Caroni River Mouth,3.48,0.78,No
3/14/2025 0:00,CR-001,14-03-2025 00-00-00-CR-001,10.62038,-61.466257,Caroni Source,2.09,-0.61,No
3/14/2025 0:00,CR-002,14-03-2025 00-00-00-CR-002,10.617247,-61.43931,Early Caroni,2.28,-0.14,No
3/14/2025 0:00,CR-003,14-03-2025 00-00-00-CR-003,10.616628,-61.420142,Mid Upper Caroni,1.98,-0.44,No
3/14/2025 0:00,CR-004,14-03-2025 00-00-00-CR-004,10.609654,-61.395995,Mid Caroni,2.26,0.24,No
3/14/2025 0:00,CR-005,14-03-2025 00-00-00-CR-005,10.606111,-61.374422,Mid Lower Caroni,2.01,0.22,No
3/14/2025 0:00,CR-006,14-03-2025 00-00-00-CR-006,10.582769,-61.341406,Lower Caroni,3.15,0.77,No
3/14/2025 0:00,CR-007,14-03-2025 00-00-00-CR-007,10.578663,-61.291224,Caroni Swamp Entrance,2.95,0.59,No
3/14/2025 0:00,CR-008,14-03-2025 00-00-00-CR-008,10.5799,-61.255061,Caroni River Mouth,3.34,-0.14,No
3/14/2025 1:00,CR-001,14-03-2025 01-00-00-CR-001,10.62038,-61.466257,Caroni Source,3.01,0.92,No
3/14/2025 1:00,CR-002,14-03-2025 01-00-00-CR-002,10.617247,-61.43931,Early Caroni,1.74,-0.54,No
3/14/2025 1:00,CR-003,14-03-2025 01-00-00-CR-003,10.616628,-61.420142,Mid Upper Caroni,3.7,1.72,No
3/14/2025 1:00,CR-004,14-03-2025 01-00-00-CR-004,10.609654,-61.395995,Mid Caroni,3.31,1.05,No
3/14/2025 1:00,CR-005,14-03-2025 01-00-00-CR-005,10.606111,-61.374422,Mid Lower Caroni,3.03,1.02,No
3/14/2025 1:00,CR-006,14-03-2025 01-00-00-CR-006,10.582769,-61.341406,Lower Caroni,3.12,-0.03,No
3/14/2025 1:00,CR-007,14-03-2025 01-00-00-CR-007,10.578663,-61.291224,Caroni Swamp Entrance,3.44,0.49,No
3/14/2025 1:00,CR-008,14-03-2025 01-00-00-CR-008,10.5799,-61.255061,Caroni River Mouth,3.39,0.05,No
3/14/2025 2:00,CR-001,14-03-2025 02-00-00-CR-001,10.62038,-61.466257,Caroni Source,3.85,0.84,Yes
3/14/2025 2:00,CR-002,14-03-2025 02-00-00-CR-002,10.617247,-61.43931,Early Caroni,3.62,1.88,No
3/14/2025 2:00,CR-003,14-03-2025 02-00-00-CR-003,10.616628,-61.420142,Mid Upper Caroni,3.78,0.08,No
3/14/2025 2:00,CR-004,14-03-2025 02-00-00-CR-004,10.609654,-61.395995,Mid Caroni,1.92,-1.39,No
3/14/2025 2:00,CR-005,14-03-2025 02-00-00-CR-005,10.606111,-61.374422,Mid Lower Caroni,2.62,-0.41,No
3/14/2025 2:00,CR-006,14-03-2025 02-00-00-CR-006,10.582769,-61.341406,Lower Caroni,2.85,-0.27,No
3/14/2025 2:00,CR-007,14-03-2025 02-00-00-CR-007,10.578663,-61.291224,Caroni Swamp Entrance,2.56,-0.88,No
3/14/2025 2:00,CR-008,14-03-2025 02-00-00-CR-008,10.5799,-61.255061,Caroni River Mouth,2.03,-1.36,No
3/14/2025 3:00,CR-001,14-03-2025 03-00-00-CR-001,10.62038,-61.466257,Caroni Source,1.74,-2.11,No
3/14/2025 3:00,CR-002,14-03-2025 03-00-00-CR-002,10.617247,-61.43931,Early Caroni,3.5,-0.12,No
3/14/2025 3:00,CR-003,14-03-2025 03-00-00-CR-003,10.616628,-61.420142,Mid Upper Caroni,1.73,-2.05,No
3/14/2025 3:00,CR-004,14-03-2025 03-00-00-CR-004,10.609654,-61.395995,Mid Caroni,3.97,2.05,Yes
3/14/2025 3:00,CR-005,14-03-2025 03-00-00-CR-005,10.606111,-61.374422,Mid Lower Caroni,3.86,1.24,Yes
3/14/2025 3:00,CR-006,14-03-2025 03-00-00-CR-006,10.582769,-61.341406,Lower Caroni,3.46,0.61,No
3/14/2025 3:00,CR-007,14-03-2025 03-00-00-CR-007,10.578663,-61.291224,Caroni Swamp Entrance,3.38,0.82,No
3/14/2025 3:00,CR-008,14-03-2025 03-00-00-CR-008,10.5799,-61.255061,Caroni River Mouth,2.35,0.32,No
3/14/2025 4:00,CR-001,14-03-2025 04-00-00-CR-001,10.62038,-61.466257,Caroni Source,1.59,-0.15,No
3/14/2025 4:00,CR-002,14-03-2025 04-00-00-CR-002,10.617247,-61.43931,Early Caroni,2.45,-1.05,No
3/14/2025 4:00,CR-003,14-03-2025 04-00-00-CR-003,10.616628,-61.420142,Mid Upper Caroni,2.94,1.21,No
3/14/2025 4:00,CR-004,14-03-2025 04-00-00-CR-004,10.609654,-61.395995,Mid Caroni,2.49,-1.48,No
3/14/2025 4:00,CR-005,14-03-2025 04-00-00-CR-005,10.606111,-61.374422,Mid Lower Caroni,1.59,-2.27,No
3/14/2025 4:00,CR-006,14-03-2025 04-00-00-CR-006,10.582769,-61.341406,Lower Caroni,3.62,0.16,No
3/14/2025 4:00,CR-007,14-03-2025 04-00-00-CR-007,10.578663,-61.291224,Caroni Swamp Entrance,2.57,-0.81,No
3/14/2025 4:00,CR-008,14-03-2025 04-00-00-CR-008,10.5799,-61.255061,Caroni River Mouth,2.73,0.38,No
3/14/2025 5:00,CR-001,14-03-2025 05-00-00-CR-001,10.62038,-61.466257,Caroni Source,3.49,1.9,No
3/14/2025 5:00,CR-002,14-03-2025 05-00-00-CR-002,10.617247,-61.43931,Early Caroni,1.92,-0.53,No
3/14/2025 5:00,CR-003,14-03-2025 05-00-00-CR-003,10.616628,-61.420142,Mid Upper Caroni,3.73,0.79,No
3/14/2025 5:00,CR-004,14-03-2025 05-00-00-CR-004,10.609654,-61.395995,Mid Caroni,2.16,-0.33,No
3/14/2025 5:00,CR-005,14-03-2025 05-00-00-CR-005,10.606111,-61.374422,Mid Lower Caroni,2.99,1.4,No
3/14/2025 5:00,CR-006,14-03-2025 05-00-00-CR-006,10.582769,-61.341406,Lower Caroni,3.17,-0.45,No
3/14/2025 5:00,CR-007,14-03-2025 05-00-00-CR-007,10.578663,-61.291224,Caroni Swamp Entrance,3.29,0.72,No
3/14/2025 5:00,CR-008,14-03-2025 05-00-00-CR-008,10.5799,-61.255061,Caroni River Mouth,3.85,1.12,Yes
3/14/2025 6:00,CR-001,14-03-2025 06-00-00-CR-001,10.62038,-61.466257,Caroni Source,3.79,0.3,No
3/14/2025 6:00,CR-002,14-03-2025 06-00-00-CR-002,10.617247,-61.43931,Early Caroni,1.95,0.03,No
3/14/2025 6:00,CR-003,14-03-2025 06-00-00-CR-003,10.616628,-61.420142,Mid Upper Caroni,1.73,-2,No
3/14/2025 6:00,CR-004,14-03-2025 06-00-00-CR-004,10.609654,-61.395995,Mid Caroni,2.31,0.15,No
3/14/2025 6:00,CR-005,14-03-2025 06-00-00-CR-005,10.606111,-61.374422,Mid Lower Caroni,2.26,-0.73,No
3/14/2025 6:00,CR-006,14-03-2025 06-00-00-CR-006,10.582769,-61.341406,Lower Caroni,2.67,-0.5,No
3/14/2025 6:00,CR-007,14-03-2025 06-00-00-CR-007,10.578663,-61.291224,Caroni Swamp Entrance,2.25,-1.04,No
3/14/2025 6:00,CR-008,14-03-2025 06-00-00-CR-008,10.5799,-61.255061,Caroni River Mouth,3.73,-0.12,No
3/14/2025 7:00,CR-001,14-03-2025 07-00-00-CR-001,10.62038,-61.466257,Caroni Source,3.11,-0.68,No
3/14/2025 7:00,CR-002,14-03-2025 07-00-00-CR-002,10.617247,-61.43931,Early Caroni,3.81,1.86,Yes
3/14/2025 7:00,CR-003,14-03-2025 07-00-00-CR-003,10.616628,-61.420142,Mid Upper Caroni,2.55,0.82,No
3/14/2025 7:00,CR-004,14-03-2025 07-00-00-CR-004,10.609654,-61.395995,Mid Caroni,2.71,0.4,No
3/14/2025 7:00,CR-005,14-03-2025 07-00-00-CR-005,10.606111,-61.374422,Mid Lower Caroni,2.44,0.18,No
3/14/2025 7:00,CR-006,14-03-2025 07-00-00-CR-006,10.582769,-61.341406,Lower Caroni,2.29,-0.38,No
3/14/2025 7:00,CR-007,14-03-2025 07-00-00-CR-007,10.578663,-61.291224,Caroni Swamp Entrance,2.93,0.68,No
3/14/2025 7:00,CR-008,14-03-2025 07-00-00-CR-008,10.5799,-61.255061,Caroni River Mouth,3.3,-0.43,No
3/14/2025 8:00,CR-001,14-03-2025 08-00-00-CR-001,10.62038,-61.466257,Caroni Source,2.39,-0.72,No
3/14/2025 8:00,CR-002,14-03-2025 08-00-00-CR-002,10.617247,-61.43931,Early Caroni,3.56,-0.25,No
3/14/2025 8:00,CR-003,14-03-2025 08-00-00-CR-003,10.616628,-61.420142,Mid Upper Caroni,2.05,-0.5,No
3/14/2025 8:00,CR-004,14-03-2025 08-00-00-CR-004,10.609654,-61.395995,Mid Caroni,3.69,0.98,No
3/14/2025 8:00,CR-005,14-03-2025 08-00-00-CR-005,10.606111,-61.374422,Mid Lower Caroni,3.02,0.58,No
3/14/2025 8:00,CR-006,14-03-2025 08-00-00-CR-006,10.582769,-61.341406,Lower Caroni,2.12,-0.17,No
3/14/2025 8:00,CR-007,14-03-2025 08-00-00-CR-007,10.578663,-61.291224,Caroni Swamp Entrance,1.57,-1.36,No
3/14/2025 8:00,CR-008,14-03-2025 08-00-00-CR-008,10.5799,-61.255061,Caroni River Mouth,2.94,-0.36,No
3/14/2025 9:00,CR-001,14-03-2025 09-00-00-CR-001,10.62038,-61.466257,Caroni Source,2.74,0.35,No
3/14/2025 9:00,CR-002,14-03-2025 09-00-00-CR-002,10.617247,-61.43931,Early Caroni,3.94,0.38,Yes
3/14/2025 9:00,CR-003,14-03-2025 09-00-00-CR-003,10.616628,-61.420142,Mid Upper Caroni,2.71,0.66,No
3/14/2025 9:00,CR-004,14-03-2025 09-00-00-CR-004,10.609654,-61.395995,Mid Caroni,3.67,-0.02,No
3/14/2025 9:00,CR-005,14-03-2025 09-00-00-CR-005,10.606111,-61.374422,Mid Lower Caroni,3.21,0.19,No
3/14/2025 9:00,CR-006,14-03-2025 09-00-00-CR-006,10.582769,-61.341406,Lower Caroni,3.43,1.31,No
3/14/2025 9:00,CR-007,14-03-2025 09-00-00-CR-007,10.578663,-61.291224,Caroni Swamp Entrance,3.01,1.44,No
3/14/2025 9:00,CR-008,14-03-2025 09-00-00-CR-008,10.5799,-61.255061,Caroni River Mouth,3.09,0.15,No
3/14/2025 10:00,CR-001,14-03-2025 10-00-00-CR-001,10.62038,-61.466257,Caroni Source,2.55,-0.19,No
3/14/2025 10:00,CR-002,14-03-2025 10-00-00-CR-002,10.617247,-61.43931,Early Caroni,2.08,-1.86,No
3/14/2025 10:00,CR-003,14-03-2025 10-00-00-CR-003,10.616628,-61.420142,Mid Upper Caroni,3.89,1.18,Yes
3/14/2025 10:00,CR-004,14-03-2025 10-00-00-CR-004,10.609654,-61.395995,Mid Caroni,3.78,0.11,No
3/14/2025 10:00,CR-005,14-03-2025 10-00-00-CR-005,10.606111,-61.374422,Mid Lower Caroni,3.82,0.61,Yes
3/14/2025 10:00,CR-006,14-03-2025 10-00-00-CR-006,10.582769,-61.341406,Lower Caroni,2.86,-0.57,No
3/14/2025 10:00,CR-007,14-03-2025 10-00-00-CR-007,10.578663,-61.291224,Caroni Swamp Entrance,3.49,0.48,No
3/14/2025 10:00,CR-008,14-03-2025 10-00-00-CR-008,10.5799,-61.255061,Caroni River Mouth,1.65,-1.44,No
3/14/2025 11:00,CR-001,14-03-2025 11-00-00-CR-001,10.62038,-61.466257,Caroni Source,3.56,1.01,No
3/14/2025 11:00,CR-002,14-03-2025 11-00-00-CR-002,10.617247,-61.43931,Early Caroni,3.42,1.34,No
3/14/2025 11:00,CR-003,14-03-2025 11-00-00-CR-003,10.616628,-61.420142,Mid Upper Caroni,1.53,-2.36,No
3/14/2025 11:00,CR-004,14-03-2025 11-00-00-CR-004,10.609654,-61.395995,Mid Caroni,2.86,-0.92,No
3/14/2025 11:00,CR-005,14-03-2025 11-00-00-CR-005,10.606111,-61.374422,Mid Lower Caroni,3.44,-0.38,No
3/14/2025 11:00,CR-006,14-03-2025 11-00-00-CR-006,10.582769,-61.341406,Lower Caroni,4,1.14,Yes
3/14/2025 11:00,CR-007,14-03-2025 11-00-00-CR-007,10.578663,-61.291224,Caroni Swamp Entrance,3.25,-0.24,No
3/14/2025 11:00,CR-008,14-03-2025 11-00-00-CR-008,10.5799,-61.255061,Caroni River Mouth,2.09,0.44,No
3/14/2025 12:00,CR-001,14-03-2025 12-00-00-CR-001,10.62038,-61.466257,Caroni Source,1.77,-1.79,No
3/14/2025 12:00,CR-002,14-03-2025 12-00-00-CR-002,10.617247,-61.43931,Early Caroni,1.99,-1.43,No
3/14/2025 12:00,CR-003,14-03-2025 12-00-00-CR-003,10.616628,-61.420142,Mid Upper Caroni,2.76,1.23,No
3/14/2025 12:00,CR-004,14-03-2025 12-00-00-CR-004,10.609654,-61.395995,Mid Caroni,1.61,-1.25,No
3/14/2025 12:00,CR-005,14-03-2025 12-00-00-CR-005,10.606111,-61.374422,Mid Lower Caroni,3.85,0.41,Yes
3/14/2025 12:00,CR-006,14-03-2025 12-00-00-CR-006,10.582769,-61.341406,Lower Caroni,1.8,-2.2,No
3/14/2025 12:00,CR-007,14-03-2025 12-00-00-CR-007,10.578663,-61.291224,Caroni Swamp Entrance,2.18,-1.07,No
3/14/2025 12:00,CR-008,14-03-2025 12-00-00-CR-008,10.5799,-61.255061,Caroni River Mouth,3.17,1.08,No
3/14/2025 13:00,CR-001,14-03-2025 13-00-00-CR-001,10.62038,-61.466257,Caroni Source,1.87,0.1,No
3/14/2025 13:00,CR-002,14-03-2025 13-00-00-CR-002,10.617247,-61.43931,Early Caroni,2.82,0.83,No
3/14/2025 13:00,CR-003,14-03-2025 13-00-00-CR-003,10.616628,-61.420142,Mid Upper Caroni,2.24,-0.52,No
3/14/2025 13:00,CR-004,14-03-2025 13-00-00-CR-004,10.609654,-61.395995,Mid Caroni,2.14,0.53,No
3/14/2025 13:00,CR-005,14-03-2025 13-00-00-CR-005,10.606111,-61.374422,Mid Lower Caroni,2.49,-1.36,No
3/14/2025 13:00,CR-006,14-03-2025 13-00-00-CR-006,10.582769,-61.341406,Lower Caroni,3.25,1.45,No
3/14/2025 13:00,CR-007,14-03-2025 13-00-00-CR-007,10.578663,-61.291224,Caroni Swamp Entrance,3.36,1.18,No
3/14/2025 13:00,CR-008,14-03-2025 13-00-00-CR-008,10.5799,-61.255061,Caroni River Mouth,2.13,-1.04,No
3/14/2025 14:00,CR-001,14-03-2025 14-00-00-CR-001,10.62038,-61.466257,Caroni Source,3.68,1.81,No
3/14/2025 14:00,CR-002,14-03-2025 14-00-00-CR-002,10.617247,-61.43931,Early Caroni,3.39,0.57,No
3/14/2025 14:00,CR-003,14-03-2025 14-00-00-CR-003,10.616628,-61.420142,Mid Upper Caroni,3.66,1.42,No
3/14/2025 14:00,CR-004,14-03-2025 14-00-00-CR-004,10.609654,-61.395995,Mid Caroni,2.72,0.58,No
3/14/2025 14:00,CR-005,14-03-2025 14-00-00-CR-005,10.606111,-61.374422,Mid Lower Caroni,2.47,-0.02,No
3/14/2025 14:00,CR-006,14-03-2025 14-00-00-CR-006,10.582769,-61.341406,Lower Caroni,2.36,-0.89,No
3/14/2025 14:00,CR-007,14-03-2025 14-00-00-CR-007,10.578663,-61.291224,Caroni Swamp Entrance,1.87,-1.49,No
3/14/2025 14:00,CR-008,14-03-2025 14-00-00-CR-008,10.5799,-61.255061,Caroni River Mouth,3.96,1.83,Yes
3/14/2025 15:00,CR-001,14-03-2025 15-00-00-CR-001,10.62038,-61.466257,Caroni Source,2.7,-0.98,No
3/14/2025 15:00,CR-002,14-03-2025 15-00-00-CR-002,10.617247,-61.43931,Early Caroni,2.37,-1.02,No
3/14/2025 15:00,CR-003,14-03-2025 15-00-00-CR-003,10.616628,-61.420142,Mid Upper Caroni,3.92,0.26,Yes
3/14/2025 15:00,CR-004,14-03-2025 15-00-00-CR-004,10.609654,-61.395995,Mid Caroni,1.54,-1.18,No
3/14/2025 15:00,CR-005,14-03-2025 15-00-00-CR-005,10.606111,-61.374422,Mid Lower Caroni,1.92,-0.55,No
3/14/2025 15:00,CR-006,14-03-2025 15-00-00-CR-006,10.582769,-61.341406,Lower Caroni,2.67,0.31,No
3/14/2025 15:00,CR-007,14-03-2025 15-00-00-CR-007,10.578663,-61.291224,Caroni Swamp Entrance,3.86,1.99,Yes
3/14/2025 15:00,CR-008,14-03-2025 15-00-00-CR-008,10.5799,-61.255061,Caroni River Mouth,3.55,-0.41,No
3/14/2025 16:00,CR-001,14-03-2025 16-00-00-CR-001,10.62038,-61.466257,Caroni Source,3.49,0.79,No
3/14/2025 16:00,CR-002,14-03-2025 16-00-00-CR-002,10.617247,-61.43931,Early Caroni,2.49,0.12,No
3/14/2025 16:00,CR-003,14-03-2025 16-00-00-CR-003,10.616628,-61.420142,Mid Upper Caroni,3.64,-0.28,No
3/14/2025 16:00,CR-004,14-03-2025 16-00-00-CR-004,10.609654,-61.395995,Mid Caroni,2.36,0.82,No
3/14/2025 16:00,CR-005,14-03-2025 16-00-00-CR-005,10.606111,-61.374422,Mid Lower Caroni,2.62,0.7,No
3/14/2025 16:00,CR-006,14-03-2025 16-00-00-CR-006,10.582769,-61.341406,Lower Caroni,1.88,-0.79,No
3/14/2025 16:00,CR-007,14-03-2025 16-00-00-CR-007,10.578663,-61.291224,Caroni Swamp Entrance,1.75,-2.11,No
3/14/2025 16:00,CR-008,14-03-2025 16-00-00-CR-008,10.5799,-61.255061,Caroni River Mouth,3.86,0.31,Yes
3/14/2025 17:00,CR-001,14-03-2025 17-00-00-CR-001,10.62038,-61.466257,Caroni Source,3.21,-0.28,No
3/14/2025 17:00,CR-002,14-03-2025 17-00-00-CR-002,10.617247,-61.43931,Early Caroni,1.71,-0.78,No
3/14/2025 17:00,CR-003,14-03-2025 17-00-00-CR-003,10.616628,-61.420142,Mid Upper Caroni,3.12,-0.52,No
3/14/2025 17:00,CR-004,14-03-2025 17-00-00-CR-004,10.609654,-61.395995,Mid Caroni,1.67,-0.69,No
3/14/2025 17:00,CR-005,14-03-2025 17-00-00-CR-005,10.606111,-61.374422,Mid Lower Caroni,3.14,0.52,No
3/14/2025 17:00,CR-006,14-03-2025 17-00-00-CR-006,10.582769,-61.341406,Lower Caroni,3.74,1.86,No
3/14/2025 17:00,CR-007,14-03-2025 17-00-00-CR-007,10.578663,-61.291224,Caroni Swamp Entrance,2.28,0.53,No
3/14/2025 17:00,CR-008,14-03-2025 17-00-00-CR-008,10.5799,-61.255061,Caroni River Mouth,1.75,-2.11,No
3/14/2025 18:00,CR-001,14-03-2025 18-00-00-CR-001,10.62038,-61.466257,Caroni Source,3.98,0.77,Yes
3/14/2025 18:00,CR-002,14-03-2025 18-00-00-CR-002,10.617247,-61.43931,Early Caroni,2,0.29,No
3/14/2025 18:00,CR-003,14-03-2025 18-00-00-CR-003,10.616628,-61.420142,Mid Upper Caroni,2.41,-0.71,No
3/14/2025 18:00,CR-004,14-03-2025 18-00-00-CR-004,10.609654,-61.395995,Mid Caroni,2.75,1.08,No
3/14/2025 18:00,CR-005,14-03-2025 18-00-00-CR-005,10.606111,-61.374422,Mid Lower Caroni,3.12,-0.02,No
3/14/2025 18:00,CR-006,14-03-2025 18-00-00-CR-006,10.582769,-61.341406,Lower Caroni,3.18,-0.56,No
3/14/2025 18:00,CR-007,14-03-2025 18-00-00-CR-007,10.578663,-61.291224,Caroni Swamp Entrance,2.87,0.59,No
3/14/2025 18:00,CR-008,14-03-2025 18-00-00-CR-008,10.5799,-61.255061,Caroni River Mouth,2.54,0.79,No
3/14/2025 19:00,CR-001,14-03-2025 19-00-00-CR-001,10.62038,-61.466257,Caroni Source,3.48,-0.5,No
3/14/2025 19:00,CR-002,14-03-2025 19-00-00-CR-002,10.617247,-61.43931,Early Caroni,3.84,1.84,Yes
3/14/2025 19:00,CR-003,14-03-2025 19-00-00-CR-003,10.616628,-61.420142,Mid Upper Caroni,2.06,-0.35,No
3/14/2025 19:00,CR-004,14-03-2025 19-00-00-CR-004,10.609654,-61.395995,Mid Caroni,1.85,-0.9,No
3/14/2025 19:00,CR-005,14-03-2025 19-00-00-CR-005,10.606111,-61.374422,Mid Lower Caroni,1.61,-1.51,No
3/14/2025 19:00,CR-006,14-03-2025 19-00-00-CR-006,10.582769,-61.341406,Lower Caroni,2.6,-0.58,No
3/14/2025 19:00,CR-007,14-03-2025 19-00-00-CR-007,10.578663,-61.291224,Caroni Swamp Entrance,1.75,-1.12,No
3/14/2025 19:00,CR-008,14-03-2025 19-00-00-CR-008,10.5799,-61.255061,Caroni River Mouth,1.99,-0.55,No
3/14/2025 20:00,CR-001,14-03-2025 20-00-00-CR-001,10.62038,-61.466257,Caroni Source,3.95,0.47,Yes
3/14/2025 20:00,CR-002,14-03-2025 20-00-00-CR-002,10.617247,-61.43931,Early Caroni,3.96,0.12,Yes
3/14/2025 20:00,CR-003,14-03-2025 20-00-00-CR-003,10.616628,-61.420142,Mid Upper Caroni,3.04,0.98,No
3/14/2025 20:00,CR-004,14-03-2025 20-00-00-CR-004,10.609654,-61.395995,Mid Caroni,2.07,0.22,No
3/14/2025 20:00,CR-005,14-03-2025 20-00-00-CR-005,10.606111,-61.374422,Mid Lower Caroni,2.22,0.61,No
3/14/2025 20:00,CR-006,14-03-2025 20-00-00-CR-006,10.582769,-61.341406,Lower Caroni,1.73,-0.87,No
3/14/2025 20:00,CR-007,14-03-2025 20-00-00-CR-007,10.578663,-61.291224,Caroni Swamp Entrance,3.98,2.23,Yes
3/14/2025 20:00,CR-008,14-03-2025 20-00-00-CR-008,10.5799,-61.255061,Caroni River Mouth,3.66,1.67,No
3/14/2025 21:00,CR-001,14-03-2025 21-00-00-CR-001,10.62038,-61.466257,Caroni Source,2.73,-1.22,No
3/14/2025 21:00,CR-002,14-03-2025 21-00-00-CR-002,10.617247,-61.43931,Early Caroni,3.06,-0.9,No
3/14/2025 21:00,CR-003,14-03-2025 21-00-00-CR-003,10.616628,-61.420142,Mid Upper Caroni,3.26,0.22,No
3/14/2025 21:00,CR-004,14-03-2025 21-00-00-CR-004,10.609654,-61.395995,Mid Caroni,2.75,0.68,No
3/14/2025 21:00,CR-005,14-03-2025 21-00-00-CR-005,10.606111,-61.374422,Mid Lower Caroni,2.18,-0.04,No
3/14/2025 21:00,CR-006,14-03-2025 21-00-00-CR-006,10.582769,-61.341406,Lower Caroni,3.93,2.2,Yes
3/14/2025 21:00,CR-007,14-03-2025 21-00-00-CR-007,10.578663,-61.291224,Caroni Swamp Entrance,3.17,-0.81,No
3/14/2025 21:00,CR-008,14-03-2025 21-00-00-CR-008,10.5799,-61.255061,Caroni River Mouth,3.37,-0.29,No
3/14/2025 22:00,CR-001,14-03-2025 22-00-00-CR-001,10.62038,-61.466257,Caroni Source,1.99,-0.74,No
3/14/2025 22:00,CR-002,14-03-2025 22-00-00-CR-002,10.617247,-61.43931,Early Caroni,3.65,0.59,No
3/14/2025 22:00,CR-003,14-03-2025 22-00-00-CR-003,10.616628,-61.420142,Mid Upper Caroni,2.05,-1.21,No
3/14/2025 22:00,CR-004,14-03-2025 22-00-00-CR-004,10.609654,-61.395995,Mid Caroni,1.62,-1.13,No
3/14/2025 22:00,CR-005,14-03-2025 22-00-00-CR-005,10.606111,-61.374422,Mid Lower Caroni,2.7,0.52,No
3/14/2025 22:00,CR-006,14-03-2025 22-00-00-CR-006,10.582769,-61.341406,Lower Caroni,2.12,-1.81,No
3/14/2025 22:00,CR-007,14-03-2025 22-00-00-CR-007,10.578663,-61.291224,Caroni Swamp Entrance,2.15,-1.02,No
3/14/2025 22:00,CR-008,14-03-2025 22-00-00-CR-008,10.5799,-61.255061,Caroni River Mouth,3.17,-0.2,No
3/14/2025 23:00,CR-001,14-03-2025 23-00-00-CR-001,10.62038,-61.466257,Caroni Source,1.81,-0.18,No
3/14/2025 23:00,CR-002,14-03-2025 23-00-00-CR-002,10.617247,-61.43931,Early Caroni,3.55,-0.1,No
3/14/2025 23:00,CR-003,14-03-2025 23-00-00-CR-003,10.616628,-61.420142,Mid Upper Caroni,2.53,0.48,No
3/14/2025 23:00,CR-004,14-03-2025 23-00-00-CR-004,10.609654,-61.395995,Mid Caroni,1.59,-0.03,No
3/14/2025 23:00,CR-005,14-03-2025 23-00-00-CR-005,10.606111,-61.374422,Mid Lower Caroni,3.03,0.33,No
3/14/2025 23:00,CR-006,14-03-2025 23-00-00-CR-006,10.582769,-61.341406,Lower Caroni,3.92,1.8,Yes
3/14/2025 23:00,CR-007,14-03-2025 23-00-00-CR-007,10.578663,-61.291224,Caroni Swamp Entrance,3.31,1.16,No
3/14/2025 23:00,CR-008,14-03-2025 23-00-00-CR-008,10.5799,-61.255061,Caroni River Mouth,2.45,-0.72,No
3/15/2025 0:00,CR-001,15-03-2025 00-00-00-CR-001,10.62038,-61.466257,Caroni Source,3.52,1.71,No
3/15/2025 0:00,CR-002,15-03-2025 00-00-00-CR-002,10.617247,-61.43931,Early Caroni,1.96,-1.59,No
3/15/2025 0:00,CR-003,15-03-2025 00-00-00-CR-003,10.616628,-61.420142,Mid Upper Caroni,2.05,-0.48,No
3/15/2025 0:00,CR-004,15-03-2025 00-00-00-CR-004,10.609654,-61.395995,Mid Caroni,2.89,1.3,No
3/15/2025 0:00,CR-005,15-03-2025 00-00-00-CR-005,10.606111,-61.374422,Mid Lower Caroni,3.38,0.35,No
3/15/2025 0:00,CR-006,15-03-2025 00-00-00-CR-006,10.582769,-61.341406,Lower Caroni,2.98,-0.94,No
3/15/2025 0:00,CR-007,15-03-2025 00-00-00-CR-007,10.578663,-61.291224,Caroni Swamp Entrance,2.85,-0.46,No
3/15/2025 0:00,CR-008,15-03-2025 00-00-00-CR-008,10.5799,-61.255061,Caroni River Mouth,2.08,-0.37,No
3/15/2025 1:00,CR-001,15-03-2025 01-00-00-CR-001,10.62038,-61.466257,Caroni Source,3.94,0.42,Yes
3/15/2025 1:00,CR-002,15-03-2025 01-00-00-CR-002,10.617247,-61.43931,Early Caroni,2.37,0.41,No
3/15/2025 1:00,CR-003,15-03-2025 01-00-00-CR-003,10.616628,-61.420142,Mid Upper Caroni,3.79,1.74,No
3/15/2025 1:00,CR-004,15-03-2025 01-00-00-CR-004,10.609654,-61.395995,Mid Caroni,2.49,-0.4,No
3/15/2025 1:00,CR-005,15-03-2025 01-00-00-CR-005,10.606111,-61.374422,Mid Lower Caroni,3.38,0,No
3/15/2025 1:00,CR-006,15-03-2025 01-00-00-CR-006,10.582769,-61.341406,Lower Caroni,3.39,0.41,No
3/15/2025 1:00,CR-007,15-03-2025 01-00-00-CR-007,10.578663,-61.291224,Caroni Swamp Entrance,2.62,-0.23,No
3/15/2025 1:00,CR-008,15-03-2025 01-00-00-CR-008,10.5799,-61.255061,Caroni River Mouth,3.7,1.62,No
3/15/2025 2:00,CR-001,15-03-2025 02-00-00-CR-001,10.62038,-61.466257,Caroni Source,1.51,-2.43,No
3/15/2025 2:00,CR-002,15-03-2025 02-00-00-CR-002,10.617247,-61.43931,Early Caroni,1.81,-0.56,No
3/15/2025 2:00,CR-003,15-03-2025 02-00-00-CR-003,10.616628,-61.420142,Mid Upper Caroni,1.83,-1.96,No
3/15/2025 2:00,CR-004,15-03-2025 02-00-00-CR-004,10.609654,-61.395995,Mid Caroni,3.1,0.61,No
3/15/2025 2:00,CR-005,15-03-2025 02-00-00-CR-005,10.606111,-61.374422,Mid Lower Caroni,2.42,-0.96,No
3/15/2025 2:00,CR-006,15-03-2025 02-00-00-CR-006,10.582769,-61.341406,Lower Caroni,3.89,0.5,Yes
3/15/2025 2:00,CR-007,15-03-2025 02-00-00-CR-007,10.578663,-61.291224,Caroni Swamp Entrance,3,0.38,No
3/15/2025 2:00,CR-008,15-03-2025 02-00-00-CR-008,10.5799,-61.255061,Caroni River Mouth,3.45,-0.25,No
3/15/2025 3:00,CR-001,15-03-2025 03-00-00-CR-001,10.62038,-61.466257,Caroni Source,1.55,0.04,No
3/15/2025 3:00,CR-002,15-03-2025 03-00-00-CR-002,10.617247,-61.43931,Early Caroni,3.43,1.62,No
3/15/2025 3:00,CR-003,15-03-2025 03-00-00-CR-003,10.616628,-61.420142,Mid Upper Caroni,2.74,0.91,No
3/15/2025 3:00,CR-004,15-03-2025 03-00-00-CR-004,10.609654,-61.395995,Mid Caroni,3.08,-0.02,No
3/15/2025 3:00,CR-005,15-03-2025 03-00-00-CR-005,10.606111,-61.374422,Mid Lower Caroni,2.6,0.18,No
3/15/2025 3:00,CR-006,15-03-2025 03-00-00-CR-006,10.582769,-61.341406,Lower Caroni,2.01,-1.88,No
3/15/2025 3:00,CR-007,15-03-2025 03-00-00-CR-007,10.578663,-61.291224,Caroni Swamp Entrance,3,0,No
3/15/2025 3:00,CR-008,15-03-2025 03-00-00-CR-008,10.5799,-61.255061,Caroni River Mouth,2.7,-0.75,No
3/15/2025 4:00,CR-001,15-03-2025 04-00-00-CR-001,10.62038,-61.466257,Caroni Source,3.09,1.54,No
3/15/2025 4:00,CR-002,15-03-2025 04-00-00-CR-002,10.617247,-61.43931,Early Caroni,2.32,-1.11,No
3/15/2025 4:00,CR-003,15-03-2025 04-00-00-CR-003,10.616628,-61.420142,Mid Upper Caroni,3.57,0.83,No
3/15/2025 4:00,CR-004,15-03-2025 04-00-00-CR-004,10.609654,-61.395995,Mid Caroni,3.97,0.89,Yes
3/15/2025 4:00,CR-005,15-03-2025 04-00-00-CR-005,10.606111,-61.374422,Mid Lower Caroni,1.59,-1.01,No
3/15/2025 4:00,CR-006,15-03-2025 04-00-00-CR-006,10.582769,-61.341406,Lower Caroni,3.72,1.71,No
3/15/2025 4:00,CR-007,15-03-2025 04-00-00-CR-007,10.578663,-61.291224,Caroni Swamp Entrance,3.92,0.92,Yes
3/15/2025 4:00,CR-008,15-03-2025 04-00-00-CR-008,10.5799,-61.255061,Caroni River Mouth,3.99,1.29,Yes
3/15/2025 5:00,CR-001,15-03-2025 05-00-00-CR-001,10.62038,-61.466257,Caroni Source,3.29,0.2,No
3/15/2025 5:00,CR-002,15-03-2025 05-00-00-CR-002,10.617247,-61.43931,Early Caroni,2.73,0.41,No
3/15/2025 5:00,CR-003,15-03-2025 05-00-00-CR-003,10.616628,-61.420142,Mid Upper Caroni,2.95,-0.62,No
3/15/2025 5:00,CR-004,15-03-2025 05-00-00-CR-004,10.609654,-61.395995,Mid Caroni,3.09,-0.88,No
3/15/2025 5:00,CR-005,15-03-2025 05-00-00-CR-005,10.606111,-61.374422,Mid Lower Caroni,2.44,0.85,No
3/15/2025 5:00,CR-006,15-03-2025 05-00-00-CR-006,10.582769,-61.341406,Lower Caroni,1.64,-2.08,No
3/15/2025 5:00,CR-007,15-03-2025 05-00-00-CR-007,10.578663,-61.291224,Caroni Swamp Entrance,2.19,-1.73,No
3/15/2025 5:00,CR-008,15-03-2025 05-00-00-CR-008,10.5799,-61.255061,Caroni River Mouth,3.08,-0.91,No
3/15/2025 6:00,CR-001,15-03-2025 06-00-00-CR-001,10.62038,-61.466257,Caroni Source,2.71,-0.58,No
3/15/2025 6:00,CR-002,15-03-2025 06-00-00-CR-002,10.617247,-61.43931,Early Caroni,1.5,-1.23,No
3/15/2025 6:00,CR-003,15-03-2025 06-00-00-CR-003,10.616628,-61.420142,Mid Upper Caroni,2,-0.95,No
3/15/2025 6:00,CR-004,15-03-2025 06-00-00-CR-004,10.609654,-61.395995,Mid Caroni,1.75,-1.34,No
3/15/2025 6:00,CR-005,15-03-2025 06-00-00-CR-005,10.606111,-61.374422,Mid Lower Caroni,2.35,-0.09,No
3/15/2025 6:00,CR-006,15-03-2025 06-00-00-CR-006,10.582769,-61.341406,Lower Caroni,3.12,1.48,No
3/15/2025 6:00,CR-007,15-03-2025 06-00-00-CR-007,10.578663,-61.291224,Caroni Swamp Entrance,2.5,0.31,No
3/15/2025 6:00,CR-008,15-03-2025 06-00-00-CR-008,10.5799,-61.255061,Caroni River Mouth,2.46,-0.62,No
3/15/2025 7:00,CR-001,15-03-2025 07-00-00-CR-001,10.62038,-61.466257,Caroni Source,3.82,1.11,Yes
3/15/2025 7:00,CR-002,15-03-2025 07-00-00-CR-002,10.617247,-61.43931,Early Caroni,2.44,0.94,No
3/15/2025 7:00,CR-003,15-03-2025 07-00-00-CR-003,10.616628,-61.420142,Mid Upper Caroni,3.03,1.03,No
3/15/2025 7:00,CR-004,15-03-2025 07-00-00-CR-004,10.609654,-61.395995,Mid Caroni,1.53,-0.22,No
3/15/2025 7:00,CR-005,15-03-2025 07-00-00-CR-005,10.606111,-61.374422,Mid Lower Caroni,1.88,-0.47,No
3/15/2025 7:00,CR-006,15-03-2025 07-00-00-CR-006,10.582769,-61.341406,Lower Caroni,2.96,-0.16,No
3/15/2025 7:00,CR-007,15-03-2025 07-00-00-CR-007,10.578663,-61.291224,Caroni Swamp Entrance,1.66,-0.84,No
3/15/2025 7:00,CR-008,15-03-2025 07-00-00-CR-008,10.5799,-61.255061,Caroni River Mouth,3.63,1.17,No
3/15/2025 8:00,CR-001,15-03-2025 08-00-00-CR-001,10.62038,-61.466257,Caroni Source,2.44,-1.38,No
3/15/2025 8:00,CR-002,15-03-2025 08-00-00-CR-002,10.617247,-61.43931,Early Caroni,1.53,-0.91,No
3/15/2025 8:00,CR-003,15-03-2025 08-00-00-CR-003,10.616628,-61.420142,Mid Upper Caroni,1.96,-1.07,No
3/15/2025 8:00,CR-004,15-03-2025 08-00-00-CR-004,10.609654,-61.395995,Mid Caroni,1.56,0.03,No
3/15/2025 8:00,CR-005,15-03-2025 08-00-00-CR-005,10.606111,-61.374422,Mid Lower Caroni,3.78,1.9,No
3/15/2025 8:00,CR-006,15-03-2025 08-00-00-CR-006,10.582769,-61.341406,Lower Caroni,3.79,0.83,No
3/15/2025 8:00,CR-007,15-03-2025 08-00-00-CR-007,10.578663,-61.291224,Caroni Swamp Entrance,2.25,0.59,No
3/15/2025 8:00,CR-008,15-03-2025 08-00-00-CR-008,10.5799,-61.255061,Caroni River Mouth,1.61,-2.02,No
3/15/2025 9:00,CR-001,15-03-2025 09-00-00-CR-001,10.62038,-61.466257,Caroni Source,2.84,0.4,No
3/15/2025 9:00,CR-002,15-03-2025 09-00-00-CR-002,10.617247,-61.43931,Early Caroni,3.14,1.61,No
3/15/2025 9:00,CR-003,15-03-2025 09-00-00-CR-003,10.616628,-61.420142,Mid Upper Caroni,2.88,0.92,No
3/15/2025 9:00,CR-004,15-03-2025 09-00-00-CR-004,10.609654,-61.395995,Mid Caroni,3.72,2.16,No
3/15/2025 9:00,CR-005,15-03-2025 09-00-00-CR-005,10.606111,-61.374422,Mid Lower Caroni,2.41,-1.37,No
3/15/2025 9:00,CR-006,15-03-2025 09-00-00-CR-006,10.582769,-61.341406,Lower Caroni,1.75,-2.04,No
3/15/2025 9:00,CR-007,15-03-2025 09-00-00-CR-007,10.578663,-61.291224,Caroni Swamp Entrance,2.54,0.29,No
3/15/2025 9:00,CR-008,15-03-2025 09-00-00-CR-008,10.5799,-61.255061,Caroni River Mouth,2.3,0.69,No
3/15/2025 10:00,CR-001,15-03-2025 10-00-00-CR-001,10.62038,-61.466257,Caroni Source,2.9,0.06,No
3/15/2025 10:00,CR-002,15-03-2025 10-00-00-CR-002,10.617247,-61.43931,Early Caroni,2.54,-0.6,No
3/15/2025 10:00,CR-003,15-03-2025 10-00-00-CR-003,10.616628,-61.420142,Mid Upper Caroni,2.66,-0.22,No
3/15/2025 10:00,CR-004,15-03-2025 10-00-00-CR-004,10.609654,-61.395995,Mid Caroni,1.6,-2.12,No
3/15/2025 10:00,CR-005,15-03-2025 10-00-00-CR-005,10.606111,-61.374422,Mid Lower Caroni,3.99,1.58,Yes
3/15/2025 10:00,CR-006,15-03-2025 10-00-00-CR-006,10.582769,-61.341406,Lower Caroni,3.16,1.41,No
3/15/2025 10:00,CR-007,15-03-2025 10-00-00-CR-007,10.578663,-61.291224,Caroni Swamp Entrance,3.13,0.59,No
3/15/2025 10:00,CR-008,15-03-2025 10-00-00-CR-008,10.5799,-61.255061,Caroni River Mouth,1.85,-0.45,No
3/15/2025 11:00,CR-001,15-03-2025 11-00-00-CR-001,10.62038,-61.466257,Caroni Source,3.3,0.4,No
3/15/2025 11:00,CR-002,15-03-2025 11-00-00-CR-002,10.617247,-61.43931,Early Caroni,1.94,-0.6,No
3/15/2025 11:00,CR-003,15-03-2025 11-00-00-CR-003,10.616628,-61.420142,Mid Upper Caroni,2.96,0.3,No
3/15/2025 11:00,CR-004,15-03-2025 11-00-00-CR-004,10.609654,-61.395995,Mid Caroni,2.63,1.03,No
3/15/2025 11:00,CR-005,15-03-2025 11-00-00-CR-005,10.606111,-61.374422,Mid Lower Caroni,1.62,-2.37,No
3/15/2025 11:00,CR-006,15-03-2025 11-00-00-CR-006,10.582769,-61.341406,Lower Caroni,3.33,0.17,No
3/15/2025 11:00,CR-007,15-03-2025 11-00-00-CR-007,10.578663,-61.291224,Caroni Swamp Entrance,1.9,-1.23,No
3/15/2025 11:00,CR-008,15-03-2025 11-00-00-CR-008,10.5799,-61.255061,Caroni River Mouth,3.85,2,Yes
3/15/2025 12:00,CR-001,15-03-2025 12-00-00-CR-001,10.62038,-61.466257,Caroni Source,2.87,-0.43,No
3/15/2025 12:00,CR-002,15-03-2025 12-00-00-CR-002,10.617247,-61.43931,Early Caroni,1.9,-0.04,No
3/15/2025 12:00,CR-003,15-03-2025 12-00-00-CR-003,10.616628,-61.420142,Mid Upper Caroni,3.49,0.53,No
3/15/2025 12:00,CR-004,15-03-2025 12-00-00-CR-004,10.609654,-61.395995,Mid Caroni,3.69,1.06,No
3/15/2025 12:00,CR-005,15-03-2025 12-00-00-CR-005,10.606111,-61.374422,Mid Lower Caroni,3.21,1.59,No
3/15/2025 12:00,CR-006,15-03-2025 12-00-00-CR-006,10.582769,-61.341406,Lower Caroni,3.87,0.54,Yes
3/15/2025 12:00,CR-007,15-03-2025 12-00-00-CR-007,10.578663,-61.291224,Caroni Swamp Entrance,2.15,0.25,No
3/15/2025 12:00,CR-008,15-03-2025 12-00-00-CR-008,10.5799,-61.255061,Caroni River Mouth,3.03,-0.82,No
3/15/2025 13:00,CR-001,15-03-2025 13-00-00-CR-001,10.62038,-61.466257,Caroni Source,3.94,1.07,Yes
3/15/2025 13:00,CR-002,15-03-2025 13-00-00-CR-002,10.617247,-61.43931,Early Caroni,3.45,1.55,No
3/15/2025 13:00,CR-003,15-03-2025 13-00-00-CR-003,10.616628,-61.420142,Mid Upper Caroni,3.51,0.02,No
3/15/2025 13:00,CR-004,15-03-2025 13-00-00-CR-004,10.609654,-61.395995,Mid Caroni,3.14,-0.55,No
3/15/2025 13:00,CR-005,15-03-2025 13-00-00-CR-005,10.606111,-61.374422,Mid Lower Caroni,3.83,0.62,Yes
3/15/2025 13:00,CR-006,15-03-2025 13-00-00-CR-006,10.582769,-61.341406,Lower Caroni,2.67,-1.2,No
3/15/2025 13:00,CR-007,15-03-2025 13-00-00-CR-007,10.578663,-61.291224,Caroni Swamp Entrance,1.76,-0.39,No
3/15/2025 13:00,CR-008,15-03-2025 13-00-00-CR-008,10.5799,-61.255061,Caroni River Mouth,2.61,-0.42,No
3/15/2025 14:00,CR-001,15-03-2025 14-00-00-CR-001,10.62038,-61.466257,Caroni Source,3.17,-0.77,No
3/15/2025 14:00,CR-002,15-03-2025 14-00-00-CR-002,10.617247,-61.43931,Early Caroni,2.74,-0.71,No
3/15/2025 14:00,CR-003,15-03-2025 14-00-00-CR-003,10.616628,-61.420142,Mid Upper Caroni,2.16,-1.35,No
3/15/2025 14:00,CR-004,15-03-2025 14-00-00-CR-004,10.609654,-61.395995,Mid Caroni,3.46,0.32,No
3/15/2025 14:00,CR-005,15-03-2025 14-00-00-CR-005,10.606111,-61.374422,Mid Lower Caroni,3.76,-0.07,No
3/15/2025 14:00,CR-006,15-03-2025 14-00-00-CR-006,10.582769,-61.341406,Lower Caroni,3.45,0.78,No
3/15/2025 14:00,CR-007,15-03-2025 14-00-00-CR-007,10.578663,-61.291224,Caroni Swamp Entrance,2.69,0.93,No
3/15/2025 14:00,CR-008,15-03-2025 14-00-00-CR-008,10.5799,-61.255061,Caroni River Mouth,2.7,0.09,No
3/15/2025 15:00,CR-001,15-03-2025 15-00-00-CR-001,10.62038,-61.466257,Caroni Source,3.02,-0.15,No
3/15/2025 15:00,CR-002,15-03-2025 15-00-00-CR-002,10.617247,-61.43931,Early Caroni,2.42,-0.32,No
3/15/2025 15:00,CR-003,15-03-2025 15-00-00-CR-003,10.616628,-61.420142,Mid Upper Caroni,2.32,0.16,No
3/15/2025 15:00,CR-004,15-03-2025 15-00-00-CR-004,10.609654,-61.395995,Mid Caroni,3.4,-0.06,No
3/15/2025 15:00,CR-005,15-03-2025 15-00-00-CR-005,10.606111,-61.374422,Mid Lower Caroni,2.99,-0.77,No
3/15/2025 15:00,CR-006,15-03-2025 15-00-00-CR-006,10.582769,-61.341406,Lower Caroni,2.28,-1.17,No
3/15/2025 15:00,CR-007,15-03-2025 15-00-00-CR-007,10.578663,-61.291224,Caroni Swamp Entrance,3.41,0.72,No
3/15/2025 15:00,CR-008,15-03-2025 15-00-00-CR-008,10.5799,-61.255061,Caroni River Mouth,3.35,0.65,No
3/15/2025 16:00,CR-001,15-03-2025 16-00-00-CR-001,10.62038,-61.466257,Caroni Source,1.54,-1.48,No
3/15/2025 16:00,CR-002,15-03-2025 16-00-00-CR-002,10.617247,-61.43931,Early Caroni,3.7,1.28,No
3/15/2025 16:00,CR-003,15-03-2025 16-00-00-CR-003,10.616628,-61.420142,Mid Upper Caroni,3.77,1.45,No
3/15/2025 16:00,CR-004,15-03-2025 16-00-00-CR-004,10.609654,-61.395995,Mid Caroni,3.18,-0.22,No
3/15/2025 16:00,CR-005,15-03-2025 16-00-00-CR-005,10.606111,-61.374422,Mid Lower Caroni,3.46,0.47,No
3/15/2025 16:00,CR-006,15-03-2025 16-00-00-CR-006,10.582769,-61.341406,Lower Caroni,2.64,0.36,No
3/15/2025 16:00,CR-007,15-03-2025 16-00-00-CR-007,10.578663,-61.291224,Caroni Swamp Entrance,2.23,-1.18,No
3/15/2025 16:00,CR-008,15-03-2025 16-00-00-CR-008,10.5799,-61.255061,Caroni River Mouth,1.71,-1.64,No
3/15/2025 17:00,CR-001,15-03-2025 17-00-00-CR-001,10.62038,-61.466257,Caroni Source,2.39,0.85,No
3/15/2025 17:00,CR-002,15-03-2025 17-00-00-CR-002,10.617247,-61.43931,Early Caroni,3.13,-0.57,No
3/15/2025 17:00,CR-003,15-03-2025 17-00-00-CR-003,10.616628,-61.420142,Mid Upper Caroni,2.91,-0.86,No
3/15/2025 17:00,CR-004,15-03-2025 17-00-00-CR-004,10.609654,-61.395995,Mid Caroni,1.91,-1.27,No
3/15/2025 17:00,CR-005,15-03-2025 17-00-00-CR-005,10.606111,-61.374422,Mid Lower Caroni,3.86,0.4,Yes
3/15/2025 17:00,CR-006,15-03-2025 17-00-00-CR-006,10.582769,-61.341406,Lower Caroni,2.5,-0.14,No
3/15/2025 17:00,CR-007,15-03-2025 17-00-00-CR-007,10.578663,-61.291224,Caroni Swamp Entrance,3.51,1.28,No
3/15/2025 17:00,CR-008,15-03-2025 17-00-00-CR-008,10.5799,-61.255061,Caroni River Mouth,3.49,1.78,No
3/15/2025 18:00,CR-001,15-03-2025 18-00-00-CR-001,10.62038,-61.466257,Caroni Source,3.21,0.82,No
3/15/2025 18:00,CR-002,15-03-2025 18-00-00-CR-002,10.617247,-61.43931,Early Caroni,2.7,-0.43,No
3/15/2025 18:00,CR-003,15-03-2025 18-00-00-CR-003,10.616628,-61.420142,Mid Upper Caroni,2.13,-0.78,No
3/15/2025 18:00,CR-004,15-03-2025 18-00-00-CR-004,10.609654,-61.395995,Mid Caroni,2.36,0.45,No
3/15/2025 18:00,CR-005,15-03-2025 18-00-00-CR-005,10.606111,-61.374422,Mid Lower Caroni,1.79,-2.07,No
3/15/2025 18:00,CR-006,15-03-2025 18-00-00-CR-006,10.582769,-61.341406,Lower Caroni,2.81,0.31,No
3/15/2025 18:00,CR-007,15-03-2025 18-00-00-CR-007,10.578663,-61.291224,Caroni Swamp Entrance,2.86,-0.65,No
3/15/2025 18:00,CR-008,15-03-2025 18-00-00-CR-008,10.5799,-61.255061,Caroni River Mouth,2.4,-1.09,No
3/15/2025 19:00,CR-001,15-03-2025 19-00-00-CR-001,10.62038,-61.466257,Caroni Source,3.1,-0.11,No
3/15/2025 19:00,CR-002,15-03-2025 19-00-00-CR-002,10.617247,-61.43931,Early Caroni,2.51,-0.19,No
3/15/2025 19:00,CR-003,15-03-2025 19-00-00-CR-003,10.616628,-61.420142,Mid Upper Caroni,3.05,0.92,No
3/15/2025 19:00,CR-004,15-03-2025 19-00-00-CR-004,10.609654,-61.395995,Mid Caroni,1.97,-0.39,No
3/15/2025 19:00,CR-005,15-03-2025 19-00-00-CR-005,10.606111,-61.374422,Mid Lower Caroni,3.6,1.81,No
3/15/2025 19:00,CR-006,15-03-2025 19-00-00-CR-006,10.582769,-61.341406,Lower Caroni,2.75,-0.06,No
3/15/2025 19:00,CR-007,15-03-2025 19-00-00-CR-007,10.578663,-61.291224,Caroni Swamp Entrance,3.5,0.64,No
3/15/2025 19:00,CR-008,15-03-2025 19-00-00-CR-008,10.5799,-61.255061,Caroni River Mouth,2.41,0.01,No
3/15/2025 20:00,CR-001,15-03-2025 20-00-00-CR-001,10.62038,-61.466257,Caroni Source,2.13,-0.97,No
3/15/2025 20:00,CR-002,15-03-2025 20-00-00-CR-002,10.617247,-61.43931,Early Caroni,3.71,1.2,No
3/15/2025 20:00,CR-003,15-03-2025 20-00-00-CR-003,10.616628,-61.420142,Mid Upper Caroni,1.98,-1.07,No
3/15/2025 20:00,CR-004,15-03-2025 20-00-00-CR-004,10.609654,-61.395995,Mid Caroni,3.26,1.29,No
3/15/2025 20:00,CR-005,15-03-2025 20-00-00-CR-005,10.606111,-61.374422,Mid Lower Caroni,1.52,-2.08,No
3/15/2025 20:00,CR-006,15-03-2025 20-00-00-CR-006,10.582769,-61.341406,Lower Caroni,1.58,-1.17,No
3/15/2025 20:00,CR-007,15-03-2025 20-00-00-CR-007,10.578663,-61.291224,Caroni Swamp Entrance,2.04,-1.46,No
3/15/2025 20:00,CR-008,15-03-2025 20-00-00-CR-008,10.5799,-61.255061,Caroni River Mouth,3.17,0.76,No
3/15/2025 21:00,CR-001,15-03-2025 21-00-00-CR-001,10.62038,-61.466257,Caroni Source,1.74,-0.39,No
3/15/2025 21:00,CR-002,15-03-2025 21-00-00-CR-002,10.617247,-61.43931,Early Caroni,1.88,-1.83,No
3/15/2025 21:00,CR-003,15-03-2025 21-00-00-CR-003,10.616628,-61.420142,Mid Upper Caroni,3.72,1.74,No
3/15/2025 21:00,CR-004,15-03-2025 21-00-00-CR-004,10.609654,-61.395995,Mid Caroni,2.31,-0.95,No
3/15/2025 21:00,CR-005,15-03-2025 21-00-00-CR-005,10.606111,-61.374422,Mid Lower Caroni,1.86,0.34,No
3/15/2025 21:00,CR-006,15-03-2025 21-00-00-CR-006,10.582769,-61.341406,Lower Caroni,3.88,2.3,Yes
3/15/2025 21:00,CR-007,15-03-2025 21-00-00-CR-007,10.578663,-61.291224,Caroni Swamp Entrance,3.19,1.15,No
3/15/2025 21:00,CR-008,15-03-2025 21-00-00-CR-008,10.5799,-61.255061,Caroni River Mouth,2.99,-0.18,No
3/15/2025 22:00,CR-001,15-03-2025 22-00-00-CR-001,10.62038,-61.466257,Caroni Source,3.12,1.38,No
3/15/2025 22:00,CR-002,15-03-2025 22-00-00-CR-002,10.617247,-61.43931,Early Caroni,1.61,-0.27,No
3/15/2025 22:00,CR-003,15-03-2025 22-00-00-CR-003,10.616628,-61.420142,Mid Upper Caroni,2.18,-1.54,No
3/15/2025 22:00,CR-004,15-03-2025 22-00-00-CR-004,10.609654,-61.395995,Mid Caroni,2.06,-0.25,No
3/15/2025 22:00,CR-005,15-03-2025 22-00-00-CR-005,10.606111,-61.374422,Mid Lower Caroni,1.93,0.07,No
3/15/2025 22:00,CR-006,15-03-2025 22-00-00-CR-006,10.582769,-61.341406,Lower Caroni,3.99,0.11,Yes
3/15/2025 22:00,CR-007,15-03-2025 22-00-00-CR-007,10.578663,-61.291224,Caroni Swamp Entrance,3.4,0.21,No
3/15/2025 22:00,CR-008,15-03-2025 22-00-00-CR-008,10.5799,-61.255061,Caroni River Mouth,3.92,0.93,Yes
3/15/2025 23:00,CR-001,15-03-2025 23-00-00-CR-001,10.62038,-61.466257,Caroni Source,1.75,-1.37,No
3/15/2025 23:00,CR-002,15-03-2025 23-00-00-CR-002,10.617247,-61.43931,Early Caroni,3.99,2.38,Yes
3/15/2025 23:00,CR-003,15-03-2025 23-00-00-CR-003,10.616628,-61.420142,Mid Upper Caroni,2.87,0.69,No
3/15/2025 23:00,CR-004,15-03-2025 23-00-00-CR-004,10.609654,-61.395995,Mid Caroni,3.97,1.91,Yes
3/15/2025 23:00,CR-005,15-03-2025 23-00-00-CR-005,10.606111,-61.374422,Mid Lower Caroni,2.69,0.76,No
3/15/2025 23:00,CR-006,15-03-2025 23-00-00-CR-006,10.582769,-61.341406,Lower Caroni,2.59,-1.4,No
3/15/2025 23:00,CR-007,15-03-2025 23-00-00-CR-007,10.578663,-61.291224,Caroni Swamp Entrance,2.1,-1.3,No
3/15/2025 23:00,CR-008,15-03-2025 23-00-00-CR-008,10.5799,-61.255061,Caroni River Mouth,3.24,-0.68,No
3/16/2025 0:00,CR-001,16-03-2025 00-00-00-CR-001,10.62038,-61.466257,Caroni Source,3.38,1.63,No
3/16/2025 0:00,CR-002,16-03-2025 00-00-00-CR-002,10.617247,-61.43931,Early Caroni,3.69,-0.3,No
3/16/2025 0:00,CR-003,16-03-2025 00-00-00-CR-003,10.616628,-61.420142,Mid Upper Caroni,2.98,0.11,No
3/16/2025 0:00,CR-004,16-03-2025 00-00-00-CR-004,10.609654,-61.395995,Mid Caroni,2.4,-1.57,No
3/16/2025 0:00,CR-005,16-03-2025 00-00-00-CR-005,10.606111,-61.374422,Mid Lower Caroni,2.14,-0.55,No
3/16/2025 0:00,CR-006,16-03-2025 00-00-00-CR-006,10.582769,-61.341406,Lower Caroni,3.08,0.49,No
3/16/2025 0:00,CR-007,16-03-2025 00-00-00-CR-007,10.578663,-61.291224,Caroni Swamp Entrance,2.99,0.89,No
3/16/2025 0:00,CR-008,16-03-2025 00-00-00-CR-008,10.5799,-61.255061,Caroni River Mouth,3.92,0.68,Yes
3/16/2025 1:00,CR-001,16-03-2025 01-00-00-CR-001,10.62038,-61.466257,Caroni Source,3.11,-0.27,No
3/16/2025 1:00,CR-002,16-03-2025 01-00-00-CR-002,10.617247,-61.43931,Early Caroni,3.51,-0.18,No
3/16/2025 1:00,CR-003,16-03-2025 01-00-00-CR-003,10.616628,-61.420142,Mid Upper Caroni,2.46,-0.52,No
3/16/2025 1:00,CR-004,16-03-2025 01-00-00-CR-004,10.609654,-61.395995,Mid Caroni,3.34,0.94,No
3/16/2025 1:00,CR-005,16-03-2025 01-00-00-CR-005,10.606111,-61.374422,Mid Lower Caroni,2.36,0.22,No
3/16/2025 1:00,CR-006,16-03-2025 01-00-00-CR-006,10.582769,-61.341406,Lower Caroni,3.86,0.78,Yes
3/16/2025 1:00,CR-007,16-03-2025 01-00-00-CR-007,10.578663,-61.291224,Caroni Swamp Entrance,3.57,0.58,No
3/16/2025 1:00,CR-008,16-03-2025 01-00-00-CR-008,10.5799,-61.255061,Caroni River Mouth,1.57,-2.35,No
3/16/2025 2:00,CR-001,16-03-2025 02-00-00-CR-001,10.62038,-61.466257,Caroni Source,2.32,-0.79,No
3/16/2025 2:00,CR-002,16-03-2025 02-00-00-CR-002,10.617247,-61.43931,Early Caroni,3.64,0.13,No
3/16/2025 2:00,CR-003,16-03-2025 02-00-00-CR-003,10.616628,-61.420142,Mid Upper Caroni,2.17,-0.29,No
3/16/2025 2:00,CR-004,16-03-2025 02-00-00-CR-004,10.609654,-61.395995,Mid Caroni,2.07,-1.27,No
3/16/2025 2:00,CR-005,16-03-2025 02-00-00-CR-005,10.606111,-61.374422,Mid Lower Caroni,1.52,-0.84,No
3/16/2025 2:00,CR-006,16-03-2025 02-00-00-CR-006,10.582769,-61.341406,Lower Caroni,2.96,-0.9,No
3/16/2025 2:00,CR-007,16-03-2025 02-00-00-CR-007,10.578663,-61.291224,Caroni Swamp Entrance,3.55,-0.02,No
3/16/2025 2:00,CR-008,16-03-2025 02-00-00-CR-008,10.5799,-61.255061,Caroni River Mouth,3.86,2.29,Yes
3/16/2025 3:00,CR-001,16-03-2025 03-00-00-CR-001,10.62038,-61.466257,Caroni Source,2.3,-0.02,No
3/16/2025 3:00,CR-002,16-03-2025 03-00-00-CR-002,10.617247,-61.43931,Early Caroni,2.37,-1.27,No
3/16/2025 3:00,CR-003,16-03-2025 03-00-00-CR-003,10.616628,-61.420142,Mid Upper Caroni,1.8,-0.37,No
3/16/2025 3:00,CR-004,16-03-2025 03-00-00-CR-004,10.609654,-61.395995,Mid Caroni,1.89,-0.18,No
3/16/2025 3:00,CR-005,16-03-2025 03-00-00-CR-005,10.606111,-61.374422,Mid Lower Caroni,3.6,2.08,No
3/16/2025 3:00,CR-006,16-03-2025 03-00-00-CR-006,10.582769,-61.341406,Lower Caroni,2.49,-0.47,No
3/16/2025 3:00,CR-007,16-03-2025 03-00-00-CR-007,10.578663,-61.291224,Caroni Swamp Entrance,3.54,-0.01,No
3/16/2025 3:00,CR-008,16-03-2025 03-00-00-CR-008,10.5799,-61.255061,Caroni River Mouth,3.62,-0.24,No
3/16/2025 4:00,CR-001,16-03-2025 04-00-00-CR-001,10.62038,-61.466257,Caroni Source,3.63,1.33,No
3/16/2025 4:00,CR-002,16-03-2025 04-00-00-CR-002,10.617247,-61.43931,Early Caroni,2.54,0.17,No
3/16/2025 4:00,CR-003,16-03-2025 04-00-00-CR-003,10.616628,-61.420142,Mid Upper Caroni,1.95,0.15,No
3/16/2025 4:00,CR-004,16-03-2025 04-00-00-CR-004,10.609654,-61.395995,Mid Caroni,2.7,0.81,No
3/16/2025 4:00,CR-005,16-03-2025 04-00-00-CR-005,10.606111,-61.374422,Mid Lower Caroni,3.01,-0.59,No
3/16/2025 4:00,CR-006,16-03-2025 04-00-00-CR-006,10.582769,-61.341406,Lower Caroni,1.93,-0.56,No
3/16/2025 4:00,CR-007,16-03-2025 04-00-00-CR-007,10.578663,-61.291224,Caroni Swamp Entrance,2.17,-1.37,No
3/16/2025 4:00,CR-008,16-03-2025 04-00-00-CR-008,10.5799,-61.255061,Caroni River Mouth,3.54,-0.08,No
3/16/2025 5:00,CR-001,16-03-2025 05-00-00-CR-001,10.62038,-61.466257,Caroni Source,2.77,-0.86,No
3/16/2025 5:00,CR-002,16-03-2025 05-00-00-CR-002,10.617247,-61.43931,Early Caroni,2.09,-0.45,No
3/16/2025 5:00,CR-003,16-03-2025 05-00-00-CR-003,10.616628,-61.420142,Mid Upper Caroni,3.08,1.13,No
3/16/2025 5:00,CR-004,16-03-2025 05-00-00-CR-004,10.609654,-61.395995,Mid Caroni,2.35,-0.35,No
3/16/2025 5:00,CR-005,16-03-2025 05-00-00-CR-005,10.606111,-61.374422,Mid Lower Caroni,2.07,-0.94,No
3/16/2025 5:00,CR-006,16-03-2025 05-00-00-CR-006,10.582769,-61.341406,Lower Caroni,3.77,1.84,No
3/16/2025 5:00,CR-007,16-03-2025 05-00-00-CR-007,10.578663,-61.291224,Caroni Swamp Entrance,2.44,0.27,No
3/16/2025 5:00,CR-008,16-03-2025 05-00-00-CR-008,10.5799,-61.255061,Caroni River Mouth,2.41,-1.13,No
3/16/2025 6:00,CR-001,16-03-2025 06-00-00-CR-001,10.62038,-61.466257,Caroni Source,2.02,-0.75,No
3/16/2025 6:00,CR-002,16-03-2025 06-00-00-CR-002,10.617247,-61.43931,Early Caroni,2.91,0.82,No
3/16/2025 6:00,CR-003,16-03-2025 06-00-00-CR-003,10.616628,-61.420142,Mid Upper Caroni,1.66,-1.42,No
3/16/2025 6:00,CR-004,16-03-2025 06-00-00-CR-004,10.609654,-61.395995,Mid Caroni,2.31,-0.04,No
3/16/2025 6:00,CR-005,16-03-2025 06-00-00-CR-005,10.606111,-61.374422,Mid Lower Caroni,1.99,-0.08,No
3/16/2025 6:00,CR-006,16-03-2025 06-00-00-CR-006,10.582769,-61.341406,Lower Caroni,3.66,-0.11,No
3/16/2025 6:00,CR-007,16-03-2025 06-00-00-CR-007,10.578663,-61.291224,Caroni Swamp Entrance,3.46,1.02,No
3/16/2025 6:00,CR-008,16-03-2025 06-00-00-CR-008,10.5799,-61.255061,Caroni River Mouth,2.99,0.58,No
3/16/2025 7:00,CR-001,16-03-2025 07-00-00-CR-001,10.62038,-61.466257,Caroni Source,3.68,1.66,No
3/16/2025 7:00,CR-002,16-03-2025 07-00-00-CR-002,10.617247,-61.43931,Early Caroni,1.53,-1.38,No
3/16/2025 7:00,CR-003,16-03-2025 07-00-00-CR-003,10.616628,-61.420142,Mid Upper Caroni,3.18,1.52,No
3/16/2025 7:00,CR-004,16-03-2025 07-00-00-CR-004,10.609654,-61.395995,Mid Caroni,2.06,-0.25,No
3/16/2025 7:00,CR-005,16-03-2025 07-00-00-CR-005,10.606111,-61.374422,Mid Lower Caroni,2.68,0.69,No
3/16/2025 7:00,CR-006,16-03-2025 07-00-00-CR-006,10.582769,-61.341406,Lower Caroni,3.92,0.26,Yes
3/16/2025 7:00,CR-007,16-03-2025 07-00-00-CR-007,10.578663,-61.291224,Caroni Swamp Entrance,3.72,0.26,No
3/16/2025 7:00,CR-008,16-03-2025 07-00-00-CR-008,10.5799,-61.255061,Caroni River Mouth,2.64,-0.35,No
3/16/2025 8:00,CR-001,16-03-2025 08-00-00-CR-001,10.62038,-61.466257,Caroni Source,3.99,0.31,Yes
3/16/2025 8:00,CR-002,16-03-2025 08-00-00-CR-002,10.617247,-61.43931,Early Caroni,2.59,1.06,No
3/16/2025 8:00,CR-003,16-03-2025 08-00-00-CR-003,10.616628,-61.420142,Mid Upper Caroni,3.47,0.29,No
3/16/2025 8:00,CR-004,16-03-2025 08-00-00-CR-004,10.609654,-61.395995,Mid Caroni,3.35,1.29,No
3/16/2025 8:00,CR-005,16-03-2025 08-00-00-CR-005,10.606111,-61.374422,Mid Lower Caroni,1.77,-0.91,No
3/16/2025 8:00,CR-006,16-03-2025 08-00-00-CR-006,10.582769,-61.341406,Lower Caroni,3.98,0.06,Yes
3/16/2025 8:00,CR-007,16-03-2025 08-00-00-CR-007,10.578663,-61.291224,Caroni Swamp Entrance,2.94,-0.78,No
3/16/2025 8:00,CR-008,16-03-2025 08-00-00-CR-008,10.5799,-61.255061,Caroni River Mouth,2.89,0.25,No
3/16/2025 9:00,CR-001,16-03-2025 09-00-00-CR-001,10.62038,-61.466257,Caroni Source,1.86,-2.13,No
3/16/2025 9:00,CR-002,16-03-2025 09-00-00-CR-002,10.617247,-61.43931,Early Caroni,1.81,-0.78,No
3/16/2025 9:00,CR-003,16-03-2025 09-00-00-CR-003,10.616628,-61.420142,Mid Upper Caroni,1.72,-1.75,No
3/16/2025 9:00,CR-004,16-03-2025 09-00-00-CR-004,10.609654,-61.395995,Mid Caroni,3.45,0.1,No
3/16/2025 9:00,CR-005,16-03-2025 09-00-00-CR-005,10.606111,-61.374422,Mid Lower Caroni,2.73,0.96,No
3/16/2025 9:00,CR-006,16-03-2025 09-00-00-CR-006,10.582769,-61.341406,Lower Caroni,3.06,-0.92,No
3/16/2025 9:00,CR-007,16-03-2025 09-00-00-CR-007,10.578663,-61.291224,Caroni Swamp Entrance,2.27,-0.67,No
3/16/2025 9:00,CR-008,16-03-2025 09-00-00-CR-008,10.5799,-61.255061,Caroni River Mouth,3.44,0.55,No
3/16/2025 10:00,CR-001,16-03-2025 10-00-00-CR-001,10.62038,-61.466257,Caroni Source,3.03,1.17,No
3/16/2025 10:00,CR-002,16-03-2025 10-00-00-CR-002,10.617247,-61.43931,Early Caroni,2.18,0.37,No
3/16/2025 10:00,CR-003,16-03-2025 10-00-00-CR-003,10.616628,-61.420142,Mid Upper Caroni,2.32,0.6,No
3/16/2025 10:00,CR-004,16-03-2025 10-00-00-CR-004,10.609654,-61.395995,Mid Caroni,1.92,-1.53,No
3/16/2025 10:00,CR-005,16-03-2025 10-00-00-CR-005,10.606111,-61.374422,Mid Lower Caroni,1.95,-0.78,No
3/16/2025 10:00,CR-006,16-03-2025 10-00-00-CR-006,10.582769,-61.341406,Lower Caroni,2.19,-0.87,No
3/16/2025 10:00,CR-007,16-03-2025 10-00-00-CR-007,10.578663,-61.291224,Caroni Swamp Entrance,3.87,1.6,Yes
3/16/2025 10:00,CR-008,16-03-2025 10-00-00-CR-008,10.5799,-61.255061,Caroni River Mouth,3.75,0.31,No
3/16/2025 11:00,CR-001,16-03-2025 11-00-00-CR-001,10.62038,-61.466257,Caroni Source,2.33,-0.7,No
3/16/2025 11:00,CR-002,16-03-2025 11-00-00-CR-002,10.617247,-61.43931,Early Caroni,2.14,-0.04,No
3/16/2025 11:00,CR-003,16-03-2025 11-00-00-CR-003,10.616628,-61.420142,Mid Upper Caroni,1.61,-0.71,No
3/16/2025 11:00,CR-004,16-03-2025 11-00-00-CR-004,10.609654,-61.395995,Mid Caroni,2.86,0.94,No
3/16/2025 11:00,CR-005,16-03-2025 11-00-00-CR-005,10.606111,-61.374422,Mid Lower Caroni,3.4,1.45,No
3/16/2025 11:00,CR-006,16-03-2025 11-00-00-CR-006,10.582769,-61.341406,Lower Caroni,3.28,1.09,No
3/16/2025 11:00,CR-007,16-03-2025 11-00-00-CR-007,10.578663,-61.291224,Caroni Swamp Entrance,2.2,-1.67,No
3/16/2025 11:00,CR-008,16-03-2025 11-00-00-CR-008,10.5799,-61.255061,Caroni River Mouth,3.42,-0.33,No
3/16/2025 12:00,CR-001,16-03-2025 12-00-00-CR-001,10.62038,-61.466257,Caroni Source,2.6,0.27,No
3/16/2025 12:00,CR-002,16-03-2025 12-00-00-CR-002,10.617247,-61.43931,Early Caroni,3.45,1.31,No
3/16/2025 12:00,CR-003,16-03-2025 12-00-00-CR-003,10.616628,-61.420142,Mid Upper Caroni,2.99,1.38,No
3/16/2025 12:00,CR-004,16-03-2025 12-00-00-CR-004,10.609654,-61.395995,Mid Caroni,2.76,-0.1,No
3/16/2025 12:00,CR-005,16-03-2025 12-00-00-CR-005,10.606111,-61.374422,Mid Lower Caroni,3.48,0.08,No
3/16/2025 12:00,CR-006,16-03-2025 12-00-00-CR-006,10.582769,-61.341406,Lower Caroni,1.95,-1.33,No
3/16/2025 12:00,CR-007,16-03-2025 12-00-00-CR-007,10.578663,-61.291224,Caroni Swamp Entrance,3.49,1.29,No
3/16/2025 12:00,CR-008,16-03-2025 12-00-00-CR-008,10.5799,-61.255061,Caroni River Mouth,1.73,-1.69,No
3/16/2025 13:00,CR-001,16-03-2025 13-00-00-CR-001,10.62038,-61.466257,Caroni Source,2.15,-0.45,No
3/16/2025 13:00,CR-002,16-03-2025 13-00-00-CR-002,10.617247,-61.43931,Early Caroni,2.33,-1.12,No
3/16/2025 13:00,CR-003,16-03-2025 13-00-00-CR-003,10.616628,-61.420142,Mid Upper Caroni,2.29,-0.7,No
3/16/2025 13:00,CR-004,16-03-2025 13-00-00-CR-004,10.609654,-61.395995,Mid Caroni,1.52,-1.24,No
3/16/2025 13:00,CR-005,16-03-2025 13-00-00-CR-005,10.606111,-61.374422,Mid Lower Caroni,3.87,0.39,Yes
3/16/2025 13:00,CR-006,16-03-2025 13-00-00-CR-006,10.582769,-61.341406,Lower Caroni,2.07,0.12,No
3/16/2025 13:00,CR-007,16-03-2025 13-00-00-CR-007,10.578663,-61.291224,Caroni Swamp Entrance,3.15,-0.34,No
3/16/2025 13:00,CR-008,16-03-2025 13-00-00-CR-008,10.5799,-61.255061,Caroni River Mouth,1.92,0.19,No
3/16/2025 14:00,CR-001,16-03-2025 14-00-00-CR-001,10.62038,-61.466257,Caroni Source,2.11,-0.04,No
3/16/2025 14:00,CR-002,16-03-2025 14-00-00-CR-002,10.617247,-61.43931,Early Caroni,3.58,1.25,No
3/16/2025 14:00,CR-003,16-03-2025 14-00-00-CR-003,10.616628,-61.420142,Mid Upper Caroni,3.66,1.37,No
3/16/2025 14:00,CR-004,16-03-2025 14-00-00-CR-004,10.609654,-61.395995,Mid Caroni,2.85,1.33,No
3/16/2025 14:00,CR-005,16-03-2025 14-00-00-CR-005,10.606111,-61.374422,Mid Lower Caroni,2.88,-0.99,No
3/16/2025 14:00,CR-006,16-03-2025 14-00-00-CR-006,10.582769,-61.341406,Lower Caroni,1.56,-0.51,No
3/16/2025 14:00,CR-007,16-03-2025 14-00-00-CR-007,10.578663,-61.291224,Caroni Swamp Entrance,3.48,0.33,No
3/16/2025 14:00,CR-008,16-03-2025 14-00-00-CR-008,10.5799,-61.255061,Caroni River Mouth,3.69,1.77,No
3/16/2025 15:00,CR-001,16-03-2025 15-00-00-CR-001,10.62038,-61.466257,Caroni Source,3.74,1.63,No
3/16/2025 15:00,CR-002,16-03-2025 15-00-00-CR-002,10.617247,-61.43931,Early Caroni,2.78,-0.8,No
3/16/2025 15:00,CR-003,16-03-2025 15-00-00-CR-003,10.616628,-61.420142,Mid Upper Caroni,2.45,-1.21,No
3/16/2025 15:00,CR-004,16-03-2025 15-00-00-CR-004,10.609654,-61.395995,Mid Caroni,3.98,1.13,Yes
3/16/2025 15:00,CR-005,16-03-2025 15-00-00-CR-005,10.606111,-61.374422,Mid Lower Caroni,2.76,-0.12,No
3/16/2025 15:00,CR-006,16-03-2025 15-00-00-CR-006,10.582769,-61.341406,Lower Caroni,1.59,0.03,No
3/16/2025 15:00,CR-007,16-03-2025 15-00-00-CR-007,10.578663,-61.291224,Caroni Swamp Entrance,3.47,-0.01,No
3/16/2025 15:00,CR-008,16-03-2025 15-00-00-CR-008,10.5799,-61.255061,Caroni River Mouth,3.88,0.19,Yes
3/16/2025 16:00,CR-001,16-03-2025 16-00-00-CR-001,10.62038,-61.466257,Caroni Source,1.55,-2.19,No
3/16/2025 16:00,CR-002,16-03-2025 16-00-00-CR-002,10.617247,-61.43931,Early Caroni,3.93,1.15,Yes
3/16/2025 16:00,CR-003,16-03-2025 16-00-00-CR-003,10.616628,-61.420142,Mid Upper Caroni,1.75,-0.7,No
3/16/2025 16:00,CR-004,16-03-2025 16-00-00-CR-004,10.609654,-61.395995,Mid Caroni,2.99,-0.99,No
3/16/2025 16:00,CR-005,16-03-2025 16-00-00-CR-005,10.606111,-61.374422,Mid Lower Caroni,2.6,-0.16,No
3/16/2025 16:00,CR-006,16-03-2025 16-00-00-CR-006,10.582769,-61.341406,Lower Caroni,3.12,1.53,No
3/16/2025 16:00,CR-007,16-03-2025 16-00-00-CR-007,10.578663,-61.291224,Caroni Swamp Entrance,2.63,-0.84,No
3/16/2025 16:00,CR-008,16-03-2025 16-00-00-CR-008,10.5799,-61.255061,Caroni River Mouth,2.31,-1.57,No
3/16/2025 17:00,CR-001,16-03-2025 17-00-00-CR-001,10.62038,-61.466257,Caroni Source,2.93,1.38,No
3/16/2025 17:00,CR-002,16-03-2025 17-00-00-CR-002,10.617247,-61.43931,Early Caroni,1.75,-2.18,No
3/16/2025 17:00,CR-003,16-03-2025 17-00-00-CR-003,10.616628,-61.420142,Mid Upper Caroni,2.01,0.26,No
3/16/2025 17:00,CR-004,16-03-2025 17-00-00-CR-004,10.609654,-61.395995,Mid Caroni,3.68,0.69,No
3/16/2025 17:00,CR-005,16-03-2025 17-00-00-CR-005,10.606111,-61.374422,Mid Lower Caroni,2.48,-0.12,No
3/16/2025 17:00,CR-006,16-03-2025 17-00-00-CR-006,10.582769,-61.341406,Lower Caroni,2.83,-0.29,No
3/16/2025 17:00,CR-007,16-03-2025 17-00-00-CR-007,10.578663,-61.291224,Caroni Swamp Entrance,3.6,0.97,No
3/16/2025 17:00,CR-008,16-03-2025 17-00-00-CR-008,10.5799,-61.255061,Caroni River Mouth,1.56,-0.75,No
3/16/2025 18:00,CR-001,16-03-2025 18-00-00-CR-001,10.62038,-61.466257,Caroni Source,3.48,0.55,No
3/16/2025 18:00,CR-002,16-03-2025 18-00-00-CR-002,10.617247,-61.43931,Early Caroni,2.3,0.55,No
3/16/2025 18:00,CR-003,16-03-2025 18-00-00-CR-003,10.616628,-61.420142,Mid Upper Caroni,3.55,1.54,No
3/16/2025 18:00,CR-004,16-03-2025 18-00-00-CR-004,10.609654,-61.395995,Mid Caroni,1.56,-2.12,No
3/16/2025 18:00,CR-005,16-03-2025 18-00-00-CR-005,10.606111,-61.374422,Mid Lower Caroni,2.59,0.11,No
3/16/2025 18:00,CR-006,16-03-2025 18-00-00-CR-006,10.582769,-61.341406,Lower Caroni,2.15,-0.68,No
3/16/2025 18:00,CR-007,16-03-2025 18-00-00-CR-007,10.578663,-61.291224,Caroni Swamp Entrance,1.58,-2.02,No
3/16/2025 18:00,CR-008,16-03-2025 18-00-00-CR-008,10.5799,-61.255061,Caroni River Mouth,3.44,1.88,No
3/16/2025 19:00,CR-001,16-03-2025 19-00-00-CR-001,10.62038,-61.466257,Caroni Source,1.56,-1.92,No
3/16/2025 19:00,CR-002,16-03-2025 19-00-00-CR-002,10.617247,-61.43931,Early Caroni,1.91,-0.39,No
3/16/2025 19:00,CR-003,16-03-2025 19-00-00-CR-003,10.616628,-61.420142,Mid Upper Caroni,1.68,-1.87,No
3/16/2025 19:00,CR-004,16-03-2025 19-00-00-CR-004,10.609654,-61.395995,Mid Caroni,2.17,0.61,No
3/16/2025 19:00,CR-005,16-03-2025 19-00-00-CR-005,10.606111,-61.374422,Mid Lower Caroni,3.76,1.17,No
3/16/2025 19:00,CR-006,16-03-2025 19-00-00-CR-006,10.582769,-61.341406,Lower Caroni,3.04,0.89,No
3/16/2025 19:00,CR-007,16-03-2025 19-00-00-CR-007,10.578663,-61.291224,Caroni Swamp Entrance,3.58,2,No
3/16/2025 19:00,CR-008,16-03-2025 19-00-00-CR-008,10.5799,-61.255061,Caroni River Mouth,2.6,-0.84,No
3/16/2025 20:00,CR-001,16-03-2025 20-00-00-CR-001,10.62038,-61.466257,Caroni Source,2.3,0.74,No
3/16/2025 20:00,CR-002,16-03-2025 20-00-00-CR-002,10.617247,-61.43931,Early Caroni,1.77,-0.14,No
3/16/2025 20:00,CR-003,16-03-2025 20-00-00-CR-003,10.616628,-61.420142,Mid Upper Caroni,3.86,2.18,Yes
3/16/2025 20:00,CR-004,16-03-2025 20-00-00-CR-004,10.609654,-61.395995,Mid Caroni,1.56,-0.61,No
3/16/2025 20:00,CR-005,16-03-2025 20-00-00-CR-005,10.606111,-61.374422,Mid Lower Caroni,1.63,-2.13,No
3/16/2025 20:00,CR-006,16-03-2025 20-00-00-CR-006,10.582769,-61.341406,Lower Caroni,2.68,-0.36,No
3/16/2025 20:00,CR-007,16-03-2025 20-00-00-CR-007,10.578663,-61.291224,Caroni Swamp Entrance,2.45,-1.13,No
3/16/2025 20:00,CR-008,16-03-2025 20-00-00-CR-008,10.5799,-61.255061,Caroni River Mouth,2.42,-0.18,No
3/16/2025 21:00,CR-001,16-03-2025 21-00-00-CR-001,10.62038,-61.466257,Caroni Source,3.43,1.13,No
3/16/2025 21:00,CR-002,16-03-2025 21-00-00-CR-002,10.617247,-61.43931,Early Caroni,2.61,0.84,No
3/16/2025 21:00,CR-003,16-03-2025 21-00-00-CR-003,10.616628,-61.420142,Mid Upper Caroni,2.54,-1.32,No
3/16/2025 21:00,CR-004,16-03-2025 21-00-00-CR-004,10.609654,-61.395995,Mid Caroni,1.8,0.24,No
3/16/2025 21:00,CR-005,16-03-2025 21-00-00-CR-005,10.606111,-61.374422,Mid Lower Caroni,3.7,2.07,No
3/16/2025 21:00,CR-006,16-03-2025 21-00-00-CR-006,10.582769,-61.341406,Lower Caroni,3.64,0.96,No
3/16/2025 21:00,CR-007,16-03-2025 21-00-00-CR-007,10.578663,-61.291224,Caroni Swamp Entrance,1.63,-0.82,No
3/16/2025 21:00,CR-008,16-03-2025 21-00-00-CR-008,10.5799,-61.255061,Caroni River Mouth,2.71,0.29,No
3/16/2025 22:00,CR-001,16-03-2025 22-00-00-CR-001,10.62038,-61.466257,Caroni Source,1.64,-1.79,No
3/16/2025 22:00,CR-002,16-03-2025 22-00-00-CR-002,10.617247,-61.43931,Early Caroni,2.23,-0.38,No
3/16/2025 22:00,CR-003,16-03-2025 22-00-00-CR-003,10.616628,-61.420142,Mid Upper Caroni,2.82,0.28,No
3/16/2025 22:00,CR-004,16-03-2025 22-00-00-CR-004,10.609654,-61.395995,Mid Caroni,2.99,1.19,No
3/16/2025 22:00,CR-005,16-03-2025 22-00-00-CR-005,10.606111,-61.374422,Mid Lower Caroni,3.05,-0.65,No
3/16/2025 22:00,CR-006,16-03-2025 22-00-00-CR-006,10.582769,-61.341406,Lower Caroni,3.71,0.07,No
3/16/2025 22:00,CR-007,16-03-2025 22-00-00-CR-007,10.578663,-61.291224,Caroni Swamp Entrance,3.08,1.45,No
3/16/2025 22:00,CR-008,16-03-2025 22-00-00-CR-008,10.5799,-61.255061,Caroni River Mouth,1.96,-0.75,No
3/16/2025 23:00,CR-001,16-03-2025 23-00-00-CR-001,10.62038,-61.466257,Caroni Source,3.36,1.72,No
3/16/2025 23:00,CR-002,16-03-2025 23-00-00-CR-002,10.617247,-61.43931,Early Caroni,2.03,-0.2,No
3/16/2025 23:00,CR-003,16-03-2025 23-00-00-CR-003,10.616628,-61.420142,Mid Upper Caroni,3.73,0.91,No
3/16/2025 23:00,CR-004,16-03-2025 23-00-00-CR-004,10.609654,-61.395995,Mid Caroni,3.03,0.04,No
3/16/2025 23:00,CR-005,16-03-2025 23-00-00-CR-005,10.606111,-61.374422,Mid Lower Caroni,1.92,-1.13,No
3/16/2025 23:00,CR-006,16-03-2025 23-00-00-CR-006,10.582769,-61.341406,Lower Caroni,2.28,-1.43,No
3/16/2025 23:00,CR-007,16-03-2025 23-00-00-CR-007,10.578663,-61.291224,Caroni Swamp Entrance,1.65,-1.43,No
3/16/2025 23:00,CR-008,16-03-2025 23-00-00-CR-008,10.5799,-61.255061,Caroni River Mouth,2.01,0.05,No
3/17/2025 0:00,CR-001,17-03-2025 00-00-00-CR-001,10.62038,-61.466257,Caroni Source,3.78,0.42,No
3/17/2025 0:00,CR-002,17-03-2025 00-00-00-CR-002,10.617247,-61.43931,Early Caroni,3.71,1.68,No
3/17/2025 0:00,CR-003,17-03-2025 00-00-00-CR-003,10.616628,-61.420142,Mid Upper Caroni,1.81,-1.92,No
3/17/2025 0:00,CR-004,17-03-2025 00-00-00-CR-004,10.609654,-61.395995,Mid Caroni,3.47,0.44,No
3/17/2025 0:00,CR-005,17-03-2025 00-00-00-CR-005,10.606111,-61.374422,Mid Lower Caroni,3.93,2.01,Yes
3/17/2025 0:00,CR-006,17-03-2025 00-00-00-CR-006,10.582769,-61.341406,Lower Caroni,3.6,1.32,No
3/17/2025 0:00,CR-007,17-03-2025 00-00-00-CR-007,10.578663,-61.291224,Caroni Swamp Entrance,2.69,1.04,No
3/17/2025 0:00,CR-008,17-03-2025 00-00-00-CR-008,10.5799,-61.255061,Caroni River Mouth,3.88,1.87,Yes
3/17/2025 1:00,CR-001,17-03-2025 01-00-00-CR-001,10.62038,-61.466257,Caroni Source,2.75,-1.03,No
3/17/2025 1:00,CR-002,17-03-2025 01-00-00-CR-002,10.617247,-61.43931,Early Caroni,2.75,-0.96,No
3/17/2025 1:00,CR-003,17-03-2025 01-00-00-CR-003,10.616628,-61.420142,Mid Upper Caroni,3.72,1.91,No
3/17/2025 1:00,CR-004,17-03-2025 01-00-00-CR-004,10.609654,-61.395995,Mid Caroni,3.42,-0.05,No
3/17/2025 1:00,CR-005,17-03-2025 01-00-00-CR-005,10.606111,-61.374422,Mid Lower Caroni,1.82,-2.11,No
3/17/2025 1:00,CR-006,17-03-2025 01-00-00-CR-006,10.582769,-61.341406,Lower Caroni,2.16,-1.44,No
3/17/2025 1:00,CR-007,17-03-2025 01-00-00-CR-007,10.578663,-61.291224,Caroni Swamp Entrance,2.34,-0.35,No
3/17/2025 1:00,CR-008,17-03-2025 01-00-00-CR-008,10.5799,-61.255061,Caroni River Mouth,3.29,-0.59,No
3/17/2025 2:00,CR-001,17-03-2025 02-00-00-CR-001,10.62038,-61.466257,Caroni Source,3.11,0.36,No
3/17/2025 2:00,CR-002,17-03-2025 02-00-00-CR-002,10.617247,-61.43931,Early Caroni,1.91,-0.84,No
3/17/2025 2:00,CR-003,17-03-2025 02-00-00-CR-003,10.616628,-61.420142,Mid Upper Caroni,2.4,-1.32,No
3/17/2025 2:00,CR-004,17-03-2025 02-00-00-CR-004,10.609654,-61.395995,Mid Caroni,3.16,-0.26,No
3/17/2025 2:00,CR-005,17-03-2025 02-00-00-CR-005,10.606111,-61.374422,Mid Lower Caroni,3.23,1.41,No
3/17/2025 2:00,CR-006,17-03-2025 02-00-00-CR-006,10.582769,-61.341406,Lower Caroni,3.42,1.26,No
3/17/2025 2:00,CR-007,17-03-2025 02-00-00-CR-007,10.578663,-61.291224,Caroni Swamp Entrance,1.55,-0.79,No
3/17/2025 2:00,CR-008,17-03-2025 02-00-00-CR-008,10.5799,-61.255061,Caroni River Mouth,2.49,-0.8,No
3/17/2025 3:00,CR-001,17-03-2025 03-00-00-CR-001,10.62038,-61.466257,Caroni Source,2.27,-0.84,No
3/17/2025 3:00,CR-002,17-03-2025 03-00-00-CR-002,10.617247,-61.43931,Early Caroni,2.49,0.58,No
3/17/2025 3:00,CR-003,17-03-2025 03-00-00-CR-003,10.616628,-61.420142,Mid Upper Caroni,2.84,0.44,No
3/17/2025 3:00,CR-004,17-03-2025 03-00-00-CR-004,10.609654,-61.395995,Mid Caroni,2.43,-0.73,No
3/17/2025 3:00,CR-005,17-03-2025 03-00-00-CR-005,10.606111,-61.374422,Mid Lower Caroni,3.11,-0.12,No
3/17/2025 3:00,CR-006,17-03-2025 03-00-00-CR-006,10.582769,-61.341406,Lower Caroni,2.78,-0.64,No
3/17/2025 3:00,CR-007,17-03-2025 03-00-00-CR-007,10.578663,-61.291224,Caroni Swamp Entrance,1.94,0.39,No
3/17/2025 3:00,CR-008,17-03-2025 03-00-00-CR-008,10.5799,-61.255061,Caroni River Mouth,2.39,-0.1,No
3/17/2025 4:00,CR-001,17-03-2025 04-00-00-CR-001,10.62038,-61.466257,Caroni Source,1.98,-0.29,No
3/17/2025 4:00,CR-002,17-03-2025 04-00-00-CR-002,10.617247,-61.43931,Early Caroni,3.11,0.62,No
3/17/2025 4:00,CR-003,17-03-2025 04-00-00-CR-003,10.616628,-61.420142,Mid Upper Caroni,3.82,0.98,Yes
3/17/2025 4:00,CR-004,17-03-2025 04-00-00-CR-004,10.609654,-61.395995,Mid Caroni,3.74,1.31,No
3/17/2025 4:00,CR-005,17-03-2025 04-00-00-CR-005,10.606111,-61.374422,Mid Lower Caroni,3.5,0.39,No
3/17/2025 4:00,CR-006,17-03-2025 04-00-00-CR-006,10.582769,-61.341406,Lower Caroni,2.55,-0.23,No
3/17/2025 4:00,CR-007,17-03-2025 04-00-00-CR-007,10.578663,-61.291224,Caroni Swamp Entrance,1.73,-0.21,No
3/17/2025 4:00,CR-008,17-03-2025 04-00-00-CR-008,10.5799,-61.255061,Caroni River Mouth,1.82,-0.57,No
3/17/2025 5:00,CR-001,17-03-2025 05-00-00-CR-001,10.62038,-61.466257,Caroni Source,3.77,1.79,No
3/17/2025 5:00,CR-002,17-03-2025 05-00-00-CR-002,10.617247,-61.43931,Early Caroni,2.67,-0.44,No
3/17/2025 5:00,CR-003,17-03-2025 05-00-00-CR-003,10.616628,-61.420142,Mid Upper Caroni,3.11,-0.71,No
3/17/2025 5:00,CR-004,17-03-2025 05-00-00-CR-004,10.609654,-61.395995,Mid Caroni,2.68,-1.06,No
3/17/2025 5:00,CR-005,17-03-2025 05-00-00-CR-005,10.606111,-61.374422,Mid Lower Caroni,1.97,-1.53,No
3/17/2025 5:00,CR-006,17-03-2025 05-00-00-CR-006,10.582769,-61.341406,Lower Caroni,2.07,-0.48,No
3/17/2025 5:00,CR-007,17-03-2025 05-00-00-CR-007,10.578663,-61.291224,Caroni Swamp Entrance,3.53,1.8,No
3/17/2025 5:00,CR-008,17-03-2025 05-00-00-CR-008,10.5799,-61.255061,Caroni River Mouth,1.51,-0.31,No
3/17/2025 6:00,CR-001,17-03-2025 06-00-00-CR-001,10.62038,-61.466257,Caroni Source,2.4,-1.37,No
3/17/2025 6:00,CR-002,17-03-2025 06-00-00-CR-002,10.617247,-61.43931,Early Caroni,2.34,-0.33,No
3/17/2025 6:00,CR-003,17-03-2025 06-00-00-CR-003,10.616628,-61.420142,Mid Upper Caroni,2.45,-0.66,No
3/17/2025 6:00,CR-004,17-03-2025 06-00-00-CR-004,10.609654,-61.395995,Mid Caroni,1.83,-0.85,No
3/17/2025 6:00,CR-005,17-03-2025 06-00-00-CR-005,10.606111,-61.374422,Mid Lower Caroni,2.25,0.28,No
3/17/2025 6:00,CR-006,17-03-2025 06-00-00-CR-006,10.582769,-61.341406,Lower Caroni,1.94,-0.13,No
3/17/2025 6:00,CR-007,17-03-2025 06-00-00-CR-007,10.578663,-61.291224,Caroni Swamp Entrance,2.21,-1.32,No
3/17/2025 6:00,CR-008,17-03-2025 06-00-00-CR-008,10.5799,-61.255061,Caroni River Mouth,2.79,1.28,No
3/17/2025 7:00,CR-001,17-03-2025 07-00-00-CR-001,10.62038,-61.466257,Caroni Source,3.36,0.96,No
3/17/2025 7:00,CR-002,17-03-2025 07-00-00-CR-002,10.617247,-61.43931,Early Caroni,1.57,-0.77,No
3/17/2025 7:00,CR-003,17-03-2025 07-00-00-CR-003,10.616628,-61.420142,Mid Upper Caroni,3.12,0.67,No
3/17/2025 7:00,CR-004,17-03-2025 07-00-00-CR-004,10.609654,-61.395995,Mid Caroni,2.32,0.49,No
3/17/2025 7:00,CR-005,17-03-2025 07-00-00-CR-005,10.606111,-61.374422,Mid Lower Caroni,1.62,-0.63,No
3/17/2025 7:00,CR-006,17-03-2025 07-00-00-CR-006,10.582769,-61.341406,Lower Caroni,1.56,-0.38,No
3/17/2025 7:00,CR-007,17-03-2025 07-00-00-CR-007,10.578663,-61.291224,Caroni Swamp Entrance,3.6,1.39,No
3/17/2025 7:00,CR-008,17-03-2025 07-00-00-CR-008,10.5799,-61.255061,Caroni River Mouth,2.88,0.09,No
3/17/2025 8:00,CR-001,17-03-2025 08-00-00-CR-001,10.62038,-61.466257,Caroni Source,3.84,0.48,Yes
3/17/2025 8:00,CR-002,17-03-2025 08-00-00-CR-002,10.617247,-61.43931,Early Caroni,1.93,0.36,No
3/17/2025 8:00,CR-003,17-03-2025 08-00-00-CR-003,10.616628,-61.420142,Mid Upper Caroni,1.78,-1.34,No
3/17/2025 8:00,CR-004,17-03-2025 08-00-00-CR-004,10.609654,-61.395995,Mid Caroni,3.94,1.62,Yes
3/17/2025 8:00,CR-005,17-03-2025 08-00-00-CR-005,10.606111,-61.374422,Mid Lower Caroni,1.71,0.09,No
3/17/2025 8:00,CR-006,17-03-2025 08-00-00-CR-006,10.582769,-61.341406,Lower Caroni,3.15,1.59,No
3/17/2025 8:00,CR-007,17-03-2025 08-00-00-CR-007,10.578663,-61.291224,Caroni Swamp Entrance,2.61,-0.99,No
3/17/2025 8:00,CR-008,17-03-2025 08-00-00-CR-008,10.5799,-61.255061,Caroni River Mouth,2.49,-0.39,No
3/17/2025 9:00,CR-001,17-03-2025 09-00-00-CR-001,10.62038,-61.466257,Caroni Source,3.39,-0.45,No
3/17/2025 9:00,CR-002,17-03-2025 09-00-00-CR-002,10.617247,-61.43931,Early Caroni,3.94,2.01,Yes
3/17/2025 9:00,CR-003,17-03-2025 09-00-00-CR-003,10.616628,-61.420142,Mid Upper Caroni,2.86,1.08,No
3/17/2025 9:00,CR-004,17-03-2025 09-00-00-CR-004,10.609654,-61.395995,Mid Caroni,1.98,-1.96,No
3/17/2025 9:00,CR-005,17-03-2025 09-00-00-CR-005,10.606111,-61.374422,Mid Lower Caroni,1.54,-0.17,No
3/17/2025 9:00,CR-006,17-03-2025 09-00-00-CR-006,10.582769,-61.341406,Lower Caroni,1.81,-1.34,No
3/17/2025 9:00,CR-007,17-03-2025 09-00-00-CR-007,10.578663,-61.291224,Caroni Swamp Entrance,3.17,0.56,No
3/17/2025 9:00,CR-008,17-03-2025 09-00-00-CR-008,10.5799,-61.255061,Caroni River Mouth,3.04,0.55,No
3/17/2025 10:00,CR-001,17-03-2025 10-00-00-CR-001,10.62038,-61.466257,Caroni Source,3,-0.39,No
3/17/2025 10:00,CR-002,17-03-2025 10-00-00-CR-002,10.617247,-61.43931,Early Caroni,3.57,-0.37,No
3/17/2025 10:00,CR-003,17-03-2025 10-00-00-CR-003,10.616628,-61.420142,Mid Upper Caroni,3.49,0.63,No
3/17/2025 10:00,CR-004,17-03-2025 10-00-00-CR-004,10.609654,-61.395995,Mid Caroni,3.97,1.99,Yes
3/17/2025 10:00,CR-005,17-03-2025 10-00-00-CR-005,10.606111,-61.374422,Mid Lower Caroni,2.76,1.22,No
3/17/2025 10:00,CR-006,17-03-2025 10-00-00-CR-006,10.582769,-61.341406,Lower Caroni,1.67,-0.14,No
3/17/2025 10:00,CR-007,17-03-2025 10-00-00-CR-007,10.578663,-61.291224,Caroni Swamp Entrance,2.78,-0.39,No
3/17/2025 10:00,CR-008,17-03-2025 10-00-00-CR-008,10.5799,-61.255061,Caroni River Mouth,2.26,-0.78,No
3/17/2025 11:00,CR-001,17-03-2025 11-00-00-CR-001,10.62038,-61.466257,Caroni Source,3.03,0.03,No
3/17/2025 11:00,CR-002,17-03-2025 11-00-00-CR-002,10.617247,-61.43931,Early Caroni,3,-0.57,No
3/17/2025 11:00,CR-003,17-03-2025 11-00-00-CR-003,10.616628,-61.420142,Mid Upper Caroni,3.71,0.22,No
3/17/2025 11:00,CR-004,17-03-2025 11-00-00-CR-004,10.609654,-61.395995,Mid Caroni,2.37,-1.6,No
3/17/2025 11:00,CR-005,17-03-2025 11-00-00-CR-005,10.606111,-61.374422,Mid Lower Caroni,2.15,-0.61,No
3/17/2025 11:00,CR-006,17-03-2025 11-00-00-CR-006,10.582769,-61.341406,Lower Caroni,3.59,1.92,No
3/17/2025 11:00,CR-007,17-03-2025 11-00-00-CR-007,10.578663,-61.291224,Caroni Swamp Entrance,3.14,0.36,No
3/17/2025 11:00,CR-008,17-03-2025 11-00-00-CR-008,10.5799,-61.255061,Caroni River Mouth,3.19,0.93,No
3/17/2025 12:00,CR-001,17-03-2025 12-00-00-CR-001,10.62038,-61.466257,Caroni Source,2.85,-0.18,No
3/17/2025 12:00,CR-002,17-03-2025 12-00-00-CR-002,10.617247,-61.43931,Early Caroni,2.88,-0.12,No
3/17/2025 12:00,CR-003,17-03-2025 12-00-00-CR-003,10.616628,-61.420142,Mid Upper Caroni,2.76,-0.95,No
3/17/2025 12:00,CR-004,17-03-2025 12-00-00-CR-004,10.609654,-61.395995,Mid Caroni,2.63,0.26,No
3/17/2025 12:00,CR-005,17-03-2025 12-00-00-CR-005,10.606111,-61.374422,Mid Lower Caroni,3.82,1.67,Yes
3/17/2025 12:00,CR-006,17-03-2025 12-00-00-CR-006,10.582769,-61.341406,Lower Caroni,1.86,-1.73,No
3/17/2025 12:00,CR-007,17-03-2025 12-00-00-CR-007,10.578663,-61.291224,Caroni Swamp Entrance,3.29,0.15,No
3/17/2025 12:00,CR-008,17-03-2025 12-00-00-CR-008,10.5799,-61.255061,Caroni River Mouth,2.8,-0.39,No
3/17/2025 13:00,CR-001,17-03-2025 13-00-00-CR-001,10.62038,-61.466257,Caroni Source,3.36,0.51,No
3/17/2025 13:00,CR-002,17-03-2025 13-00-00-CR-002,10.617247,-61.43931,Early Caroni,3.86,0.98,Yes
3/17/2025 13:00,CR-003,17-03-2025 13-00-00-CR-003,10.616628,-61.420142,Mid Upper Caroni,2,-0.76,No
3/17/2025 13:00,CR-004,17-03-2025 13-00-00-CR-004,10.609654,-61.395995,Mid Caroni,2.66,0.03,No
3/17/2025 13:00,CR-005,17-03-2025 13-00-00-CR-005,10.606111,-61.374422,Mid Lower Caroni,1.5,-2.32,No
3/17/2025 13:00,CR-006,17-03-2025 13-00-00-CR-006,10.582769,-61.341406,Lower Caroni,1.81,-0.05,No
3/17/2025 13:00,CR-007,17-03-2025 13-00-00-CR-007,10.578663,-61.291224,Caroni Swamp Entrance,2.43,-0.86,No
3/17/2025 13:00,CR-008,17-03-2025 13-00-00-CR-008,10.5799,-61.255061,Caroni River Mouth,2.75,-0.05,No
3/17/2025 14:00,CR-001,17-03-2025 14-00-00-CR-001,10.62038,-61.466257,Caroni Source,3,-0.36,No
3/17/2025 14:00,CR-002,17-03-2025 14-00-00-CR-002,10.617247,-61.43931,Early Caroni,2.11,-1.75,No
3/17/2025 14:00,CR-003,17-03-2025 14-00-00-CR-003,10.616628,-61.420142,Mid Upper Caroni,3.21,1.21,No
3/17/2025 14:00,CR-004,17-03-2025 14-00-00-CR-004,10.609654,-61.395995,Mid Caroni,2.3,-0.36,No
3/17/2025 14:00,CR-005,17-03-2025 14-00-00-CR-005,10.606111,-61.374422,Mid Lower Caroni,1.65,0.15,No
3/17/2025 14:00,CR-006,17-03-2025 14-00-00-CR-006,10.582769,-61.341406,Lower Caroni,2.99,1.18,No
3/17/2025 14:00,CR-007,17-03-2025 14-00-00-CR-007,10.578663,-61.291224,Caroni Swamp Entrance,3.96,1.53,Yes
3/17/2025 14:00,CR-008,17-03-2025 14-00-00-CR-008,10.5799,-61.255061,Caroni River Mouth,2.32,-0.43,No
3/17/2025 15:00,CR-001,17-03-2025 15-00-00-CR-001,10.62038,-61.466257,Caroni Source,1.85,-1.15,No
3/17/2025 15:00,CR-002,17-03-2025 15-00-00-CR-002,10.617247,-61.43931,Early Caroni,3.99,1.88,Yes
3/17/2025 15:00,CR-003,17-03-2025 15-00-00-CR-003,10.616628,-61.420142,Mid Upper Caroni,3.48,0.27,No
3/17/2025 15:00,CR-004,17-03-2025 15-00-00-CR-004,10.609654,-61.395995,Mid Caroni,3.77,1.47,No
3/17/2025 15:00,CR-005,17-03-2025 15-00-00-CR-005,10.606111,-61.374422,Mid Lower Caroni,2.86,1.21,No
3/17/2025 15:00,CR-006,17-03-2025 15-00-00-CR-006,10.582769,-61.341406,Lower Caroni,2.97,-0.02,No
3/17/2025 15:00,CR-007,17-03-2025 15-00-00-CR-007,10.578663,-61.291224,Caroni Swamp Entrance,1.88,-2.08,No
3/17/2025 15:00,CR-008,17-03-2025 15-00-00-CR-008,10.5799,-61.255061,Caroni River Mouth,3.96,1.64,Yes
3/17/2025 16:00,CR-001,17-03-2025 16-00-00-CR-001,10.62038,-61.466257,Caroni Source,3.1,1.25,No
3/17/2025 16:00,CR-002,17-03-2025 16-00-00-CR-002,10.617247,-61.43931,Early Caroni,3.75,-0.24,No
3/17/2025 16:00,CR-003,17-03-2025 16-00-00-CR-003,10.616628,-61.420142,Mid Upper Caroni,3.05,-0.43,No
3/17/2025 16:00,CR-004,17-03-2025 16-00-00-CR-004,10.609654,-61.395995,Mid Caroni,3.79,0.02,No
3/17/2025 16:00,CR-005,17-03-2025 16-00-00-CR-005,10.606111,-61.374422,Mid Lower Caroni,2.17,-0.69,No
3/17/2025 16:00,CR-006,17-03-2025 16-00-00-CR-006,10.582769,-61.341406,Lower Caroni,2.88,-0.09,No
3/17/2025 16:00,CR-007,17-03-2025 16-00-00-CR-007,10.578663,-61.291224,Caroni Swamp Entrance,3.43,1.55,No
3/17/2025 16:00,CR-008,17-03-2025 16-00-00-CR-008,10.5799,-61.255061,Caroni River Mouth,3.38,-0.58,No
3/17/2025 17:00,CR-001,17-03-2025 17-00-00-CR-001,10.62038,-61.466257,Caroni Source,1.68,-1.42,No
3/17/2025 17:00,CR-002,17-03-2025 17-00-00-CR-002,10.617247,-61.43931,Early Caroni,3.62,-0.13,No
3/17/2025 17:00,CR-003,17-03-2025 17-00-00-CR-003,10.616628,-61.420142,Mid Upper Caroni,1.69,-1.36,No
3/17/2025 17:00,CR-004,17-03-2025 17-00-00-CR-004,10.609654,-61.395995,Mid Caroni,3.38,-0.41,No
3/17/2025 17:00,CR-005,17-03-2025 17-00-00-CR-005,10.606111,-61.374422,Mid Lower Caroni,3.8,1.63,No
3/17/2025 17:00,CR-006,17-03-2025 17-00-00-CR-006,10.582769,-61.341406,Lower Caroni,3.22,0.34,No
3/17/2025 17:00,CR-007,17-03-2025 17-00-00-CR-007,10.578663,-61.291224,Caroni Swamp Entrance,1.84,-1.59,No
3/17/2025 17:00,CR-008,17-03-2025 17-00-00-CR-008,10.5799,-61.255061,Caroni River Mouth,3.82,0.44,Yes
3/17/2025 18:00,CR-001,17-03-2025 18-00-00-CR-001,10.62038,-61.466257,Caroni Source,1.67,-0.01,No
3/17/2025 18:00,CR-002,17-03-2025 18-00-00-CR-002,10.617247,-61.43931,Early Caroni,3.93,0.31,Yes
3/17/2025 18:00,CR-003,17-03-2025 18-00-00-CR-003,10.616628,-61.420142,Mid Upper Caroni,3.32,1.63,No
3/17/2025 18:00,CR-004,17-03-2025 18-00-00-CR-004,10.609654,-61.395995,Mid Caroni,2,-1.38,No
3/17/2025 18:00,CR-005,17-03-2025 18-00-00-CR-005,10.606111,-61.374422,Mid Lower Caroni,2.41,-1.39,No
3/17/2025 18:00,CR-006,17-03-2025 18-00-00-CR-006,10.582769,-61.341406,Lower Caroni,2.8,-0.42,No
3/17/2025 18:00,CR-007,17-03-2025 18-00-00-CR-007,10.578663,-61.291224,Caroni Swamp Entrance,2.75,0.91,No
3/17/2025 18:00,CR-008,17-03-2025 18-00-00-CR-008,10.5799,-61.255061,Caroni River Mouth,3.49,-0.33,No
3/17/2025 19:00,CR-001,17-03-2025 19-00-00-CR-001,10.62038,-61.466257,Caroni Source,1.6,-0.07,No
3/17/2025 19:00,CR-002,17-03-2025 19-00-00-CR-002,10.617247,-61.43931,Early Caroni,3.56,-0.37,No
3/17/2025 19:00,CR-003,17-03-2025 19-00-00-CR-003,10.616628,-61.420142,Mid Upper Caroni,2.27,-1.05,No
3/17/2025 19:00,CR-004,17-03-2025 19-00-00-CR-004,10.609654,-61.395995,Mid Caroni,3.31,1.31,No
3/17/2025 19:00,CR-005,17-03-2025 19-00-00-CR-005,10.606111,-61.374422,Mid Lower Caroni,2.2,-0.21,No
3/17/2025 19:00,CR-006,17-03-2025 19-00-00-CR-006,10.582769,-61.341406,Lower Caroni,2.35,-0.45,No
3/17/2025 19:00,CR-007,17-03-2025 19-00-00-CR-007,10.578663,-61.291224,Caroni Swamp Entrance,3.94,1.19,Yes
3/17/2025 19:00,CR-008,17-03-2025 19-00-00-CR-008,10.5799,-61.255061,Caroni River Mouth,3.2,-0.29,No
3/17/2025 20:00,CR-001,17-03-2025 20-00-00-CR-001,10.62038,-61.466257,Caroni Source,2.96,1.36,No
3/17/2025 20:00,CR-002,17-03-2025 20-00-00-CR-002,10.617247,-61.43931,Early Caroni,3.44,-0.12,No
3/17/2025 20:00,CR-003,17-03-2025 20-00-00-CR-003,10.616628,-61.420142,Mid Upper Caroni,2.93,0.66,No
3/17/2025 20:00,CR-004,17-03-2025 20-00-00-CR-004,10.609654,-61.395995,Mid Caroni,1.8,-1.51,No
3/17/2025 20:00,CR-005,17-03-2025 20-00-00-CR-005,10.606111,-61.374422,Mid Lower Caroni,2.5,0.3,No
3/17/2025 20:00,CR-006,17-03-2025 20-00-00-CR-006,10.582769,-61.341406,Lower Caroni,2.81,0.46,No
3/17/2025 20:00,CR-007,17-03-2025 20-00-00-CR-007,10.578663,-61.291224,Caroni Swamp Entrance,2.71,-1.23,No
3/17/2025 20:00,CR-008,17-03-2025 20-00-00-CR-008,10.5799,-61.255061,Caroni River Mouth,3.31,0.11,No
3/17/2025 21:00,CR-001,17-03-2025 21-00-00-CR-001,10.62038,-61.466257,Caroni Source,3.2,0.24,No
3/17/2025 21:00,CR-002,17-03-2025 21-00-00-CR-002,10.617247,-61.43931,Early Caroni,2.43,-1.01,No
3/17/2025 21:00,CR-003,17-03-2025 21-00-00-CR-003,10.616628,-61.420142,Mid Upper Caroni,3.59,0.66,No
3/17/2025 21:00,CR-004,17-03-2025 21-00-00-CR-004,10.609654,-61.395995,Mid Caroni,3.98,2.18,Yes
3/17/2025 21:00,CR-005,17-03-2025 21-00-00-CR-005,10.606111,-61.374422,Mid Lower Caroni,3.56,1.06,No
3/17/2025 21:00,CR-006,17-03-2025 21-00-00-CR-006,10.582769,-61.341406,Lower Caroni,2.98,0.17,No
3/17/2025 21:00,CR-007,17-03-2025 21-00-00-CR-007,10.578663,-61.291224,Caroni Swamp Entrance,3.81,1.1,Yes
3/17/2025 21:00,CR-008,17-03-2025 21-00-00-CR-008,10.5799,-61.255061,Caroni River Mouth,2,-1.31,No
3/17/2025 22:00,CR-001,17-03-2025 22-00-00-CR-001,10.62038,-61.466257,Caroni Source,1.54,-1.66,No
3/17/2025 22:00,CR-002,17-03-2025 22-00-00-CR-002,10.617247,-61.43931,Early Caroni,2.61,0.18,No
3/17/2025 22:00,CR-003,17-03-2025 22-00-00-CR-003,10.616628,-61.420142,Mid Upper Caroni,3.31,-0.28,No
3/17/2025 22:00,CR-004,17-03-2025 22-00-00-CR-004,10.609654,-61.395995,Mid Caroni,2.65,-1.33,No
3/17/2025 22:00,CR-005,17-03-2025 22-00-00-CR-005,10.606111,-61.374422,Mid Lower Caroni,2.45,-1.11,No
3/17/2025 22:00,CR-006,17-03-2025 22-00-00-CR-006,10.582769,-61.341406,Lower Caroni,2.43,-0.55,No
3/17/2025 22:00,CR-007,17-03-2025 22-00-00-CR-007,10.578663,-61.291224,Caroni Swamp Entrance,2.21,-1.6,No
3/17/2025 22:00,CR-008,17-03-2025 22-00-00-CR-008,10.5799,-61.255061,Caroni River Mouth,3,1,No
3/17/2025 23:00,CR-001,17-03-2025 23-00-00-CR-001,10.62038,-61.466257,Caroni Source,3.86,2.32,Yes
3/17/2025 23:00,CR-002,17-03-2025 23-00-00-CR-002,10.617247,-61.43931,Early Caroni,1.54,-1.07,No
3/17/2025 23:00,CR-003,17-03-2025 23-00-00-CR-003,10.616628,-61.420142,Mid Upper Caroni,2.04,-1.27,No
3/17/2025 23:00,CR-004,17-03-2025 23-00-00-CR-004,10.609654,-61.395995,Mid Caroni,2.12,-0.53,No
3/17/2025 23:00,CR-005,17-03-2025 23-00-00-CR-005,10.606111,-61.374422,Mid Lower Caroni,3.16,0.71,No
3/17/2025 23:00,CR-006,17-03-2025 23-00-00-CR-006,10.582769,-61.341406,Lower Caroni,2.11,-0.32,No
3/17/2025 23:00,CR-007,17-03-2025 23-00-00-CR-007,10.578663,-61.291224,Caroni Swamp Entrance,2.66,0.45,No
3/17/2025 23:00,CR-008,17-03-2025 23-00-00-CR-008,10.5799,-61.255061,Caroni River Mouth,2.88,-0.12,No
3/18/2025 0:00,CR-001,18-03-2025 00-00-00-CR-001,10.62038,-61.466257,Caroni Source,2.55,-1.31,No
3/18/2025 0:00,CR-002,18-03-2025 00-00-00-CR-002,10.617247,-61.43931,Early Caroni,3.03,1.49,No
3/18/2025 0:00,CR-003,18-03-2025 00-00-00-CR-003,10.616628,-61.420142,Mid Upper Caroni,2.62,0.58,No
3/18/2025 0:00,CR-004,18-03-2025 00-00-00-CR-004,10.609654,-61.395995,Mid Caroni,3.53,1.41,No
3/18/2025 0:00,CR-005,18-03-2025 00-00-00-CR-005,10.606111,-61.374422,Mid Lower Caroni,2.52,-0.64,No
3/18/2025 0:00,CR-006,18-03-2025 00-00-00-CR-006,10.582769,-61.341406,Lower Caroni,3.89,1.78,Yes
3/18/2025 0:00,CR-007,18-03-2025 00-00-00-CR-007,10.578663,-61.291224,Caroni Swamp Entrance,3.18,0.52,No
3/18/2025 0:00,CR-008,18-03-2025 00-00-00-CR-008,10.5799,-61.255061,Caroni River Mouth,2.91,0.03,No
3/18/2025 1:00,CR-001,18-03-2025 01-00-00-CR-001,10.62038,-61.466257,Caroni Source,2.19,-0.36,No
3/18/2025 1:00,CR-002,18-03-2025 01-00-00-CR-002,10.617247,-61.43931,Early Caroni,3.98,0.95,Yes
3/18/2025 1:00,CR-003,18-03-2025 01-00-00-CR-003,10.616628,-61.420142,Mid Upper Caroni,3.13,0.51,No
3/18/2025 1:00,CR-004,18-03-2025 01-00-00-CR-004,10.609654,-61.395995,Mid Caroni,2.35,-1.18,No
3/18/2025 1:00,CR-005,18-03-2025 01-00-00-CR-005,10.606111,-61.374422,Mid Lower Caroni,3.13,0.61,No
3/18/2025 1:00,CR-006,18-03-2025 01-00-00-CR-006,10.582769,-61.341406,Lower Caroni,2.93,-0.96,No
3/18/2025 1:00,CR-007,18-03-2025 01-00-00-CR-007,10.578663,-61.291224,Caroni Swamp Entrance,2.55,-0.63,No
3/18/2025 1:00,CR-008,18-03-2025 01-00-00-CR-008,10.5799,-61.255061,Caroni River Mouth,3.81,0.9,Yes
3/18/2025 2:00,CR-001,18-03-2025 02-00-00-CR-001,10.62038,-61.466257,Caroni Source,3.58,1.39,No
3/18/2025 2:00,CR-002,18-03-2025 02-00-00-CR-002,10.617247,-61.43931,Early Caroni,2.94,-1.04,No
3/18/2025 2:00,CR-003,18-03-2025 02-00-00-CR-003,10.616628,-61.420142,Mid Upper Caroni,2.52,-0.61,No
3/18/2025 2:00,CR-004,18-03-2025 02-00-00-CR-004,10.609654,-61.395995,Mid Caroni,1.77,-0.58,No
3/18/2025 2:00,CR-005,18-03-2025 02-00-00-CR-005,10.606111,-61.374422,Mid Lower Caroni,2.05,-1.08,No
3/18/2025 2:00,CR-006,18-03-2025 02-00-00-CR-006,10.582769,-61.341406,Lower Caroni,2.09,-0.84,No
3/18/2025 2:00,CR-007,18-03-2025 02-00-00-CR-007,10.578663,-61.291224,Caroni Swamp Entrance,3.35,0.8,No
3/18/2025 2:00,CR-008,18-03-2025 02-00-00-CR-008,10.5799,-61.255061,Caroni River Mouth,1.58,-2.23,No
3/18/2025 3:00,CR-001,18-03-2025 03-00-00-CR-001,10.62038,-61.466257,Caroni Source,3.26,-0.32,No
3/18/2025 3:00,CR-002,18-03-2025 03-00-00-CR-002,10.617247,-61.43931,Early Caroni,1.81,-1.13,No
3/18/2025 3:00,CR-003,18-03-2025 03-00-00-CR-003,10.616628,-61.420142,Mid Upper Caroni,1.78,-0.74,No
3/18/2025 3:00,CR-004,18-03-2025 03-00-00-CR-004,10.609654,-61.395995,Mid Caroni,3.27,1.5,No
3/18/2025 3:00,CR-005,18-03-2025 03-00-00-CR-005,10.606111,-61.374422,Mid Lower Caroni,2.5,0.45,No
3/18/2025 3:00,CR-006,18-03-2025 03-00-00-CR-006,10.582769,-61.341406,Lower Caroni,1.95,-0.14,No
3/18/2025 3:00,CR-007,18-03-2025 03-00-00-CR-007,10.578663,-61.291224,Caroni Swamp Entrance,1.82,-1.53,No
3/18/2025 3:00,CR-008,18-03-2025 03-00-00-CR-008,10.5799,-61.255061,Caroni River Mouth,1.69,0.11,No
3/18/2025 4:00,CR-001,18-03-2025 04-00-00-CR-001,10.62038,-61.466257,Caroni Source,1.56,-1.7,No
3/18/2025 4:00,CR-002,18-03-2025 04-00-00-CR-002,10.617247,-61.43931,Early Caroni,2.83,1.02,No
3/18/2025 4:00,CR-003,18-03-2025 04-00-00-CR-003,10.616628,-61.420142,Mid Upper Caroni,1.87,0.09,No
3/18/2025 4:00,CR-004,18-03-2025 04-00-00-CR-004,10.609654,-61.395995,Mid Caroni,3.65,0.38,No
3/18/2025 4:00,CR-005,18-03-2025 04-00-00-CR-005,10.606111,-61.374422,Mid Lower Caroni,2.76,0.26,No
3/18/2025 4:00,CR-006,18-03-2025 04-00-00-CR-006,10.582769,-61.341406,Lower Caroni,1.86,-0.09,No
3/18/2025 4:00,CR-007,18-03-2025 04-00-00-CR-007,10.578663,-61.291224,Caroni Swamp Entrance,3.59,1.77,No
3/18/2025 4:00,CR-008,18-03-2025 04-00-00-CR-008,10.5799,-61.255061,Caroni River Mouth,1.83,0.14,No
3/18/2025 5:00,CR-001,18-03-2025 05-00-00-CR-001,10.62038,-61.466257,Caroni Source,2.53,0.97,No
3/18/2025 5:00,CR-002,18-03-2025 05-00-00-CR-002,10.617247,-61.43931,Early Caroni,2.02,-0.81,No
3/18/2025 5:00,CR-003,18-03-2025 05-00-00-CR-003,10.616628,-61.420142,Mid Upper Caroni,3.46,1.59,No
3/18/2025 5:00,CR-004,18-03-2025 05-00-00-CR-004,10.609654,-61.395995,Mid Caroni,3.82,0.17,Yes
3/18/2025 5:00,CR-005,18-03-2025 05-00-00-CR-005,10.606111,-61.374422,Mid Lower Caroni,2.42,-0.34,No
3/18/2025 5:00,CR-006,18-03-2025 05-00-00-CR-006,10.582769,-61.341406,Lower Caroni,2.68,0.82,No
3/18/2025 5:00,CR-007,18-03-2025 05-00-00-CR-007,10.578663,-61.291224,Caroni Swamp Entrance,2.46,-1.13,No
3/18/2025 5:00,CR-008,18-03-2025 05-00-00-CR-008,10.5799,-61.255061,Caroni River Mouth,3.88,2.05,Yes
3/18/2025 6:00,CR-001,18-03-2025 06-00-00-CR-001,10.62038,-61.466257,Caroni Source,2.64,0.11,No
3/18/2025 6:00,CR-002,18-03-2025 06-00-00-CR-002,10.617247,-61.43931,Early Caroni,1.82,-0.2,No
3/18/2025 6:00,CR-003,18-03-2025 06-00-00-CR-003,10.616628,-61.420142,Mid Upper Caroni,1.94,-1.52,No
3/18/2025 6:00,CR-004,18-03-2025 06-00-00-CR-004,10.609654,-61.395995,Mid Caroni,3.78,-0.04,No
3/18/2025 6:00,CR-005,18-03-2025 06-00-00-CR-005,10.606111,-61.374422,Mid Lower Caroni,3.37,0.95,No
3/18/2025 6:00,CR-006,18-03-2025 06-00-00-CR-006,10.582769,-61.341406,Lower Caroni,2.55,-0.13,No
3/18/2025 6:00,CR-007,18-03-2025 06-00-00-CR-007,10.578663,-61.291224,Caroni Swamp Entrance,2.41,-0.05,No
3/18/2025 6:00,CR-008,18-03-2025 06-00-00-CR-008,10.5799,-61.255061,Caroni River Mouth,2.82,-1.06,No
3/18/2025 7:00,CR-001,18-03-2025 07-00-00-CR-001,10.62038,-61.466257,Caroni Source,1.7,-0.94,No
3/18/2025 7:00,CR-002,18-03-2025 07-00-00-CR-002,10.617247,-61.43931,Early Caroni,3.74,1.92,No
3/18/2025 7:00,CR-003,18-03-2025 07-00-00-CR-003,10.616628,-61.420142,Mid Upper Caroni,3.48,1.54,No
3/18/2025 7:00,CR-004,18-03-2025 07-00-00-CR-004,10.609654,-61.395995,Mid Caroni,2.74,-1.04,No
3/18/2025 7:00,CR-005,18-03-2025 07-00-00-CR-005,10.606111,-61.374422,Mid Lower Caroni,3.22,-0.15,No
3/18/2025 7:00,CR-006,18-03-2025 07-00-00-CR-006,10.582769,-61.341406,Lower Caroni,2.9,0.35,No
3/18/2025 7:00,CR-007,18-03-2025 07-00-00-CR-007,10.578663,-61.291224,Caroni Swamp Entrance,3.76,1.35,No
3/18/2025 7:00,CR-008,18-03-2025 07-00-00-CR-008,10.5799,-61.255061,Caroni River Mouth,2.79,-0.03,No
3/18/2025 8:00,CR-001,18-03-2025 08-00-00-CR-001,10.62038,-61.466257,Caroni Source,2.89,1.19,No
3/18/2025 8:00,CR-002,18-03-2025 08-00-00-CR-002,10.617247,-61.43931,Early Caroni,1.96,-1.78,No
3/18/2025 8:00,CR-003,18-03-2025 08-00-00-CR-003,10.616628,-61.420142,Mid Upper Caroni,3.03,-0.45,No
3/18/2025 8:00,CR-004,18-03-2025 08-00-00-CR-004,10.609654,-61.395995,Mid Caroni,1.97,-0.77,No
3/18/2025 8:00,CR-005,18-03-2025 08-00-00-CR-005,10.606111,-61.374422,Mid Lower Caroni,1.8,-1.42,No
3/18/2025 8:00,CR-006,18-03-2025 08-00-00-CR-006,10.582769,-61.341406,Lower Caroni,3.23,0.33,No
3/18/2025 8:00,CR-007,18-03-2025 08-00-00-CR-007,10.578663,-61.291224,Caroni Swamp Entrance,3.81,0.05,Yes
3/18/2025 8:00,CR-008,18-03-2025 08-00-00-CR-008,10.5799,-61.255061,Caroni River Mouth,3.04,0.25,No
3/18/2025 9:00,CR-001,18-03-2025 09-00-00-CR-001,10.62038,-61.466257,Caroni Source,3.25,0.36,No
3/18/2025 9:00,CR-002,18-03-2025 09-00-00-CR-002,10.617247,-61.43931,Early Caroni,1.51,-0.45,No
3/18/2025 9:00,CR-003,18-03-2025 09-00-00-CR-003,10.616628,-61.420142,Mid Upper Caroni,2.23,-0.8,No
3/18/2025 9:00,CR-004,18-03-2025 09-00-00-CR-004,10.609654,-61.395995,Mid Caroni,3.8,1.83,No
3/18/2025 9:00,CR-005,18-03-2025 09-00-00-CR-005,10.606111,-61.374422,Mid Lower Caroni,3.88,2.08,Yes
3/18/2025 9:00,CR-006,18-03-2025 09-00-00-CR-006,10.582769,-61.341406,Lower Caroni,3.1,-0.13,No
3/18/2025 9:00,CR-007,18-03-2025 09-00-00-CR-007,10.578663,-61.291224,Caroni Swamp Entrance,2.8,-1.01,No
3/18/2025 9:00,CR-008,18-03-2025 09-00-00-CR-008,10.5799,-61.255061,Caroni River Mouth,2.78,-0.26,No
3/18/2025 10:00,CR-001,18-03-2025 10-00-00-CR-001,10.62038,-61.466257,Caroni Source,2.18,-1.07,No
3/18/2025 10:00,CR-002,18-03-2025 10-00-00-CR-002,10.617247,-61.43931,Early Caroni,1.56,0.05,No
3/18/2025 10:00,CR-003,18-03-2025 10-00-00-CR-003,10.616628,-61.420142,Mid Upper Caroni,3.34,1.11,No
3/18/2025 10:00,CR-004,18-03-2025 10-00-00-CR-004,10.609654,-61.395995,Mid Caroni,3.26,-0.54,No
3/18/2025 10:00,CR-005,18-03-2025 10-00-00-CR-005,10.606111,-61.374422,Mid Lower Caroni,2.42,-1.46,No
3/18/2025 10:00,CR-006,18-03-2025 10-00-00-CR-006,10.582769,-61.341406,Lower Caroni,2.52,-0.58,No
3/18/2025 10:00,CR-007,18-03-2025 10-00-00-CR-007,10.578663,-61.291224,Caroni Swamp Entrance,3.24,0.44,No
3/18/2025 10:00,CR-008,18-03-2025 10-00-00-CR-008,10.5799,-61.255061,Caroni River Mouth,2.19,-0.59,No
3/18/2025 11:00,CR-001,18-03-2025 11-00-00-CR-001,10.62038,-61.466257,Caroni Source,2.38,0.2,No
3/18/2025 11:00,CR-002,18-03-2025 11-00-00-CR-002,10.617247,-61.43931,Early Caroni,2.97,1.41,No
3/18/2025 11:00,CR-003,18-03-2025 11-00-00-CR-003,10.616628,-61.420142,Mid Upper Caroni,3.29,-0.05,No
3/18/2025 11:00,CR-004,18-03-2025 11-00-00-CR-004,10.609654,-61.395995,Mid Caroni,2.25,-1.01,No
3/18/2025 11:00,CR-005,18-03-2025 11-00-00-CR-005,10.606111,-61.374422,Mid Lower Caroni,3.77,1.35,No
3/18/2025 11:00,CR-006,18-03-2025 11-00-00-CR-006,10.582769,-61.341406,Lower Caroni,2.2,-0.32,No
3/18/2025 11:00,CR-007,18-03-2025 11-00-00-CR-007,10.578663,-61.291224,Caroni Swamp Entrance,1.88,-1.36,No
3/18/2025 11:00,CR-008,18-03-2025 11-00-00-CR-008,10.5799,-61.255061,Caroni River Mouth,3.37,1.18,No
3/18/2025 12:00,CR-001,18-03-2025 12-00-00-CR-001,10.62038,-61.466257,Caroni Source,3.66,1.28,No
3/18/2025 12:00,CR-002,18-03-2025 12-00-00-CR-002,10.617247,-61.43931,Early Caroni,3.61,0.64,No
3/18/2025 12:00,CR-003,18-03-2025 12-00-00-CR-003,10.616628,-61.420142,Mid Upper Caroni,2.54,-0.75,No
3/18/2025 12:00,CR-004,18-03-2025 12-00-00-CR-004,10.609654,-61.395995,Mid Caroni,3.64,1.39,No
3/18/2025 12:00,CR-005,18-03-2025 12-00-00-CR-005,10.606111,-61.374422,Mid Lower Caroni,2.7,-1.07,No
3/18/2025 12:00,CR-006,18-03-2025 12-00-00-CR-006,10.582769,-61.341406,Lower Caroni,3.17,0.97,No
3/18/2025 12:00,CR-007,18-03-2025 12-00-00-CR-007,10.578663,-61.291224,Caroni Swamp Entrance,3.91,2.03,Yes
3/18/2025 12:00,CR-008,18-03-2025 12-00-00-CR-008,10.5799,-61.255061,Caroni River Mouth,1.8,-1.57,No
3/18/2025 13:00,CR-001,18-03-2025 13-00-00-CR-001,10.62038,-61.466257,Caroni Source,2.55,-1.11,No
3/18/2025 13:00,CR-002,18-03-2025 13-00-00-CR-002,10.617247,-61.43931,Early Caroni,2.06,-1.55,No
3/18/2025 13:00,CR-003,18-03-2025 13-00-00-CR-003,10.616628,-61.420142,Mid Upper Caroni,2.34,-0.2,No
3/18/2025 13:00,CR-004,18-03-2025 13-00-00-CR-004,10.609654,-61.395995,Mid Caroni,3.1,-0.54,No
3/18/2025 13:00,CR-005,18-03-2025 13-00-00-CR-005,10.606111,-61.374422,Mid Lower Caroni,1.79,-0.91,No
3/18/2025 13:00,CR-006,18-03-2025 13-00-00-CR-006,10.582769,-61.341406,Lower Caroni,2.75,-0.42,No
3/18/2025 13:00,CR-007,18-03-2025 13-00-00-CR-007,10.578663,-61.291224,Caroni Swamp Entrance,3.6,-0.31,No
3/18/2025 13:00,CR-008,18-03-2025 13-00-00-CR-008,10.5799,-61.255061,Caroni River Mouth,3.04,1.24,No
3/18/2025 14:00,CR-001,18-03-2025 14-00-00-CR-001,10.62038,-61.466257,Caroni Source,2.91,0.36,No
3/18/2025 14:00,CR-002,18-03-2025 14-00-00-CR-002,10.617247,-61.43931,Early Caroni,3.32,1.26,No
3/18/2025 14:00,CR-003,18-03-2025 14-00-00-CR-003,10.616628,-61.420142,Mid Upper Caroni,3.49,1.15,No
3/18/2025 14:00,CR-004,18-03-2025 14-00-00-CR-004,10.609654,-61.395995,Mid Caroni,3.93,0.83,Yes
3/18/2025 14:00,CR-005,18-03-2025 14-00-00-CR-005,10.606111,-61.374422,Mid Lower Caroni,2.04,0.25,No
3/18/2025 14:00,CR-006,18-03-2025 14-00-00-CR-006,10.582769,-61.341406,Lower Caroni,2.36,-0.39,No
3/18/2025 14:00,CR-007,18-03-2025 14-00-00-CR-007,10.578663,-61.291224,Caroni Swamp Entrance,3.49,-0.11,No
3/18/2025 14:00,CR-008,18-03-2025 14-00-00-CR-008,10.5799,-61.255061,Caroni River Mouth,1.66,-1.38,No
3/18/2025 15:00,CR-001,18-03-2025 15-00-00-CR-001,10.62038,-61.466257,Caroni Source,2.23,-0.68,No
3/18/2025 15:00,CR-002,18-03-2025 15-00-00-CR-002,10.617247,-61.43931,Early Caroni,2.08,-1.24,No
3/18/2025 15:00,CR-003,18-03-2025 15-00-00-CR-003,10.616628,-61.420142,Mid Upper Caroni,3.91,0.42,Yes
3/18/2025 15:00,CR-004,18-03-2025 15-00-00-CR-004,10.609654,-61.395995,Mid Caroni,2.43,-1.5,No
3/18/2025 15:00,CR-005,18-03-2025 15-00-00-CR-005,10.606111,-61.374422,Mid Lower Caroni,1.75,-0.29,No
3/18/2025 15:00,CR-006,18-03-2025 15-00-00-CR-006,10.582769,-61.341406,Lower Caroni,2.1,-0.26,No
3/18/2025 15:00,CR-007,18-03-2025 15-00-00-CR-007,10.578663,-61.291224,Caroni Swamp Entrance,3.64,0.15,No
3/18/2025 15:00,CR-008,18-03-2025 15-00-00-CR-008,10.5799,-61.255061,Caroni River Mouth,2.18,0.52,No
3/18/2025 16:00,CR-001,18-03-2025 16-00-00-CR-001,10.62038,-61.466257,Caroni Source,2.79,0.56,No
3/18/2025 16:00,CR-002,18-03-2025 16-00-00-CR-002,10.617247,-61.43931,Early Caroni,3.79,1.71,No
3/18/2025 16:00,CR-003,18-03-2025 16-00-00-CR-003,10.616628,-61.420142,Mid Upper Caroni,3.82,-0.09,Yes
3/18/2025 16:00,CR-004,18-03-2025 16-00-00-CR-004,10.609654,-61.395995,Mid Caroni,2.43,0,No
3/18/2025 16:00,CR-005,18-03-2025 16-00-00-CR-005,10.606111,-61.374422,Mid Lower Caroni,2.56,0.81,No
3/18/2025 16:00,CR-006,18-03-2025 16-00-00-CR-006,10.582769,-61.341406,Lower Caroni,3.9,1.8,Yes
3/18/2025 16:00,CR-007,18-03-2025 16-00-00-CR-007,10.578663,-61.291224,Caroni Swamp Entrance,1.92,-1.72,No
3/18/2025 16:00,CR-008,18-03-2025 16-00-00-CR-008,10.5799,-61.255061,Caroni River Mouth,3.47,1.29,No
3/18/2025 17:00,CR-001,18-03-2025 17-00-00-CR-001,10.62038,-61.466257,Caroni Source,3.39,0.6,No
3/18/2025 17:00,CR-002,18-03-2025 17-00-00-CR-002,10.617247,-61.43931,Early Caroni,3.33,-0.46,No
3/18/2025 17:00,CR-003,18-03-2025 17-00-00-CR-003,10.616628,-61.420142,Mid Upper Caroni,2.21,-1.61,No
3/18/2025 17:00,CR-004,18-03-2025 17-00-00-CR-004,10.609654,-61.395995,Mid Caroni,1.63,-0.8,No
3/18/2025 17:00,CR-005,18-03-2025 17-00-00-CR-005,10.606111,-61.374422,Mid Lower Caroni,3.98,1.42,Yes
3/18/2025 17:00,CR-006,18-03-2025 17-00-00-CR-006,10.582769,-61.341406,Lower Caroni,2.51,-1.39,No
3/18/2025 17:00,CR-007,18-03-2025 17-00-00-CR-007,10.578663,-61.291224,Caroni Swamp Entrance,2.91,0.99,No
3/18/2025 17:00,CR-008,18-03-2025 17-00-00-CR-008,10.5799,-61.255061,Caroni River Mouth,1.8,-1.67,No
3/18/2025 18:00,CR-001,18-03-2025 18-00-00-CR-001,10.62038,-61.466257,Caroni Source,3.94,0.55,Yes
3/18/2025 18:00,CR-002,18-03-2025 18-00-00-CR-002,10.617247,-61.43931,Early Caroni,1.89,-1.44,No
3/18/2025 18:00,CR-003,18-03-2025 18-00-00-CR-003,10.616628,-61.420142,Mid Upper Caroni,3.61,1.4,No
3/18/2025 18:00,CR-004,18-03-2025 18-00-00-CR-004,10.609654,-61.395995,Mid Caroni,3.6,1.97,No
3/18/2025 18:00,CR-005,18-03-2025 18-00-00-CR-005,10.606111,-61.374422,Mid Lower Caroni,3.85,-0.13,Yes
3/18/2025 18:00,CR-006,18-03-2025 18-00-00-CR-006,10.582769,-61.341406,Lower Caroni,1.97,-0.54,No
3/18/2025 18:00,CR-007,18-03-2025 18-00-00-CR-007,10.578663,-61.291224,Caroni Swamp Entrance,3,0.09,No
3/18/2025 18:00,CR-008,18-03-2025 18-00-00-CR-008,10.5799,-61.255061,Caroni River Mouth,1.58,-0.22,No
3/18/2025 19:00,CR-001,18-03-2025 19-00-00-CR-001,10.62038,-61.466257,Caroni Source,2.86,-1.08,No
3/18/2025 19:00,CR-002,18-03-2025 19-00-00-CR-002,10.617247,-61.43931,Early Caroni,1.63,-0.26,No
3/18/2025 19:00,CR-003,18-03-2025 19-00-00-CR-003,10.616628,-61.420142,Mid Upper Caroni,3.72,0.11,No
3/18/2025 19:00,CR-004,18-03-2025 19-00-00-CR-004,10.609654,-61.395995,Mid Caroni,1.79,-1.81,No
3/18/2025 19:00,CR-005,18-03-2025 19-00-00-CR-005,10.606111,-61.374422,Mid Lower Caroni,3.07,-0.78,No
3/18/2025 19:00,CR-006,18-03-2025 19-00-00-CR-006,10.582769,-61.341406,Lower Caroni,3.65,1.68,No
3/18/2025 19:00,CR-007,18-03-2025 19-00-00-CR-007,10.578663,-61.291224,Caroni Swamp Entrance,1.95,-1.05,No
3/18/2025 19:00,CR-008,18-03-2025 19-00-00-CR-008,10.5799,-61.255061,Caroni River Mouth,3.9,2.32,Yes
3/18/2025 20:00,CR-001,18-03-2025 20-00-00-CR-001,10.62038,-61.466257,Caroni Source,3.55,0.69,No
3/18/2025 20:00,CR-002,18-03-2025 20-00-00-CR-002,10.617247,-61.43931,Early Caroni,2.3,0.67,No
3/18/2025 20:00,CR-003,18-03-2025 20-00-00-CR-003,10.616628,-61.420142,Mid Upper Caroni,2.98,-0.74,No
3/18/2025 20:00,CR-004,18-03-2025 20-00-00-CR-004,10.609654,-61.395995,Mid Caroni,2.33,0.54,No
3/18/2025 20:00,CR-005,18-03-2025 20-00-00-CR-005,10.606111,-61.374422,Mid Lower Caroni,3.03,-0.04,No
3/18/2025 20:00,CR-006,18-03-2025 20-00-00-CR-006,10.582769,-61.341406,Lower Caroni,2.77,-0.88,No
3/18/2025 20:00,CR-007,18-03-2025 20-00-00-CR-007,10.578663,-61.291224,Caroni Swamp Entrance,2.79,0.84,No
3/18/2025 20:00,CR-008,18-03-2025 20-00-00-CR-008,10.5799,-61.255061,Caroni River Mouth,3.17,-0.73,No
3/18/2025 21:00,CR-001,18-03-2025 21-00-00-CR-001,10.62038,-61.466257,Caroni Source,3.48,-0.07,No
3/18/2025 21:00,CR-002,18-03-2025 21-00-00-CR-002,10.617247,-61.43931,Early Caroni,2.75,0.45,No
3/18/2025 21:00,CR-003,18-03-2025 21-00-00-CR-003,10.616628,-61.420142,Mid Upper Caroni,3.07,0.09,No
3/18/2025 21:00,CR-004,18-03-2025 21-00-00-CR-004,10.609654,-61.395995,Mid Caroni,2.48,0.15,No
3/18/2025 21:00,CR-005,18-03-2025 21-00-00-CR-005,10.606111,-61.374422,Mid Lower Caroni,2.39,-0.64,No
3/18/2025 21:00,CR-006,18-03-2025 21-00-00-CR-006,10.582769,-61.341406,Lower Caroni,2.54,-0.23,No
3/18/2025 21:00,CR-007,18-03-2025 21-00-00-CR-007,10.578663,-61.291224,Caroni Swamp Entrance,3.31,0.52,No
3/18/2025 21:00,CR-008,18-03-2025 21-00-00-CR-008,10.5799,-61.255061,Caroni River Mouth,1.62,-1.55,No
3/18/2025 22:00,CR-001,18-03-2025 22-00-00-CR-001,10.62038,-61.466257,Caroni Source,2.83,-0.65,No
3/18/2025 22:00,CR-002,18-03-2025 22-00-00-CR-002,10.617247,-61.43931,Early Caroni,3.58,0.83,No
3/18/2025 22:00,CR-003,18-03-2025 22-00-00-CR-003,10.616628,-61.420142,Mid Upper Caroni,2.57,-0.5,No
3/18/2025 22:00,CR-004,18-03-2025 22-00-00-CR-004,10.609654,-61.395995,Mid Caroni,3.11,0.63,No
3/18/2025 22:00,CR-005,18-03-2025 22-00-00-CR-005,10.606111,-61.374422,Mid Lower Caroni,2.75,0.36,No
3/18/2025 22:00,CR-006,18-03-2025 22-00-00-CR-006,10.582769,-61.341406,Lower Caroni,3.6,1.06,No
3/18/2025 22:00,CR-007,18-03-2025 22-00-00-CR-007,10.578663,-61.291224,Caroni Swamp Entrance,3.29,-0.02,No
3/18/2025 22:00,CR-008,18-03-2025 22-00-00-CR-008,10.5799,-61.255061,Caroni River Mouth,3.64,2.02,No
3/18/2025 23:00,CR-001,18-03-2025 23-00-00-CR-001,10.62038,-61.466257,Caroni Source,3.49,0.66,No
3/18/2025 23:00,CR-002,18-03-2025 23-00-00-CR-002,10.617247,-61.43931,Early Caroni,1.98,-1.6,No
3/18/2025 23:00,CR-003,18-03-2025 23-00-00-CR-003,10.616628,-61.420142,Mid Upper Caroni,3.39,0.82,No
3/18/2025 23:00,CR-004,18-03-2025 23-00-00-CR-004,10.609654,-61.395995,Mid Caroni,3.25,0.14,No
3/18/2025 23:00,CR-005,18-03-2025 23-00-00-CR-005,10.606111,-61.374422,Mid Lower Caroni,3.04,0.29,No
3/18/2025 23:00,CR-006,18-03-2025 23-00-00-CR-006,10.582769,-61.341406,Lower Caroni,3.42,-0.18,No
3/18/2025 23:00,CR-007,18-03-2025 23-00-00-CR-007,10.578663,-61.291224,Caroni Swamp Entrance,3.65,0.36,No
3/18/2025 23:00,CR-008,18-03-2025 23-00-00-CR-008,10.5799,-61.255061,Caroni River Mouth,2.35,-1.29,No
3/19/2025 0:00,CR-001,19-03-2025 00-00-00-CR-001,10.62038,-61.466257,Caroni Source,3.53,0.04,No
3/19/2025 0:00,CR-002,19-03-2025 00-00-00-CR-002,10.617247,-61.43931,Early Caroni,3.02,1.04,No
3/19/2025 0:00,CR-003,19-03-2025 00-00-00-CR-003,10.616628,-61.420142,Mid Upper Caroni,2.45,-0.94,No
3/19/2025 0:00,CR-004,19-03-2025 00-00-00-CR-004,10.609654,-61.395995,Mid Caroni,3.79,0.54,No
3/19/2025 0:00,CR-005,19-03-2025 00-00-00-CR-005,10.606111,-61.374422,Mid Lower Caroni,3.04,0,No
3/19/2025 0:00,CR-006,19-03-2025 00-00-00-CR-006,10.582769,-61.341406,Lower Caroni,3.47,0.05,No
3/19/2025 0:00,CR-007,19-03-2025 00-00-00-CR-007,10.578663,-61.291224,Caroni Swamp Entrance,2.73,-0.92,No
3/19/2025 0:00,CR-008,19-03-2025 00-00-00-CR-008,10.5799,-61.255061,Caroni River Mouth,1.68,-0.67,No
3/19/2025 1:00,CR-001,19-03-2025 01-00-00-CR-001,10.62038,-61.466257,Caroni Source,2.06,-1.47,No
3/19/2025 1:00,CR-002,19-03-2025 01-00-00-CR-002,10.617247,-61.43931,Early Caroni,2.16,-0.86,No
3/19/2025 1:00,CR-003,19-03-2025 01-00-00-CR-003,10.616628,-61.420142,Mid Upper Caroni,2.57,0.12,No
3/19/2025 1:00,CR-004,19-03-2025 01-00-00-CR-004,10.609654,-61.395995,Mid Caroni,1.88,-1.91,No
3/19/2025 1:00,CR-005,19-03-2025 01-00-00-CR-005,10.606111,-61.374422,Mid Lower Caroni,2.23,-0.81,No
3/19/2025 1:00,CR-006,19-03-2025 01-00-00-CR-006,10.582769,-61.341406,Lower Caroni,3.29,-0.18,No
3/19/2025 1:00,CR-007,19-03-2025 01-00-00-CR-007,10.578663,-61.291224,Caroni Swamp Entrance,2.89,0.16,No
3/19/2025 1:00,CR-008,19-03-2025 01-00-00-CR-008,10.5799,-61.255061,Caroni River Mouth,2.51,0.83,No
3/19/2025 2:00,CR-001,19-03-2025 02-00-00-CR-001,10.62038,-61.466257,Caroni Source,1.87,-0.19,No
3/19/2025 2:00,CR-002,19-03-2025 02-00-00-CR-002,10.617247,-61.43931,Early Caroni,2.51,0.35,No
3/19/2025 2:00,CR-003,19-03-2025 02-00-00-CR-003,10.616628,-61.420142,Mid Upper Caroni,1.52,-1.05,No
3/19/2025 2:00,CR-004,19-03-2025 02-00-00-CR-004,10.609654,-61.395995,Mid Caroni,2.23,0.35,No
3/19/2025 2:00,CR-005,19-03-2025 02-00-00-CR-005,10.606111,-61.374422,Mid Lower Caroni,1.63,-0.6,No
3/19/2025 2:00,CR-006,19-03-2025 02-00-00-CR-006,10.582769,-61.341406,Lower Caroni,3.8,0.51,No
3/19/2025 2:00,CR-007,19-03-2025 02-00-00-CR-007,10.578663,-61.291224,Caroni Swamp Entrance,3.2,0.31,No
3/19/2025 2:00,CR-008,19-03-2025 02-00-00-CR-008,10.5799,-61.255061,Caroni River Mouth,2.14,-0.37,No
3/19/2025 3:00,CR-001,19-03-2025 03-00-00-CR-001,10.62038,-61.466257,Caroni Source,2.54,0.67,No
3/19/2025 3:00,CR-002,19-03-2025 03-00-00-CR-002,10.617247,-61.43931,Early Caroni,3.54,1.03,No
3/19/2025 3:00,CR-003,19-03-2025 03-00-00-CR-003,10.616628,-61.420142,Mid Upper Caroni,2.39,0.87,No
3/19/2025 3:00,CR-004,19-03-2025 03-00-00-CR-004,10.609654,-61.395995,Mid Caroni,2.12,-0.11,No
3/19/2025 3:00,CR-005,19-03-2025 03-00-00-CR-005,10.606111,-61.374422,Mid Lower Caroni,1.53,-0.1,No
3/19/2025 3:00,CR-006,19-03-2025 03-00-00-CR-006,10.582769,-61.341406,Lower Caroni,3.61,-0.19,No
3/19/2025 3:00,CR-007,19-03-2025 03-00-00-CR-007,10.578663,-61.291224,Caroni Swamp Entrance,3.33,0.13,No
3/19/2025 3:00,CR-008,19-03-2025 03-00-00-CR-008,10.5799,-61.255061,Caroni River Mouth,1.63,-0.51,No
3/19/2025 4:00,CR-001,19-03-2025 04-00-00-CR-001,10.62038,-61.466257,Caroni Source,2.08,-0.46,No
3/19/2025 4:00,CR-002,19-03-2025 04-00-00-CR-002,10.617247,-61.43931,Early Caroni,3.66,0.12,No
3/19/2025 4:00,CR-003,19-03-2025 04-00-00-CR-003,10.616628,-61.420142,Mid Upper Caroni,1.73,-0.66,No
3/19/2025 4:00,CR-004,19-03-2025 04-00-00-CR-004,10.609654,-61.395995,Mid Caroni,2.06,-0.06,No
3/19/2025 4:00,CR-005,19-03-2025 04-00-00-CR-005,10.606111,-61.374422,Mid Lower Caroni,3.08,1.55,No
3/19/2025 4:00,CR-006,19-03-2025 04-00-00-CR-006,10.582769,-61.341406,Lower Caroni,2.31,-1.3,No
3/19/2025 4:00,CR-007,19-03-2025 04-00-00-CR-007,10.578663,-61.291224,Caroni Swamp Entrance,2.04,-1.29,No
3/19/2025 4:00,CR-008,19-03-2025 04-00-00-CR-008,10.5799,-61.255061,Caroni River Mouth,2.23,0.6,No
3/19/2025 5:00,CR-001,19-03-2025 05-00-00-CR-001,10.62038,-61.466257,Caroni Source,1.99,-0.09,No
3/19/2025 5:00,CR-002,19-03-2025 05-00-00-CR-002,10.617247,-61.43931,Early Caroni,3.43,-0.23,No
3/19/2025 5:00,CR-003,19-03-2025 05-00-00-CR-003,10.616628,-61.420142,Mid Upper Caroni,1.84,0.11,No
3/19/2025 5:00,CR-004,19-03-2025 05-00-00-CR-004,10.609654,-61.395995,Mid Caroni,3.53,1.47,No
3/19/2025 5:00,CR-005,19-03-2025 05-00-00-CR-005,10.606111,-61.374422,Mid Lower Caroni,2.97,-0.11,No
3/19/2025 5:00,CR-006,19-03-2025 05-00-00-CR-006,10.582769,-61.341406,Lower Caroni,1.96,-0.35,No
3/19/2025 5:00,CR-007,19-03-2025 05-00-00-CR-007,10.578663,-61.291224,Caroni Swamp Entrance,2.55,0.51,No
3/19/2025 5:00,CR-008,19-03-2025 05-00-00-CR-008,10.5799,-61.255061,Caroni River Mouth,3.46,1.23,No
3/19/2025 6:00,CR-001,19-03-2025 06-00-00-CR-001,10.62038,-61.466257,Caroni Source,2.41,0.42,No
3/19/2025 6:00,CR-002,19-03-2025 06-00-00-CR-002,10.617247,-61.43931,Early Caroni,2.5,-0.93,No
3/19/2025 6:00,CR-003,19-03-2025 06-00-00-CR-003,10.616628,-61.420142,Mid Upper Caroni,1.74,-0.1,No
3/19/2025 6:00,CR-004,19-03-2025 06-00-00-CR-004,10.609654,-61.395995,Mid Caroni,3.6,0.07,No
3/19/2025 6:00,CR-005,19-03-2025 06-00-00-CR-005,10.606111,-61.374422,Mid Lower Caroni,1.68,-1.29,No
3/19/2025 6:00,CR-006,19-03-2025 06-00-00-CR-006,10.582769,-61.341406,Lower Caroni,1.64,-0.32,No
3/19/2025 6:00,CR-007,19-03-2025 06-00-00-CR-007,10.578663,-61.291224,Caroni Swamp Entrance,2.84,0.29,No
3/19/2025 6:00,CR-008,19-03-2025 06-00-00-CR-008,10.5799,-61.255061,Caroni River Mouth,2.91,-0.55,No
3/19/2025 7:00,CR-001,19-03-2025 07-00-00-CR-001,10.62038,-61.466257,Caroni Source,3.29,0.88,No
3/19/2025 7:00,CR-002,19-03-2025 07-00-00-CR-002,10.617247,-61.43931,Early Caroni,2.21,-0.29,No
3/19/2025 7:00,CR-003,19-03-2025 07-00-00-CR-003,10.616628,-61.420142,Mid Upper Caroni,2.49,0.75,No
3/19/2025 7:00,CR-004,19-03-2025 07-00-00-CR-004,10.609654,-61.395995,Mid Caroni,2.8,-0.8,No
3/19/2025 7:00,CR-005,19-03-2025 07-00-00-CR-005,10.606111,-61.374422,Mid Lower Caroni,2.74,1.06,No
3/19/2025 7:00,CR-006,19-03-2025 07-00-00-CR-006,10.582769,-61.341406,Lower Caroni,2.71,1.07,No
3/19/2025 7:00,CR-007,19-03-2025 07-00-00-CR-007,10.578663,-61.291224,Caroni Swamp Entrance,2.8,-0.04,No
3/19/2025 7:00,CR-008,19-03-2025 07-00-00-CR-008,10.5799,-61.255061,Caroni River Mouth,3.85,0.94,Yes
3/19/2025 8:00,CR-001,19-03-2025 08-00-00-CR-001,10.62038,-61.466257,Caroni Source,3.27,-0.02,No
3/19/2025 8:00,CR-002,19-03-2025 08-00-00-CR-002,10.617247,-61.43931,Early Caroni,2.35,0.14,No
3/19/2025 8:00,CR-003,19-03-2025 08-00-00-CR-003,10.616628,-61.420142,Mid Upper Caroni,1.92,-0.57,No
3/19/2025 8:00,CR-004,19-03-2025 08-00-00-CR-004,10.609654,-61.395995,Mid Caroni,2.02,-0.78,No
3/19/2025 8:00,CR-005,19-03-2025 08-00-00-CR-005,10.606111,-61.374422,Mid Lower Caroni,4,1.26,Yes
3/19/2025 8:00,CR-006,19-03-2025 08-00-00-CR-006,10.582769,-61.341406,Lower Caroni,3.57,0.86,No
3/19/2025 8:00,CR-007,19-03-2025 08-00-00-CR-007,10.578663,-61.291224,Caroni Swamp Entrance,1.52,-1.28,No
3/19/2025 8:00,CR-008,19-03-2025 08-00-00-CR-008,10.5799,-61.255061,Caroni River Mouth,1.51,-2.34,No
3/19/2025 9:00,CR-001,19-03-2025 09-00-00-CR-001,10.62038,-61.466257,Caroni Source,3.38,0.11,No
3/19/2025 9:00,CR-002,19-03-2025 09-00-00-CR-002,10.617247,-61.43931,Early Caroni,2.82,0.47,No
3/19/2025 9:00,CR-003,19-03-2025 09-00-00-CR-003,10.616628,-61.420142,Mid Upper Caroni,2.86,0.94,No
3/19/2025 9:00,CR-004,19-03-2025 09-00-00-CR-004,10.609654,-61.395995,Mid Caroni,3.06,1.04,No
3/19/2025 9:00,CR-005,19-03-2025 09-00-00-CR-005,10.606111,-61.374422,Mid Lower Caroni,2.4,-1.6,No
3/19/2025 9:00,CR-006,19-03-2025 09-00-00-CR-006,10.582769,-61.341406,Lower Caroni,3.29,-0.28,No
3/19/2025 9:00,CR-007,19-03-2025 09-00-00-CR-007,10.578663,-61.291224,Caroni Swamp Entrance,2.46,0.94,No
3/19/2025 9:00,CR-008,19-03-2025 09-00-00-CR-008,10.5799,-61.255061,Caroni River Mouth,2.15,0.64,No
3/19/2025 10:00,CR-001,19-03-2025 10-00-00-CR-001,10.62038,-61.466257,Caroni Source,2.6,-0.78,No
3/19/2025 10:00,CR-002,19-03-2025 10-00-00-CR-002,10.617247,-61.43931,Early Caroni,3.89,1.07,Yes
3/19/2025 10:00,CR-003,19-03-2025 10-00-00-CR-003,10.616628,-61.420142,Mid Upper Caroni,3.49,0.63,No
3/19/2025 10:00,CR-004,19-03-2025 10-00-00-CR-004,10.609654,-61.395995,Mid Caroni,3.41,0.35,No
3/19/2025 10:00,CR-005,19-03-2025 10-00-00-CR-005,10.606111,-61.374422,Mid Lower Caroni,3.02,0.62,No
3/19/2025 10:00,CR-006,19-03-2025 10-00-00-CR-006,10.582769,-61.341406,Lower Caroni,3.33,0.04,No
3/19/2025 10:00,CR-007,19-03-2025 10-00-00-CR-007,10.578663,-61.291224,Caroni Swamp Entrance,3.07,0.61,No
3/19/2025 10:00,CR-008,19-03-2025 10-00-00-CR-008,10.5799,-61.255061,Caroni River Mouth,1.82,-0.33,No
3/19/2025 11:00,CR-001,19-03-2025 11-00-00-CR-001,10.62038,-61.466257,Caroni Source,3.07,0.47,No
3/19/2025 11:00,CR-002,19-03-2025 11-00-00-CR-002,10.617247,-61.43931,Early Caroni,1.65,-2.24,No
3/19/2025 11:00,CR-003,19-03-2025 11-00-00-CR-003,10.616628,-61.420142,Mid Upper Caroni,3.71,0.22,No
3/19/2025 11:00,CR-004,19-03-2025 11-00-00-CR-004,10.609654,-61.395995,Mid Caroni,3.48,0.07,No
3/19/2025 11:00,CR-005,19-03-2025 11-00-00-CR-005,10.606111,-61.374422,Mid Lower Caroni,1.72,-1.3,No
3/19/2025 11:00,CR-006,19-03-2025 11-00-00-CR-006,10.582769,-61.341406,Lower Caroni,3.96,0.63,Yes
3/19/2025 11:00,CR-007,19-03-2025 11-00-00-CR-007,10.578663,-61.291224,Caroni Swamp Entrance,3.84,0.77,Yes
3/19/2025 11:00,CR-008,19-03-2025 11-00-00-CR-008,10.5799,-61.255061,Caroni River Mouth,1.93,0.11,No
3/19/2025 12:00,CR-001,19-03-2025 12-00-00-CR-001,10.62038,-61.466257,Caroni Source,2.99,-0.08,No
3/19/2025 12:00,CR-002,19-03-2025 12-00-00-CR-002,10.617247,-61.43931,Early Caroni,2.32,0.67,No
3/19/2025 12:00,CR-003,19-03-2025 12-00-00-CR-003,10.616628,-61.420142,Mid Upper Caroni,3.45,-0.26,No
3/19/2025 12:00,CR-004,19-03-2025 12-00-00-CR-004,10.609654,-61.395995,Mid Caroni,3.82,0.34,Yes
3/19/2025 12:00,CR-005,19-03-2025 12-00-00-CR-005,10.606111,-61.374422,Mid Lower Caroni,2.19,0.47,No
3/19/2025 12:00,CR-006,19-03-2025 12-00-00-CR-006,10.582769,-61.341406,Lower Caroni,2.28,-1.68,No
3/19/2025 12:00,CR-007,19-03-2025 12-00-00-CR-007,10.578663,-61.291224,Caroni Swamp Entrance,3.92,0.08,Yes
3/19/2025 12:00,CR-008,19-03-2025 12-00-00-CR-008,10.5799,-61.255061,Caroni River Mouth,3.42,1.49,No
3/19/2025 13:00,CR-001,19-03-2025 13-00-00-CR-001,10.62038,-61.466257,Caroni Source,1.6,-1.39,No
3/19/2025 13:00,CR-002,19-03-2025 13-00-00-CR-002,10.617247,-61.43931,Early Caroni,2.13,-0.19,No
3/19/2025 13:00,CR-003,19-03-2025 13-00-00-CR-003,10.616628,-61.420142,Mid Upper Caroni,1.62,-1.83,No
3/19/2025 13:00,CR-004,19-03-2025 13-00-00-CR-004,10.609654,-61.395995,Mid Caroni,1.64,-2.18,No
3/19/2025 13:00,CR-005,19-03-2025 13-00-00-CR-005,10.606111,-61.374422,Mid Lower Caroni,1.72,-0.47,No
3/19/2025 13:00,CR-006,19-03-2025 13-00-00-CR-006,10.582769,-61.341406,Lower Caroni,2.26,-0.02,No
3/19/2025 13:00,CR-007,19-03-2025 13-00-00-CR-007,10.578663,-61.291224,Caroni Swamp Entrance,3.2,-0.72,No
3/19/2025 13:00,CR-008,19-03-2025 13-00-00-CR-008,10.5799,-61.255061,Caroni River Mouth,3.46,0.04,No
3/19/2025 14:00,CR-001,19-03-2025 14-00-00-CR-001,10.62038,-61.466257,Caroni Source,2.81,1.21,No
3/19/2025 14:00,CR-002,19-03-2025 14-00-00-CR-002,10.617247,-61.43931,Early Caroni,1.76,-0.37,No
3/19/2025 14:00,CR-003,19-03-2025 14-00-00-CR-003,10.616628,-61.420142,Mid Upper Caroni,1.5,-0.12,No
3/19/2025 14:00,CR-004,19-03-2025 14-00-00-CR-004,10.609654,-61.395995,Mid Caroni,2.49,0.85,No
3/19/2025 14:00,CR-005,19-03-2025 14-00-00-CR-005,10.606111,-61.374422,Mid Lower Caroni,2.6,0.88,No
3/19/2025 14:00,CR-006,19-03-2025 14-00-00-CR-006,10.582769,-61.341406,Lower Caroni,3.93,1.67,Yes
3/19/2025 14:00,CR-007,19-03-2025 14-00-00-CR-007,10.578663,-61.291224,Caroni Swamp Entrance,2.28,-0.92,No
3/19/2025 14:00,CR-008,19-03-2025 14-00-00-CR-008,10.5799,-61.255061,Caroni River Mouth,3.22,-0.24,No
3/19/2025 15:00,CR-001,19-03-2025 15-00-00-CR-001,10.62038,-61.466257,Caroni Source,3.41,0.6,No
3/19/2025 15:00,CR-002,19-03-2025 15-00-00-CR-002,10.617247,-61.43931,Early Caroni,3.81,2.05,Yes
3/19/2025 15:00,CR-003,19-03-2025 15-00-00-CR-003,10.616628,-61.420142,Mid Upper Caroni,3.01,1.51,No
3/19/2025 15:00,CR-004,19-03-2025 15-00-00-CR-004,10.609654,-61.395995,Mid Caroni,2.83,0.34,No
3/19/2025 15:00,CR-005,19-03-2025 15-00-00-CR-005,10.606111,-61.374422,Mid Lower Caroni,2.08,-0.52,No
3/19/2025 15:00,CR-006,19-03-2025 15-00-00-CR-006,10.582769,-61.341406,Lower Caroni,3.56,-0.37,No
3/19/2025 15:00,CR-007,19-03-2025 15-00-00-CR-007,10.578663,-61.291224,Caroni Swamp Entrance,1.56,-0.72,No
3/19/2025 15:00,CR-008,19-03-2025 15-00-00-CR-008,10.5799,-61.255061,Caroni River Mouth,2.79,-0.43,No
3/19/2025 16:00,CR-001,19-03-2025 16-00-00-CR-001,10.62038,-61.466257,Caroni Source,2.84,-0.57,No
3/19/2025 16:00,CR-002,19-03-2025 16-00-00-CR-002,10.617247,-61.43931,Early Caroni,3.45,-0.36,No
3/19/2025 16:00,CR-003,19-03-2025 16-00-00-CR-003,10.616628,-61.420142,Mid Upper Caroni,1.99,-1.02,No
3/19/2025 16:00,CR-004,19-03-2025 16-00-00-CR-004,10.609654,-61.395995,Mid Caroni,1.64,-1.19,No
3/19/2025 16:00,CR-005,19-03-2025 16-00-00-CR-005,10.606111,-61.374422,Mid Lower Caroni,3.43,1.35,No
3/19/2025 16:00,CR-006,19-03-2025 16-00-00-CR-006,10.582769,-61.341406,Lower Caroni,2.43,-1.13,No
3/19/2025 16:00,CR-007,19-03-2025 16-00-00-CR-007,10.578663,-61.291224,Caroni Swamp Entrance,2.13,0.57,No
3/19/2025 16:00,CR-008,19-03-2025 16-00-00-CR-008,10.5799,-61.255061,Caroni River Mouth,1.61,-1.18,No
3/19/2025 17:00,CR-001,19-03-2025 17-00-00-CR-001,10.62038,-61.466257,Caroni Source,2.79,-0.05,No
3/19/2025 17:00,CR-002,19-03-2025 17-00-00-CR-002,10.617247,-61.43931,Early Caroni,2.07,-1.38,No
3/19/2025 17:00,CR-003,19-03-2025 17-00-00-CR-003,10.616628,-61.420142,Mid Upper Caroni,2.91,0.92,No
3/19/2025 17:00,CR-004,19-03-2025 17-00-00-CR-004,10.609654,-61.395995,Mid Caroni,2.49,0.85,No
3/19/2025 17:00,CR-005,19-03-2025 17-00-00-CR-005,10.606111,-61.374422,Mid Lower Caroni,3.74,0.31,No
3/19/2025 17:00,CR-006,19-03-2025 17-00-00-CR-006,10.582769,-61.341406,Lower Caroni,3.74,1.31,No
3/19/2025 17:00,CR-007,19-03-2025 17-00-00-CR-007,10.578663,-61.291224,Caroni Swamp Entrance,2.39,0.26,No
3/19/2025 17:00,CR-008,19-03-2025 17-00-00-CR-008,10.5799,-61.255061,Caroni River Mouth,1.82,0.21,No
3/19/2025 18:00,CR-001,19-03-2025 18-00-00-CR-001,10.62038,-61.466257,Caroni Source,3.53,0.74,No
3/19/2025 18:00,CR-002,19-03-2025 18-00-00-CR-002,10.617247,-61.43931,Early Caroni,3.76,1.69,No
3/19/2025 18:00,CR-003,19-03-2025 18-00-00-CR-003,10.616628,-61.420142,Mid Upper Caroni,2.61,-0.3,No
3/19/2025 18:00,CR-004,19-03-2025 18-00-00-CR-004,10.609654,-61.395995,Mid Caroni,3.24,0.75,No
3/19/2025 18:00,CR-005,19-03-2025 18-00-00-CR-005,10.606111,-61.374422,Mid Lower Caroni,3.85,0.11,Yes
3/19/2025 18:00,CR-006,19-03-2025 18-00-00-CR-006,10.582769,-61.341406,Lower Caroni,2.44,-1.3,No
3/19/2025 18:00,CR-007,19-03-2025 18-00-00-CR-007,10.578663,-61.291224,Caroni Swamp Entrance,2.72,0.33,No
3/19/2025 18:00,CR-008,19-03-2025 18-00-00-CR-008,10.5799,-61.255061,Caroni River Mouth,2.85,1.03,No
3/19/2025 19:00,CR-001,19-03-2025 19-00-00-CR-001,10.62038,-61.466257,Caroni Source,3.07,-0.46,No
3/19/2025 19:00,CR-002,19-03-2025 19-00-00-CR-002,10.617247,-61.43931,Early Caroni,3.93,0.17,Yes
3/19/2025 19:00,CR-003,19-03-2025 19-00-00-CR-003,10.616628,-61.420142,Mid Upper Caroni,2.48,-0.13,No
3/19/2025 19:00,CR-004,19-03-2025 19-00-00-CR-004,10.609654,-61.395995,Mid Caroni,3.14,-0.1,No
3/19/2025 19:00,CR-005,19-03-2025 19-00-00-CR-005,10.606111,-61.374422,Mid Lower Caroni,3.6,-0.25,No
3/19/2025 19:00,CR-006,19-03-2025 19-00-00-CR-006,10.582769,-61.341406,Lower Caroni,2.59,0.15,No
3/19/2025 19:00,CR-007,19-03-2025 19-00-00-CR-007,10.578663,-61.291224,Caroni Swamp Entrance,1.91,-0.81,No
3/19/2025 19:00,CR-008,19-03-2025 19-00-00-CR-008,10.5799,-61.255061,Caroni River Mouth,1.92,-0.93,No
3/19/2025 20:00,CR-001,19-03-2025 20-00-00-CR-001,10.62038,-61.466257,Caroni Source,2.7,-0.37,No
3/19/2025 20:00,CR-002,19-03-2025 20-00-00-CR-002,10.617247,-61.43931,Early Caroni,1.58,-2.35,No
3/19/2025 20:00,CR-003,19-03-2025 20-00-00-CR-003,10.616628,-61.420142,Mid Upper Caroni,3.62,1.14,No
3/19/2025 20:00,CR-004,19-03-2025 20-00-00-CR-004,10.609654,-61.395995,Mid Caroni,2.06,-1.08,No
3/19/2025 20:00,CR-005,19-03-2025 20-00-00-CR-005,10.606111,-61.374422,Mid Lower Caroni,1.95,-1.65,No
3/19/2025 20:00,CR-006,19-03-2025 20-00-00-CR-006,10.582769,-61.341406,Lower Caroni,3.56,0.97,No
3/19/2025 20:00,CR-007,19-03-2025 20-00-00-CR-007,10.578663,-61.291224,Caroni Swamp Entrance,3.07,1.16,No
3/19/2025 20:00,CR-008,19-03-2025 20-00-00-CR-008,10.5799,-61.255061,Caroni River Mouth,3.27,1.35,No
3/19/2025 21:00,CR-001,19-03-2025 21-00-00-CR-001,10.62038,-61.466257,Caroni Source,2.43,-0.27,No
3/19/2025 21:00,CR-002,19-03-2025 21-00-00-CR-002,10.617247,-61.43931,Early Caroni,3.28,1.7,No
3/19/2025 21:00,CR-003,19-03-2025 21-00-00-CR-003,10.616628,-61.420142,Mid Upper Caroni,1.89,-1.73,No
3/19/2025 21:00,CR-004,19-03-2025 21-00-00-CR-004,10.609654,-61.395995,Mid Caroni,1.81,-0.25,No
3/19/2025 21:00,CR-005,19-03-2025 21-00-00-CR-005,10.606111,-61.374422,Mid Lower Caroni,2.12,0.17,No
3/19/2025 21:00,CR-006,19-03-2025 21-00-00-CR-006,10.582769,-61.341406,Lower Caroni,3.9,0.34,Yes
3/19/2025 21:00,CR-007,19-03-2025 21-00-00-CR-007,10.578663,-61.291224,Caroni Swamp Entrance,2.4,-0.67,No
3/19/2025 21:00,CR-008,19-03-2025 21-00-00-CR-008,10.5799,-61.255061,Caroni River Mouth,2.03,-1.24,No
3/19/2025 22:00,CR-001,19-03-2025 22-00-00-CR-001,10.62038,-61.466257,Caroni Source,3.02,0.59,No
3/19/2025 22:00,CR-002,19-03-2025 22-00-00-CR-002,10.617247,-61.43931,Early Caroni,3.36,0.08,No
3/19/2025 22:00,CR-003,19-03-2025 22-00-00-CR-003,10.616628,-61.420142,Mid Upper Caroni,1.62,-0.27,No
3/19/2025 22:00,CR-004,19-03-2025 22-00-00-CR-004,10.609654,-61.395995,Mid Caroni,2.96,1.15,No
3/19/2025 22:00,CR-005,19-03-2025 22-00-00-CR-005,10.606111,-61.374422,Mid Lower Caroni,3.49,1.37,No
3/19/2025 22:00,CR-006,19-03-2025 22-00-00-CR-006,10.582769,-61.341406,Lower Caroni,3.1,-0.8,No
3/19/2025 22:00,CR-007,19-03-2025 22-00-00-CR-007,10.578663,-61.291224,Caroni Swamp Entrance,3.2,0.8,No
3/19/2025 22:00,CR-008,19-03-2025 22-00-00-CR-008,10.5799,-61.255061,Caroni River Mouth,2.41,0.38,No
3/19/2025 23:00,CR-001,19-03-2025 23-00-00-CR-001,10.62038,-61.466257,Caroni Source,1.71,-1.31,No
3/19/2025 23:00,CR-002,19-03-2025 23-00-00-CR-002,10.617247,-61.43931,Early Caroni,2.06,-1.3,No
3/19/2025 23:00,CR-003,19-03-2025 23-00-00-CR-003,10.616628,-61.420142,Mid Upper Caroni,3.54,1.92,No
3/19/2025 23:00,CR-004,19-03-2025 23-00-00-CR-004,10.609654,-61.395995,Mid Caroni,3.48,0.52,No
3/19/2025 23:00,CR-005,19-03-2025 23-00-00-CR-005,10.606111,-61.374422,Mid Lower Caroni,2.11,-1.38,No
3/19/2025 23:00,CR-006,19-03-2025 23-00-00-CR-006,10.582769,-61.341406,Lower Caroni,2.11,-0.99,No
3/19/2025 23:00,CR-007,19-03-2025 23-00-00-CR-007,10.578663,-61.291224,Caroni Swamp Entrance,1.55,-1.65,No
3/19/2025 23:00,CR-008,19-03-2025 23-00-00-CR-008,10.5799,-61.255061,Caroni River Mouth,2.95,0.54,No
3/20/2025 0:00,CR-001,20-03-2025 00-00-00-CR-001,10.62038,-61.466257,Caroni Source,2.47,0.76,No
3/20/2025 0:00,CR-002,20-03-2025 00-00-00-CR-002,10.617247,-61.43931,Early Caroni,2.63,0.57,No
3/20/2025 0:00,CR-003,20-03-2025 00-00-00-CR-003,10.616628,-61.420142,Mid Upper Caroni,1.81,-1.73,No
3/20/2025 0:00,CR-004,20-03-2025 00-00-00-CR-004,10.609654,-61.395995,Mid Caroni,1.63,-1.85,No
3/20/2025 0:00,CR-005,20-03-2025 00-00-00-CR-005,10.606111,-61.374422,Mid Lower Caroni,3.1,0.99,No
3/20/2025 0:00,CR-006,20-03-2025 00-00-00-CR-006,10.582769,-61.341406,Lower Caroni,3.06,0.95,No
3/20/2025 0:00,CR-007,20-03-2025 00-00-00-CR-007,10.578663,-61.291224,Caroni Swamp Entrance,1.81,0.26,No
3/20/2025 0:00,CR-008,20-03-2025 00-00-00-CR-008,10.5799,-61.255061,Caroni River Mouth,2.81,-0.14,No
3/20/2025 1:00,CR-001,20-03-2025 01-00-00-CR-001,10.62038,-61.466257,Caroni Source,1.79,-0.68,No
3/20/2025 1:00,CR-002,20-03-2025 01-00-00-CR-002,10.617247,-61.43931,Early Caroni,1.73,-0.9,No
3/20/2025 1:00,CR-003,20-03-2025 01-00-00-CR-003,10.616628,-61.420142,Mid Upper Caroni,1.9,0.09,No
3/20/2025 1:00,CR-004,20-03-2025 01-00-00-CR-004,10.609654,-61.395995,Mid Caroni,3.07,1.44,No
3/20/2025 1:00,CR-005,20-03-2025 01-00-00-CR-005,10.606111,-61.374422,Mid Lower Caroni,1.88,-1.22,No
3/20/2025 1:00,CR-006,20-03-2025 01-00-00-CR-006,10.582769,-61.341406,Lower Caroni,1.84,-1.22,No
3/20/2025 1:00,CR-007,20-03-2025 01-00-00-CR-007,10.578663,-61.291224,Caroni Swamp Entrance,1.78,-0.03,No
3/20/2025 1:00,CR-008,20-03-2025 01-00-00-CR-008,10.5799,-61.255061,Caroni River Mouth,2.77,-0.04,No
3/20/2025 2:00,CR-001,20-03-2025 02-00-00-CR-001,10.62038,-61.466257,Caroni Source,2.24,0.45,No
3/20/2025 2:00,CR-002,20-03-2025 02-00-00-CR-002,10.617247,-61.43931,Early Caroni,1.78,0.05,No
3/20/2025 2:00,CR-003,20-03-2025 02-00-00-CR-003,10.616628,-61.420142,Mid Upper Caroni,2.64,0.74,No
3/20/2025 2:00,CR-004,20-03-2025 02-00-00-CR-004,10.609654,-61.395995,Mid Caroni,3.97,0.9,Yes
3/20/2025 2:00,CR-005,20-03-2025 02-00-00-CR-005,10.606111,-61.374422,Mid Lower Caroni,3.85,1.97,Yes
3/20/2025 2:00,CR-006,20-03-2025 02-00-00-CR-006,10.582769,-61.341406,Lower Caroni,1.88,0.04,No
3/20/2025 2:00,CR-007,20-03-2025 02-00-00-CR-007,10.578663,-61.291224,Caroni Swamp Entrance,1.58,-0.2,No
3/20/2025 2:00,CR-008,20-03-2025 02-00-00-CR-008,10.5799,-61.255061,Caroni River Mouth,1.72,-1.05,No
3/20/2025 3:00,CR-001,20-03-2025 03-00-00-CR-001,10.62038,-61.466257,Caroni Source,1.87,-0.37,No
3/20/2025 3:00,CR-002,20-03-2025 03-00-00-CR-002,10.617247,-61.43931,Early Caroni,2.37,0.59,No
3/20/2025 3:00,CR-003,20-03-2025 03-00-00-CR-003,10.616628,-61.420142,Mid Upper Caroni,2.33,-0.31,No
3/20/2025 3:00,CR-004,20-03-2025 03-00-00-CR-004,10.609654,-61.395995,Mid Caroni,2.28,-1.69,No
3/20/2025 3:00,CR-005,20-03-2025 03-00-00-CR-005,10.606111,-61.374422,Mid Lower Caroni,3.76,-0.09,No
3/20/2025 3:00,CR-006,20-03-2025 03-00-00-CR-006,10.582769,-61.341406,Lower Caroni,1.98,0.1,No
3/20/2025 3:00,CR-007,20-03-2025 03-00-00-CR-007,10.578663,-61.291224,Caroni Swamp Entrance,1.72,0.14,No
3/20/2025 3:00,CR-008,20-03-2025 03-00-00-CR-008,10.5799,-61.255061,Caroni River Mouth,2.97,1.25,No
3/20/2025 4:00,CR-001,20-03-2025 04-00-00-CR-001,10.62038,-61.466257,Caroni Source,2.14,0.27,No
3/20/2025 4:00,CR-002,20-03-2025 04-00-00-CR-002,10.617247,-61.43931,Early Caroni,2.21,-0.16,No
3/20/2025 4:00,CR-003,20-03-2025 04-00-00-CR-003,10.616628,-61.420142,Mid Upper Caroni,3.31,0.98,No
3/20/2025 4:00,CR-004,20-03-2025 04-00-00-CR-004,10.609654,-61.395995,Mid Caroni,3.71,1.43,No
3/20/2025 4:00,CR-005,20-03-2025 04-00-00-CR-005,10.606111,-61.374422,Mid Lower Caroni,2.3,-1.46,No
3/20/2025 4:00,CR-006,20-03-2025 04-00-00-CR-006,10.582769,-61.341406,Lower Caroni,2.13,0.15,No
3/20/2025 4:00,CR-007,20-03-2025 04-00-00-CR-007,10.578663,-61.291224,Caroni Swamp Entrance,3.37,1.65,No
3/20/2025 4:00,CR-008,20-03-2025 04-00-00-CR-008,10.5799,-61.255061,Caroni River Mouth,2.23,-0.74,No
3/20/2025 5:00,CR-001,20-03-2025 05-00-00-CR-001,10.62038,-61.466257,Caroni Source,2.14,0,No
3/20/2025 5:00,CR-002,20-03-2025 05-00-00-CR-002,10.617247,-61.43931,Early Caroni,2.3,0.09,No
3/20/2025 5:00,CR-003,20-03-2025 05-00-00-CR-003,10.616628,-61.420142,Mid Upper Caroni,1.94,-1.37,No
3/20/2025 5:00,CR-004,20-03-2025 05-00-00-CR-004,10.609654,-61.395995,Mid Caroni,3.34,-0.37,No
3/20/2025 5:00,CR-005,20-03-2025 05-00-00-CR-005,10.606111,-61.374422,Mid Lower Caroni,3.51,1.21,No
3/20/2025 5:00,CR-006,20-03-2025 05-00-00-CR-006,10.582769,-61.341406,Lower Caroni,2.31,0.18,No
3/20/2025 5:00,CR-007,20-03-2025 05-00-00-CR-007,10.578663,-61.291224,Caroni Swamp Entrance,1.83,-1.54,No
3/20/2025 5:00,CR-008,20-03-2025 05-00-00-CR-008,10.5799,-61.255061,Caroni River Mouth,3.7,1.47,No
3/20/2025 6:00,CR-001,20-03-2025 06-00-00-CR-001,10.62038,-61.466257,Caroni Source,1.97,-0.17,No
3/20/2025 6:00,CR-002,20-03-2025 06-00-00-CR-002,10.617247,-61.43931,Early Caroni,1.78,-0.52,No
3/20/2025 6:00,CR-003,20-03-2025 06-00-00-CR-003,10.616628,-61.420142,Mid Upper Caroni,1.71,-0.23,No
3/20/2025 6:00,CR-004,20-03-2025 06-00-00-CR-004,10.609654,-61.395995,Mid Caroni,2.81,-0.53,No
3/20/2025 6:00,CR-005,20-03-2025 06-00-00-CR-005,10.606111,-61.374422,Mid Lower Caroni,1.81,-1.7,No
3/20/2025 6:00,CR-006,20-03-2025 06-00-00-CR-006,10.582769,-61.341406,Lower Caroni,3.82,1.51,Yes
3/20/2025 6:00,CR-007,20-03-2025 06-00-00-CR-007,10.578663,-61.291224,Caroni Swamp Entrance,2.8,0.97,No
3/20/2025 6:00,CR-008,20-03-2025 06-00-00-CR-008,10.5799,-61.255061,Caroni River Mouth,4,0.3,Yes
3/20/2025 7:00,CR-001,20-03-2025 07-00-00-CR-001,10.62038,-61.466257,Caroni Source,2.13,0.16,No
3/20/2025 7:00,CR-002,20-03-2025 07-00-00-CR-002,10.617247,-61.43931,Early Caroni,2.73,0.95,No
3/20/2025 7:00,CR-003,20-03-2025 07-00-00-CR-003,10.616628,-61.420142,Mid Upper Caroni,3.01,1.3,No
3/20/2025 7:00,CR-004,20-03-2025 07-00-00-CR-004,10.609654,-61.395995,Mid Caroni,1.56,-1.25,No
3/20/2025 7:00,CR-005,20-03-2025 07-00-00-CR-005,10.606111,-61.374422,Mid Lower Caroni,2.04,0.23,No
3/20/2025 7:00,CR-006,20-03-2025 07-00-00-CR-006,10.582769,-61.341406,Lower Caroni,3.64,-0.18,No
3/20/2025 7:00,CR-007,20-03-2025 07-00-00-CR-007,10.578663,-61.291224,Caroni Swamp Entrance,1.89,-0.91,No
3/20/2025 7:00,CR-008,20-03-2025 07-00-00-CR-008,10.5799,-61.255061,Caroni River Mouth,2.4,-1.6,No
3/20/2025 8:00,CR-001,20-03-2025 08-00-00-CR-001,10.62038,-61.466257,Caroni Source,2.06,-0.07,No
3/20/2025 8:00,CR-002,20-03-2025 08-00-00-CR-002,10.617247,-61.43931,Early Caroni,3.74,1.01,No
3/20/2025 8:00,CR-003,20-03-2025 08-00-00-CR-003,10.616628,-61.420142,Mid Upper Caroni,3.38,0.37,No
3/20/2025 8:00,CR-004,20-03-2025 08-00-00-CR-004,10.609654,-61.395995,Mid Caroni,2.5,0.94,No
3/20/2025 8:00,CR-005,20-03-2025 08-00-00-CR-005,10.606111,-61.374422,Mid Lower Caroni,3.73,1.69,No
3/20/2025 8:00,CR-006,20-03-2025 08-00-00-CR-006,10.582769,-61.341406,Lower Caroni,3.13,-0.51,No
3/20/2025 8:00,CR-007,20-03-2025 08-00-00-CR-007,10.578663,-61.291224,Caroni Swamp Entrance,3.9,2.01,Yes
3/20/2025 8:00,CR-008,20-03-2025 08-00-00-CR-008,10.5799,-61.255061,Caroni River Mouth,1.99,-0.41,No
3/20/2025 9:00,CR-001,20-03-2025 09-00-00-CR-001,10.62038,-61.466257,Caroni Source,3.25,1.19,No
3/20/2025 9:00,CR-002,20-03-2025 09-00-00-CR-002,10.617247,-61.43931,Early Caroni,3.05,-0.69,No
3/20/2025 9:00,CR-003,20-03-2025 09-00-00-CR-003,10.616628,-61.420142,Mid Upper Caroni,3.54,0.16,No
3/20/2025 9:00,CR-004,20-03-2025 09-00-00-CR-004,10.609654,-61.395995,Mid Caroni,3.3,0.8,No
3/20/2025 9:00,CR-005,20-03-2025 09-00-00-CR-005,10.606111,-61.374422,Mid Lower Caroni,1.99,-1.74,No
3/20/2025 9:00,CR-006,20-03-2025 09-00-00-CR-006,10.582769,-61.341406,Lower Caroni,1.64,-1.49,No
3/20/2025 9:00,CR-007,20-03-2025 09-00-00-CR-007,10.578663,-61.291224,Caroni Swamp Entrance,1.7,-2.2,No
3/20/2025 9:00,CR-008,20-03-2025 09-00-00-CR-008,10.5799,-61.255061,Caroni River Mouth,1.99,0,No
3/20/2025 10:00,CR-001,20-03-2025 10-00-00-CR-001,10.62038,-61.466257,Caroni Source,2.78,-0.47,No
3/20/2025 10:00,CR-002,20-03-2025 10-00-00-CR-002,10.617247,-61.43931,Early Caroni,2.32,-0.73,No
3/20/2025 10:00,CR-003,20-03-2025 10-00-00-CR-003,10.616628,-61.420142,Mid Upper Caroni,2.32,-1.22,No
3/20/2025 10:00,CR-004,20-03-2025 10-00-00-CR-004,10.609654,-61.395995,Mid Caroni,2.08,-1.22,No
3/20/2025 10:00,CR-005,20-03-2025 10-00-00-CR-005,10.606111,-61.374422,Mid Lower Caroni,2.75,0.76,No
3/20/2025 10:00,CR-006,20-03-2025 10-00-00-CR-006,10.582769,-61.341406,Lower Caroni,2.08,0.44,No
3/20/2025 10:00,CR-007,20-03-2025 10-00-00-CR-007,10.578663,-61.291224,Caroni Swamp Entrance,2.27,0.57,No
3/20/2025 10:00,CR-008,20-03-2025 10-00-00-CR-008,10.5799,-61.255061,Caroni River Mouth,3.81,1.82,Yes
3/20/2025 11:00,CR-001,20-03-2025 11-00-00-CR-001,10.62038,-61.466257,Caroni Source,3.87,1.09,Yes
3/20/2025 11:00,CR-002,20-03-2025 11-00-00-CR-002,10.617247,-61.43931,Early Caroni,1.89,-0.43,No
3/20/2025 11:00,CR-003,20-03-2025 11-00-00-CR-003,10.616628,-61.420142,Mid Upper Caroni,1.57,-0.75,No
3/20/2025 11:00,CR-004,20-03-2025 11-00-00-CR-004,10.609654,-61.395995,Mid Caroni,2.08,0,No
3/20/2025 11:00,CR-005,20-03-2025 11-00-00-CR-005,10.606111,-61.374422,Mid Lower Caroni,3.37,0.62,No
3/20/2025 11:00,CR-006,20-03-2025 11-00-00-CR-006,10.582769,-61.341406,Lower Caroni,3.49,1.41,No
3/20/2025 11:00,CR-007,20-03-2025 11-00-00-CR-007,10.578663,-61.291224,Caroni Swamp Entrance,3.33,1.06,No
3/20/2025 11:00,CR-008,20-03-2025 11-00-00-CR-008,10.5799,-61.255061,Caroni River Mouth,1.94,-1.87,No
3/20/2025 12:00,CR-001,20-03-2025 12-00-00-CR-001,10.62038,-61.466257,Caroni Source,3.95,0.08,Yes
3/20/2025 12:00,CR-002,20-03-2025 12-00-00-CR-002,10.617247,-61.43931,Early Caroni,2.42,0.53,No
3/20/2025 12:00,CR-003,20-03-2025 12-00-00-CR-003,10.616628,-61.420142,Mid Upper Caroni,3.06,1.49,No
3/20/2025 12:00,CR-004,20-03-2025 12-00-00-CR-004,10.609654,-61.395995,Mid Caroni,2.65,0.57,No
3/20/2025 12:00,CR-005,20-03-2025 12-00-00-CR-005,10.606111,-61.374422,Mid Lower Caroni,3.31,-0.06,No
3/20/2025 12:00,CR-006,20-03-2025 12-00-00-CR-006,10.582769,-61.341406,Lower Caroni,1.96,-1.53,No
3/20/2025 12:00,CR-007,20-03-2025 12-00-00-CR-007,10.578663,-61.291224,Caroni Swamp Entrance,3.7,0.37,No
3/20/2025 12:00,CR-008,20-03-2025 12-00-00-CR-008,10.5799,-61.255061,Caroni River Mouth,3.65,1.71,No
3/20/2025 13:00,CR-001,20-03-2025 13-00-00-CR-001,10.62038,-61.466257,Caroni Source,2.18,-1.77,No
3/20/2025 13:00,CR-002,20-03-2025 13-00-00-CR-002,10.617247,-61.43931,Early Caroni,1.96,-0.46,No
3/20/2025 13:00,CR-003,20-03-2025 13-00-00-CR-003,10.616628,-61.420142,Mid Upper Caroni,2.49,-0.57,No
3/20/2025 13:00,CR-004,20-03-2025 13-00-00-CR-004,10.609654,-61.395995,Mid Caroni,3.29,0.64,No
3/20/2025 13:00,CR-005,20-03-2025 13-00-00-CR-005,10.606111,-61.374422,Mid Lower Caroni,1.52,-1.79,No
3/20/2025 13:00,CR-006,20-03-2025 13-00-00-CR-006,10.582769,-61.341406,Lower Caroni,1.98,0.02,No
3/20/2025 13:00,CR-007,20-03-2025 13-00-00-CR-007,10.578663,-61.291224,Caroni Swamp Entrance,3.68,-0.02,No
3/20/2025 13:00,CR-008,20-03-2025 13-00-00-CR-008,10.5799,-61.255061,Caroni River Mouth,1.78,-1.87,No
3/20/2025 14:00,CR-001,20-03-2025 14-00-00-CR-001,10.62038,-61.466257,Caroni Source,3.69,1.51,No
3/20/2025 14:00,CR-002,20-03-2025 14-00-00-CR-002,10.617247,-61.43931,Early Caroni,3.72,1.76,No
3/20/2025 14:00,CR-003,20-03-2025 14-00-00-CR-003,10.616628,-61.420142,Mid Upper Caroni,2.09,-0.4,No
3/20/2025 14:00,CR-004,20-03-2025 14-00-00-CR-004,10.609654,-61.395995,Mid Caroni,2.95,-0.34,No
3/20/2025 14:00,CR-005,20-03-2025 14-00-00-CR-005,10.606111,-61.374422,Mid Lower Caroni,2.73,1.21,No
3/20/2025 14:00,CR-006,20-03-2025 14-00-00-CR-006,10.582769,-61.341406,Lower Caroni,2.13,0.15,No
3/20/2025 14:00,CR-007,20-03-2025 14-00-00-CR-007,10.578663,-61.291224,Caroni Swamp Entrance,3.86,0.18,Yes
3/20/2025 14:00,CR-008,20-03-2025 14-00-00-CR-008,10.5799,-61.255061,Caroni River Mouth,2.78,1,No
3/20/2025 15:00,CR-001,20-03-2025 15-00-00-CR-001,10.62038,-61.466257,Caroni Source,2.81,-0.88,No
3/20/2025 15:00,CR-002,20-03-2025 15-00-00-CR-002,10.617247,-61.43931,Early Caroni,3.65,-0.07,No
3/20/2025 15:00,CR-003,20-03-2025 15-00-00-CR-003,10.616628,-61.420142,Mid Upper Caroni,1.88,-0.21,No
3/20/2025 15:00,CR-004,20-03-2025 15-00-00-CR-004,10.609654,-61.395995,Mid Caroni,2.13,-0.82,No
3/20/2025 15:00,CR-005,20-03-2025 15-00-00-CR-005,10.606111,-61.374422,Mid Lower Caroni,3.34,0.61,No
3/20/2025 15:00,CR-006,20-03-2025 15-00-00-CR-006,10.582769,-61.341406,Lower Caroni,3.82,1.69,Yes
3/20/2025 15:00,CR-007,20-03-2025 15-00-00-CR-007,10.578663,-61.291224,Caroni Swamp Entrance,3.31,-0.55,No
3/20/2025 15:00,CR-008,20-03-2025 15-00-00-CR-008,10.5799,-61.255061,Caroni River Mouth,3.15,0.37,No
3/20/2025 16:00,CR-001,20-03-2025 16-00-00-CR-001,10.62038,-61.466257,Caroni Source,3.93,1.12,Yes
3/20/2025 16:00,CR-002,20-03-2025 16-00-00-CR-002,10.617247,-61.43931,Early Caroni,1.57,-2.08,No
3/20/2025 16:00,CR-003,20-03-2025 16-00-00-CR-003,10.616628,-61.420142,Mid Upper Caroni,2.52,0.64,No
3/20/2025 16:00,CR-004,20-03-2025 16-00-00-CR-004,10.609654,-61.395995,Mid Caroni,3.74,1.61,No
3/20/2025 16:00,CR-005,20-03-2025 16-00-00-CR-005,10.606111,-61.374422,Mid Lower Caroni,2.76,-0.58,No
3/20/2025 16:00,CR-006,20-03-2025 16-00-00-CR-006,10.582769,-61.341406,Lower Caroni,2.97,-0.85,No
3/20/2025 16:00,CR-007,20-03-2025 16-00-00-CR-007,10.578663,-61.291224,Caroni Swamp Entrance,2.1,-1.21,No
3/20/2025 16:00,CR-008,20-03-2025 16-00-00-CR-008,10.5799,-61.255061,Caroni River Mouth,1.71,-1.44,No
3/20/2025 17:00,CR-001,20-03-2025 17-00-00-CR-001,10.62038,-61.466257,Caroni Source,3.39,-0.54,No
3/20/2025 17:00,CR-002,20-03-2025 17-00-00-CR-002,10.617247,-61.43931,Early Caroni,2.27,0.7,No
3/20/2025 17:00,CR-003,20-03-2025 17-00-00-CR-003,10.616628,-61.420142,Mid Upper Caroni,3.08,0.56,No
3/20/2025 17:00,CR-004,20-03-2025 17-00-00-CR-004,10.609654,-61.395995,Mid Caroni,2.87,-0.87,No
3/20/2025 17:00,CR-005,20-03-2025 17-00-00-CR-005,10.606111,-61.374422,Mid Lower Caroni,2.55,-0.21,No
3/20/2025 17:00,CR-006,20-03-2025 17-00-00-CR-006,10.582769,-61.341406,Lower Caroni,2.64,-0.33,No
3/20/2025 17:00,CR-007,20-03-2025 17-00-00-CR-007,10.578663,-61.291224,Caroni Swamp Entrance,2.3,0.2,No
3/20/2025 17:00,CR-008,20-03-2025 17-00-00-CR-008,10.5799,-61.255061,Caroni River Mouth,3.89,2.18,Yes
3/20/2025 18:00,CR-001,20-03-2025 18-00-00-CR-001,10.62038,-61.466257,Caroni Source,1.5,-1.89,No
3/20/2025 18:00,CR-002,20-03-2025 18-00-00-CR-002,10.617247,-61.43931,Early Caroni,1.73,-0.54,No
3/20/2025 18:00,CR-003,20-03-2025 18-00-00-CR-003,10.616628,-61.420142,Mid Upper Caroni,3.33,0.25,No
3/20/2025 18:00,CR-004,20-03-2025 18-00-00-CR-004,10.609654,-61.395995,Mid Caroni,3.23,0.36,No
3/20/2025 18:00,CR-005,20-03-2025 18-00-00-CR-005,10.606111,-61.374422,Mid Lower Caroni,3.04,0.49,No
3/20/2025 18:00,CR-006,20-03-2025 18-00-00-CR-006,10.582769,-61.341406,Lower Caroni,2.33,-0.31,No
3/20/2025 18:00,CR-007,20-03-2025 18-00-00-CR-007,10.578663,-61.291224,Caroni Swamp Entrance,1.83,-0.47,No
3/20/2025 18:00,CR-008,20-03-2025 18-00-00-CR-008,10.5799,-61.255061,Caroni River Mouth,2.77,-1.12,No
3/20/2025 19:00,CR-001,20-03-2025 19-00-00-CR-001,10.62038,-61.466257,Caroni Source,1.98,0.48,No
3/20/2025 19:00,CR-002,20-03-2025 19-00-00-CR-002,10.617247,-61.43931,Early Caroni,2.25,0.52,No
3/20/2025 19:00,CR-003,20-03-2025 19-00-00-CR-003,10.616628,-61.420142,Mid Upper Caroni,1.8,-1.53,No
3/20/2025 19:00,CR-004,20-03-2025 19-00-00-CR-004,10.609654,-61.395995,Mid Caroni,3.01,-0.22,No
3/20/2025 19:00,CR-005,20-03-2025 19-00-00-CR-005,10.606111,-61.374422,Mid Lower Caroni,2.58,-0.46,No
3/20/2025 19:00,CR-006,20-03-2025 19-00-00-CR-006,10.582769,-61.341406,Lower Caroni,2.93,0.6,No
3/20/2025 19:00,CR-007,20-03-2025 19-00-00-CR-007,10.578663,-61.291224,Caroni Swamp Entrance,2.92,1.09,No
3/20/2025 19:00,CR-008,20-03-2025 19-00-00-CR-008,10.5799,-61.255061,Caroni River Mouth,1.68,-1.09,No
3/20/2025 20:00,CR-001,20-03-2025 20-00-00-CR-001,10.62038,-61.466257,Caroni Source,1.96,-0.02,No
3/20/2025 20:00,CR-002,20-03-2025 20-00-00-CR-002,10.617247,-61.43931,Early Caroni,3.36,1.11,No
3/20/2025 20:00,CR-003,20-03-2025 20-00-00-CR-003,10.616628,-61.420142,Mid Upper Caroni,1.91,0.11,No
3/20/2025 20:00,CR-004,20-03-2025 20-00-00-CR-004,10.609654,-61.395995,Mid Caroni,1.98,-1.03,No
3/20/2025 20:00,CR-005,20-03-2025 20-00-00-CR-005,10.606111,-61.374422,Mid Lower Caroni,3.06,0.48,No
3/20/2025 20:00,CR-006,20-03-2025 20-00-00-CR-006,10.582769,-61.341406,Lower Caroni,3.77,0.84,No
3/20/2025 20:00,CR-007,20-03-2025 20-00-00-CR-007,10.578663,-61.291224,Caroni Swamp Entrance,3.32,0.4,No
3/20/2025 20:00,CR-008,20-03-2025 20-00-00-CR-008,10.5799,-61.255061,Caroni River Mouth,3.56,1.88,No
3/20/2025 21:00,CR-001,20-03-2025 21-00-00-CR-001,10.62038,-61.466257,Caroni Source,3.92,1.96,Yes
3/20/2025 21:00,CR-002,20-03-2025 21-00-00-CR-002,10.617247,-61.43931,Early Caroni,2.63,-0.73,No
3/20/2025 21:00,CR-003,20-03-2025 21-00-00-CR-003,10.616628,-61.420142,Mid Upper Caroni,1.79,-0.12,No
3/20/2025 21:00,CR-004,20-03-2025 21-00-00-CR-004,10.609654,-61.395995,Mid Caroni,1.93,-0.05,No
3/20/2025 21:00,CR-005,20-03-2025 21-00-00-CR-005,10.606111,-61.374422,Mid Lower Caroni,1.61,-1.45,No
3/20/2025 21:00,CR-006,20-03-2025 21-00-00-CR-006,10.582769,-61.341406,Lower Caroni,2.43,-1.34,No
3/20/2025 21:00,CR-007,20-03-2025 21-00-00-CR-007,10.578663,-61.291224,Caroni Swamp Entrance,3.7,0.38,No
3/20/2025 21:00,CR-008,20-03-2025 21-00-00-CR-008,10.5799,-61.255061,Caroni River Mouth,3.17,-0.39,No
3/20/2025 22:00,CR-001,20-03-2025 22-00-00-CR-001,10.62038,-61.466257,Caroni Source,3.45,-0.47,No
3/20/2025 22:00,CR-002,20-03-2025 22-00-00-CR-002,10.617247,-61.43931,Early Caroni,3.64,1.01,No
3/20/2025 22:00,CR-003,20-03-2025 22-00-00-CR-003,10.616628,-61.420142,Mid Upper Caroni,1.53,-0.26,No
3/20/2025 22:00,CR-004,20-03-2025 22-00-00-CR-004,10.609654,-61.395995,Mid Caroni,3.93,2,Yes
3/20/2025 22:00,CR-005,20-03-2025 22-00-00-CR-005,10.606111,-61.374422,Mid Lower Caroni,1.71,0.1,No
3/20/2025 22:00,CR-006,20-03-2025 22-00-00-CR-006,10.582769,-61.341406,Lower Caroni,2.28,-0.15,No
3/20/2025 22:00,CR-007,20-03-2025 22-00-00-CR-007,10.578663,-61.291224,Caroni Swamp Entrance,2.91,-0.79,No
3/20/2025 22:00,CR-008,20-03-2025 22-00-00-CR-008,10.5799,-61.255061,Caroni River Mouth,2.41,-0.76,No
3/20/2025 23:00,CR-001,20-03-2025 23-00-00-CR-001,10.62038,-61.466257,Caroni Source,3.12,-0.33,No
3/20/2025 23:00,CR-002,20-03-2025 23-00-00-CR-002,10.617247,-61.43931,Early Caroni,2.18,-1.46,No
3/20/2025 23:00,CR-003,20-03-2025 23-00-00-CR-003,10.616628,-61.420142,Mid Upper Caroni,3.16,1.63,No
3/20/2025 23:00,CR-004,20-03-2025 23-00-00-CR-004,10.609654,-61.395995,Mid Caroni,3.16,-0.77,No
3/20/2025 23:00,CR-005,20-03-2025 23-00-00-CR-005,10.606111,-61.374422,Mid Lower Caroni,3.82,2.11,Yes
3/20/2025 23:00,CR-006,20-03-2025 23-00-00-CR-006,10.582769,-61.341406,Lower Caroni,3.24,0.96,No
3/20/2025 23:00,CR-007,20-03-2025 23-00-00-CR-007,10.578663,-61.291224,Caroni Swamp Entrance,2.41,-0.5,No
3/20/2025 23:00,CR-008,20-03-2025 23-00-00-CR-008,10.5799,-61.255061,Caroni River Mouth,2.07,-0.34,No
3/21/2025 0:00,CR-001,21-03-2025 00-00-00-CR-001,10.62038,-61.466257,Caroni Source,3.66,0.54,No
3/21/2025 0:00,CR-002,21-03-2025 00-00-00-CR-002,10.617247,-61.43931,Early Caroni,1.75,-0.43,No
3/21/2025 0:00,CR-003,21-03-2025 00-00-00-CR-003,10.616628,-61.420142,Mid Upper Caroni,3.54,0.38,No
3/21/2025 0:00,CR-004,21-03-2025 00-00-00-CR-004,10.609654,-61.395995,Mid Caroni,3.59,0.43,No
3/21/2025 0:00,CR-005,21-03-2025 00-00-00-CR-005,10.606111,-61.374422,Mid Lower Caroni,2.88,-0.94,No
3/21/2025 0:00,CR-006,21-03-2025 00-00-00-CR-006,10.582769,-61.341406,Lower Caroni,1.85,-1.39,No
3/21/2025 0:00,CR-007,21-03-2025 00-00-00-CR-007,10.578663,-61.291224,Caroni Swamp Entrance,1.8,-0.61,No
3/21/2025 0:00,CR-008,21-03-2025 00-00-00-CR-008,10.5799,-61.255061,Caroni River Mouth,1.88,-0.19,No
3/21/2025 1:00,CR-001,21-03-2025 01-00-00-CR-001,10.62038,-61.466257,Caroni Source,2.99,-0.67,No
3/21/2025 1:00,CR-002,21-03-2025 01-00-00-CR-002,10.617247,-61.43931,Early Caroni,2.55,0.8,No
3/21/2025 1:00,CR-003,21-03-2025 01-00-00-CR-003,10.616628,-61.420142,Mid Upper Caroni,3.7,0.16,No
3/21/2025 1:00,CR-004,21-03-2025 01-00-00-CR-004,10.609654,-61.395995,Mid Caroni,3.61,0.02,No
3/21/2025 1:00,CR-005,21-03-2025 01-00-00-CR-005,10.606111,-61.374422,Mid Lower Caroni,1.61,-1.27,No
3/21/2025 1:00,CR-006,21-03-2025 01-00-00-CR-006,10.582769,-61.341406,Lower Caroni,2.27,0.42,No
3/21/2025 1:00,CR-007,21-03-2025 01-00-00-CR-007,10.578663,-61.291224,Caroni Swamp Entrance,2.24,0.44,No
3/21/2025 1:00,CR-008,21-03-2025 01-00-00-CR-008,10.5799,-61.255061,Caroni River Mouth,3.83,1.95,Yes
3/21/2025 2:00,CR-001,21-03-2025 02-00-00-CR-001,10.62038,-61.466257,Caroni Source,2.55,-0.44,No
3/21/2025 2:00,CR-002,21-03-2025 02-00-00-CR-002,10.617247,-61.43931,Early Caroni,2.41,-0.14,No
3/21/2025 2:00,CR-003,21-03-2025 02-00-00-CR-003,10.616628,-61.420142,Mid Upper Caroni,3.27,-0.43,No
3/21/2025 2:00,CR-004,21-03-2025 02-00-00-CR-004,10.609654,-61.395995,Mid Caroni,1.75,-1.86,No
3/21/2025 2:00,CR-005,21-03-2025 02-00-00-CR-005,10.606111,-61.374422,Mid Lower Caroni,3.98,2.37,Yes
3/21/2025 2:00,CR-006,21-03-2025 02-00-00-CR-006,10.582769,-61.341406,Lower Caroni,3.21,0.94,No
3/21/2025 2:00,CR-007,21-03-2025 02-00-00-CR-007,10.578663,-61.291224,Caroni Swamp Entrance,2.07,-0.17,No
3/21/2025 2:00,CR-008,21-03-2025 02-00-00-CR-008,10.5799,-61.255061,Caroni River Mouth,3.51,-0.32,No
3/21/2025 3:00,CR-001,21-03-2025 03-00-00-CR-001,10.62038,-61.466257,Caroni Source,1.88,-0.67,No
3/21/2025 3:00,CR-002,21-03-2025 03-00-00-CR-002,10.617247,-61.43931,Early Caroni,3.28,0.87,No
3/21/2025 3:00,CR-003,21-03-2025 03-00-00-CR-003,10.616628,-61.420142,Mid Upper Caroni,3.86,0.59,Yes
3/21/2025 3:00,CR-004,21-03-2025 03-00-00-CR-004,10.609654,-61.395995,Mid Caroni,3.49,1.74,No
3/21/2025 3:00,CR-005,21-03-2025 03-00-00-CR-005,10.606111,-61.374422,Mid Lower Caroni,1.87,-2.11,No
3/21/2025 3:00,CR-006,21-03-2025 03-00-00-CR-006,10.582769,-61.341406,Lower Caroni,2.28,-0.93,No
3/21/2025 3:00,CR-007,21-03-2025 03-00-00-CR-007,10.578663,-61.291224,Caroni Swamp Entrance,1.86,-0.21,No
3/21/2025 3:00,CR-008,21-03-2025 03-00-00-CR-008,10.5799,-61.255061,Caroni River Mouth,1.71,-1.8,No
3/21/2025 4:00,CR-001,21-03-2025 04-00-00-CR-001,10.62038,-61.466257,Caroni Source,1.72,-0.16,No
3/21/2025 4:00,CR-002,21-03-2025 04-00-00-CR-002,10.617247,-61.43931,Early Caroni,3.17,-0.11,No
3/21/2025 4:00,CR-003,21-03-2025 04-00-00-CR-003,10.616628,-61.420142,Mid Upper Caroni,3.1,-0.76,No
3/21/2025 4:00,CR-004,21-03-2025 04-00-00-CR-004,10.609654,-61.395995,Mid Caroni,3.09,-0.4,No
3/21/2025 4:00,CR-005,21-03-2025 04-00-00-CR-005,10.606111,-61.374422,Mid Lower Caroni,3.41,1.54,No
3/21/2025 4:00,CR-006,21-03-2025 04-00-00-CR-006,10.582769,-61.341406,Lower Caroni,3.03,0.75,No
3/21/2025 4:00,CR-007,21-03-2025 04-00-00-CR-007,10.578663,-61.291224,Caroni Swamp Entrance,3.26,1.4,No
3/21/2025 4:00,CR-008,21-03-2025 04-00-00-CR-008,10.5799,-61.255061,Caroni River Mouth,2.45,0.74,No
3/21/2025 5:00,CR-001,21-03-2025 05-00-00-CR-001,10.62038,-61.466257,Caroni Source,1.51,-0.21,No
3/21/2025 5:00,CR-002,21-03-2025 05-00-00-CR-002,10.617247,-61.43931,Early Caroni,3.25,0.08,No
3/21/2025 5:00,CR-003,21-03-2025 05-00-00-CR-003,10.616628,-61.420142,Mid Upper Caroni,1.84,-1.26,No
3/21/2025 5:00,CR-004,21-03-2025 05-00-00-CR-004,10.609654,-61.395995,Mid Caroni,2.67,-0.42,No
3/21/2025 5:00,CR-005,21-03-2025 05-00-00-CR-005,10.606111,-61.374422,Mid Lower Caroni,3.29,-0.12,No
3/21/2025 5:00,CR-006,21-03-2025 05-00-00-CR-006,10.582769,-61.341406,Lower Caroni,2.51,-0.52,No
3/21/2025 5:00,CR-007,21-03-2025 05-00-00-CR-007,10.578663,-61.291224,Caroni Swamp Entrance,2.02,-1.24,No
3/21/2025 5:00,CR-008,21-03-2025 05-00-00-CR-008,10.5799,-61.255061,Caroni River Mouth,1.5,-0.95,No
3/21/2025 6:00,CR-001,21-03-2025 06-00-00-CR-001,10.62038,-61.466257,Caroni Source,1.83,0.32,No
3/21/2025 6:00,CR-002,21-03-2025 06-00-00-CR-002,10.617247,-61.43931,Early Caroni,2.08,-1.17,No
3/21/2025 6:00,CR-003,21-03-2025 06-00-00-CR-003,10.616628,-61.420142,Mid Upper Caroni,1.64,-0.2,No
3/21/2025 6:00,CR-004,21-03-2025 06-00-00-CR-004,10.609654,-61.395995,Mid Caroni,3.97,1.3,Yes
3/21/2025 6:00,CR-005,21-03-2025 06-00-00-CR-005,10.606111,-61.374422,Mid Lower Caroni,2.93,-0.36,No
3/21/2025 6:00,CR-006,21-03-2025 06-00-00-CR-006,10.582769,-61.341406,Lower Caroni,3.89,1.38,Yes
3/21/2025 6:00,CR-007,21-03-2025 06-00-00-CR-007,10.578663,-61.291224,Caroni Swamp Entrance,2.11,0.09,No
3/21/2025 6:00,CR-008,21-03-2025 06-00-00-CR-008,10.5799,-61.255061,Caroni River Mouth,3.97,2.47,Yes
3/21/2025 7:00,CR-001,21-03-2025 07-00-00-CR-001,10.62038,-61.466257,Caroni Source,3.32,1.49,No
3/21/2025 7:00,CR-002,21-03-2025 07-00-00-CR-002,10.617247,-61.43931,Early Caroni,3.96,1.88,Yes
3/21/2025 7:00,CR-003,21-03-2025 07-00-00-CR-003,10.616628,-61.420142,Mid Upper Caroni,3.52,1.88,No
3/21/2025 7:00,CR-004,21-03-2025 07-00-00-CR-004,10.609654,-61.395995,Mid Caroni,1.85,-2.12,No
3/21/2025 7:00,CR-005,21-03-2025 07-00-00-CR-005,10.606111,-61.374422,Mid Lower Caroni,1.85,-1.08,No
3/21/2025 7:00,CR-006,21-03-2025 07-00-00-CR-006,10.582769,-61.341406,Lower Caroni,3.99,0.1,Yes
3/21/2025 7:00,CR-007,21-03-2025 07-00-00-CR-007,10.578663,-61.291224,Caroni Swamp Entrance,3.48,1.37,No
3/21/2025 7:00,CR-008,21-03-2025 07-00-00-CR-008,10.5799,-61.255061,Caroni River Mouth,3.6,-0.37,No
3/21/2025 8:00,CR-001,21-03-2025 08-00-00-CR-001,10.62038,-61.466257,Caroni Source,2.75,-0.57,No
3/21/2025 8:00,CR-002,21-03-2025 08-00-00-CR-002,10.617247,-61.43931,Early Caroni,2.66,-1.3,No
3/21/2025 8:00,CR-003,21-03-2025 08-00-00-CR-003,10.616628,-61.420142,Mid Upper Caroni,3.81,0.29,Yes
3/21/2025 8:00,CR-004,21-03-2025 08-00-00-CR-004,10.609654,-61.395995,Mid Caroni,1.72,-0.13,No
3/21/2025 8:00,CR-005,21-03-2025 08-00-00-CR-005,10.606111,-61.374422,Mid Lower Caroni,3.13,1.28,No
3/21/2025 8:00,CR-006,21-03-2025 08-00-00-CR-006,10.582769,-61.341406,Lower Caroni,3.49,-0.5,No
3/21/2025 8:00,CR-007,21-03-2025 08-00-00-CR-007,10.578663,-61.291224,Caroni Swamp Entrance,2.76,-0.72,No
3/21/2025 8:00,CR-008,21-03-2025 08-00-00-CR-008,10.5799,-61.255061,Caroni River Mouth,1.75,-1.85,No
3/21/2025 9:00,CR-001,21-03-2025 09-00-00-CR-001,10.62038,-61.466257,Caroni Source,2.62,-0.13,No
3/21/2025 9:00,CR-002,21-03-2025 09-00-00-CR-002,10.617247,-61.43931,Early Caroni,3.51,0.85,No
3/21/2025 9:00,CR-003,21-03-2025 09-00-00-CR-003,10.616628,-61.420142,Mid Upper Caroni,3.87,0.06,Yes
3/21/2025 9:00,CR-004,21-03-2025 09-00-00-CR-004,10.609654,-61.395995,Mid Caroni,3.62,1.9,No
3/21/2025 9:00,CR-005,21-03-2025 09-00-00-CR-005,10.606111,-61.374422,Mid Lower Caroni,3.43,0.3,No
3/21/2025 9:00,CR-006,21-03-2025 09-00-00-CR-006,10.582769,-61.341406,Lower Caroni,3.59,0.1,No
3/21/2025 9:00,CR-007,21-03-2025 09-00-00-CR-007,10.578663,-61.291224,Caroni Swamp Entrance,3.49,0.73,No
3/21/2025 9:00,CR-008,21-03-2025 09-00-00-CR-008,10.5799,-61.255061,Caroni River Mouth,2.5,0.75,No
3/21/2025 10:00,CR-001,21-03-2025 10-00-00-CR-001,10.62038,-61.466257,Caroni Source,3.12,0.5,No
3/21/2025 10:00,CR-002,21-03-2025 10-00-00-CR-002,10.617247,-61.43931,Early Caroni,3.06,-0.45,No
3/21/2025 10:00,CR-003,21-03-2025 10-00-00-CR-003,10.616628,-61.420142,Mid Upper Caroni,3.35,-0.52,No
3/21/2025 10:00,CR-004,21-03-2025 10-00-00-CR-004,10.609654,-61.395995,Mid Caroni,1.82,-1.8,No
3/21/2025 10:00,CR-005,21-03-2025 10-00-00-CR-005,10.606111,-61.374422,Mid Lower Caroni,1.82,-1.61,No
3/21/2025 10:00,CR-006,21-03-2025 10-00-00-CR-006,10.582769,-61.341406,Lower Caroni,2.45,-1.14,No
3/21/2025 10:00,CR-007,21-03-2025 10-00-00-CR-007,10.578663,-61.291224,Caroni Swamp Entrance,3.48,-0.01,No
3/21/2025 10:00,CR-008,21-03-2025 10-00-00-CR-008,10.5799,-61.255061,Caroni River Mouth,2.92,0.42,No
3/21/2025 11:00,CR-001,21-03-2025 11-00-00-CR-001,10.62038,-61.466257,Caroni Source,1.73,-1.39,No
3/21/2025 11:00,CR-002,21-03-2025 11-00-00-CR-002,10.617247,-61.43931,Early Caroni,2.97,-0.09,No
3/21/2025 11:00,CR-003,21-03-2025 11-00-00-CR-003,10.616628,-61.420142,Mid Upper Caroni,2.39,-0.96,No
3/21/2025 11:00,CR-004,21-03-2025 11-00-00-CR-004,10.609654,-61.395995,Mid Caroni,1.67,-0.15,No
3/21/2025 11:00,CR-005,21-03-2025 11-00-00-CR-005,10.606111,-61.374422,Mid Lower Caroni,1.77,-0.05,No
3/21/2025 11:00,CR-006,21-03-2025 11-00-00-CR-006,10.582769,-61.341406,Lower Caroni,3.49,1.04,No
3/21/2025 11:00,CR-007,21-03-2025 11-00-00-CR-007,10.578663,-61.291224,Caroni Swamp Entrance,1.78,-1.7,No
3/21/2025 11:00,CR-008,21-03-2025 11-00-00-CR-008,10.5799,-61.255061,Caroni River Mouth,1.61,-1.31,No
3/21/2025 12:00,CR-001,21-03-2025 12-00-00-CR-001,10.62038,-61.466257,Caroni Source,2.3,0.57,No
3/21/2025 12:00,CR-002,21-03-2025 12-00-00-CR-002,10.617247,-61.43931,Early Caroni,2.49,-0.48,No
3/21/2025 12:00,CR-003,21-03-2025 12-00-00-CR-003,10.616628,-61.420142,Mid Upper Caroni,1.53,-0.86,No
3/21/2025 12:00,CR-004,21-03-2025 12-00-00-CR-004,10.609654,-61.395995,Mid Caroni,3.43,1.76,No
3/21/2025 12:00,CR-005,21-03-2025 12-00-00-CR-005,10.606111,-61.374422,Mid Lower Caroni,2.34,0.57,No
3/21/2025 12:00,CR-006,21-03-2025 12-00-00-CR-006,10.582769,-61.341406,Lower Caroni,2.07,-1.42,No
3/21/2025 12:00,CR-007,21-03-2025 12-00-00-CR-007,10.578663,-61.291224,Caroni Swamp Entrance,3.15,1.37,No
3/21/2025 12:00,CR-008,21-03-2025 12-00-00-CR-008,10.5799,-61.255061,Caroni River Mouth,3.59,1.98,No
3/21/2025 13:00,CR-001,21-03-2025 13-00-00-CR-001,10.62038,-61.466257,Caroni Source,2.05,-0.25,No
3/21/2025 13:00,CR-002,21-03-2025 13-00-00-CR-002,10.617247,-61.43931,Early Caroni,1.84,-0.65,No
3/21/2025 13:00,CR-003,21-03-2025 13-00-00-CR-003,10.616628,-61.420142,Mid Upper Caroni,3.55,2.02,No
3/21/2025 13:00,CR-004,21-03-2025 13-00-00-CR-004,10.609654,-61.395995,Mid Caroni,3.62,0.19,No
3/21/2025 13:00,CR-005,21-03-2025 13-00-00-CR-005,10.606111,-61.374422,Mid Lower Caroni,3.02,0.68,No
3/21/2025 13:00,CR-006,21-03-2025 13-00-00-CR-006,10.582769,-61.341406,Lower Caroni,2.38,0.31,No
3/21/2025 13:00,CR-007,21-03-2025 13-00-00-CR-007,10.578663,-61.291224,Caroni Swamp Entrance,3.2,0.05,No
3/21/2025 13:00,CR-008,21-03-2025 13-00-00-CR-008,10.5799,-61.255061,Caroni River Mouth,3.09,-0.5,No
3/21/2025 14:00,CR-001,21-03-2025 14-00-00-CR-001,10.62038,-61.466257,Caroni Source,3.9,1.85,Yes
3/21/2025 14:00,CR-002,21-03-2025 14-00-00-CR-002,10.617247,-61.43931,Early Caroni,1.73,-0.11,No
3/21/2025 14:00,CR-003,21-03-2025 14-00-00-CR-003,10.616628,-61.420142,Mid Upper Caroni,2.66,-0.89,No
3/21/2025 14:00,CR-004,21-03-2025 14-00-00-CR-004,10.609654,-61.395995,Mid Caroni,2.98,-0.64,No
3/21/2025 14:00,CR-005,21-03-2025 14-00-00-CR-005,10.606111,-61.374422,Mid Lower Caroni,2.04,-0.98,No
3/21/2025 14:00,CR-006,21-03-2025 14-00-00-CR-006,10.582769,-61.341406,Lower Caroni,2.68,0.3,No
3/21/2025 14:00,CR-007,21-03-2025 14-00-00-CR-007,10.578663,-61.291224,Caroni Swamp Entrance,3.63,0.43,No
3/21/2025 14:00,CR-008,21-03-2025 14-00-00-CR-008,10.5799,-61.255061,Caroni River Mouth,1.54,-1.55,No
3/21/2025 15:00,CR-001,21-03-2025 15-00-00-CR-001,10.62038,-61.466257,Caroni Source,1.59,-2.31,No
3/21/2025 15:00,CR-002,21-03-2025 15-00-00-CR-002,10.617247,-61.43931,Early Caroni,3.72,1.99,No
3/21/2025 15:00,CR-003,21-03-2025 15-00-00-CR-003,10.616628,-61.420142,Mid Upper Caroni,1.64,-1.02,No
3/21/2025 15:00,CR-004,21-03-2025 15-00-00-CR-004,10.609654,-61.395995,Mid Caroni,2.14,-0.84,No
3/21/2025 15:00,CR-005,21-03-2025 15-00-00-CR-005,10.606111,-61.374422,Mid Lower Caroni,3.79,1.75,No
3/21/2025 15:00,CR-006,21-03-2025 15-00-00-CR-006,10.582769,-61.341406,Lower Caroni,2.45,-0.23,No
3/21/2025 15:00,CR-007,21-03-2025 15-00-00-CR-007,10.578663,-61.291224,Caroni Swamp Entrance,1.95,-1.68,No
3/21/2025 15:00,CR-008,21-03-2025 15-00-00-CR-008,10.5799,-61.255061,Caroni River Mouth,1.76,0.22,No
3/21/2025 16:00,CR-001,21-03-2025 16-00-00-CR-001,10.62038,-61.466257,Caroni Source,2.34,0.75,No
3/21/2025 16:00,CR-002,21-03-2025 16-00-00-CR-002,10.617247,-61.43931,Early Caroni,2.17,-1.55,No
3/21/2025 16:00,CR-003,21-03-2025 16-00-00-CR-003,10.616628,-61.420142,Mid Upper Caroni,2.94,1.3,No
3/21/2025 16:00,CR-004,21-03-2025 16-00-00-CR-004,10.609654,-61.395995,Mid Caroni,3.59,1.45,No
3/21/2025 16:00,CR-005,21-03-2025 16-00-00-CR-005,10.606111,-61.374422,Mid Lower Caroni,3.99,0.2,Yes
3/21/2025 16:00,CR-006,21-03-2025 16-00-00-CR-006,10.582769,-61.341406,Lower Caroni,2.6,0.15,No
3/21/2025 16:00,CR-007,21-03-2025 16-00-00-CR-007,10.578663,-61.291224,Caroni Swamp Entrance,1.83,-0.12,No
3/21/2025 16:00,CR-008,21-03-2025 16-00-00-CR-008,10.5799,-61.255061,Caroni River Mouth,1.86,0.1,No
3/21/2025 17:00,CR-001,21-03-2025 17-00-00-CR-001,10.62038,-61.466257,Caroni Source,1.78,-0.56,No
3/21/2025 17:00,CR-002,21-03-2025 17-00-00-CR-002,10.617247,-61.43931,Early Caroni,3.58,1.41,No
3/21/2025 17:00,CR-003,21-03-2025 17-00-00-CR-003,10.616628,-61.420142,Mid Upper Caroni,1.57,-1.37,No
3/21/2025 17:00,CR-004,21-03-2025 17-00-00-CR-004,10.609654,-61.395995,Mid Caroni,3.13,-0.46,No
3/21/2025 17:00,CR-005,21-03-2025 17-00-00-CR-005,10.606111,-61.374422,Mid Lower Caroni,1.7,-2.29,No
3/21/2025 17:00,CR-006,21-03-2025 17-00-00-CR-006,10.582769,-61.341406,Lower Caroni,1.89,-0.71,No
3/21/2025 17:00,CR-007,21-03-2025 17-00-00-CR-007,10.578663,-61.291224,Caroni Swamp Entrance,1.75,-0.08,No
3/21/2025 17:00,CR-008,21-03-2025 17-00-00-CR-008,10.5799,-61.255061,Caroni River Mouth,2.82,0.96,No
3/21/2025 18:00,CR-001,21-03-2025 18-00-00-CR-001,10.62038,-61.466257,Caroni Source,3.2,1.42,No
3/21/2025 18:00,CR-002,21-03-2025 18-00-00-CR-002,10.617247,-61.43931,Early Caroni,3.08,-0.5,No
3/21/2025 18:00,CR-003,21-03-2025 18-00-00-CR-003,10.616628,-61.420142,Mid Upper Caroni,2.6,1.03,No
3/21/2025 18:00,CR-004,21-03-2025 18-00-00-CR-004,10.609654,-61.395995,Mid Caroni,2.87,-0.26,No
3/21/2025 18:00,CR-005,21-03-2025 18-00-00-CR-005,10.606111,-61.374422,Mid Lower Caroni,1.51,-0.19,No
3/21/2025 18:00,CR-006,21-03-2025 18-00-00-CR-006,10.582769,-61.341406,Lower Caroni,2.16,0.27,No
3/21/2025 18:00,CR-007,21-03-2025 18-00-00-CR-007,10.578663,-61.291224,Caroni Swamp Entrance,2.54,0.79,No
3/21/2025 18:00,CR-008,21-03-2025 18-00-00-CR-008,10.5799,-61.255061,Caroni River Mouth,3,0.18,No
3/21/2025 19:00,CR-001,21-03-2025 19-00-00-CR-001,10.62038,-61.466257,Caroni Source,2.85,-0.35,No
3/21/2025 19:00,CR-002,21-03-2025 19-00-00-CR-002,10.617247,-61.43931,Early Caroni,3.95,0.87,Yes
3/21/2025 19:00,CR-003,21-03-2025 19-00-00-CR-003,10.616628,-61.420142,Mid Upper Caroni,1.53,-1.07,No
3/21/2025 19:00,CR-004,21-03-2025 19-00-00-CR-004,10.609654,-61.395995,Mid Caroni,1.88,-0.99,No
3/21/2025 19:00,CR-005,21-03-2025 19-00-00-CR-005,10.606111,-61.374422,Mid Lower Caroni,2.74,1.23,No
3/21/2025 19:00,CR-006,21-03-2025 19-00-00-CR-006,10.582769,-61.341406,Lower Caroni,3.47,1.31,No
3/21/2025 19:00,CR-007,21-03-2025 19-00-00-CR-007,10.578663,-61.291224,Caroni Swamp Entrance,3.49,0.95,No
3/21/2025 19:00,CR-008,21-03-2025 19-00-00-CR-008,10.5799,-61.255061,Caroni River Mouth,3.95,0.95,Yes
3/21/2025 20:00,CR-001,21-03-2025 20-00-00-CR-001,10.62038,-61.466257,Caroni Source,1.58,-1.27,No
3/21/2025 20:00,CR-002,21-03-2025 20-00-00-CR-002,10.617247,-61.43931,Early Caroni,1.67,-2.28,No
3/21/2025 20:00,CR-003,21-03-2025 20-00-00-CR-003,10.616628,-61.420142,Mid Upper Caroni,3,1.47,No
3/21/2025 20:00,CR-004,21-03-2025 20-00-00-CR-004,10.609654,-61.395995,Mid Caroni,3.68,1.8,No
3/21/2025 20:00,CR-005,21-03-2025 20-00-00-CR-005,10.606111,-61.374422,Mid Lower Caroni,2.12,-0.62,No
3/21/2025 20:00,CR-006,21-03-2025 20-00-00-CR-006,10.582769,-61.341406,Lower Caroni,1.54,-1.93,No
3/21/2025 20:00,CR-007,21-03-2025 20-00-00-CR-007,10.578663,-61.291224,Caroni Swamp Entrance,1.67,-1.82,No
3/21/2025 20:00,CR-008,21-03-2025 20-00-00-CR-008,10.5799,-61.255061,Caroni River Mouth,2.24,-1.71,No
3/21/2025 21:00,CR-001,21-03-2025 21-00-00-CR-001,10.62038,-61.466257,Caroni Source,1.59,0.01,No
3/21/2025 21:00,CR-002,21-03-2025 21-00-00-CR-002,10.617247,-61.43931,Early Caroni,3.45,1.78,No
3/21/2025 21:00,CR-003,21-03-2025 21-00-00-CR-003,10.616628,-61.420142,Mid Upper Caroni,2.54,-0.46,No
3/21/2025 21:00,CR-004,21-03-2025 21-00-00-CR-004,10.609654,-61.395995,Mid Caroni,3.11,-0.57,No
3/21/2025 21:00,CR-005,21-03-2025 21-00-00-CR-005,10.606111,-61.374422,Mid Lower Caroni,3.6,1.48,No
3/21/2025 21:00,CR-006,21-03-2025 21-00-00-CR-006,10.582769,-61.341406,Lower Caroni,1.89,0.35,No
3/21/2025 21:00,CR-007,21-03-2025 21-00-00-CR-007,10.578663,-61.291224,Caroni Swamp Entrance,2.5,0.83,No
3/21/2025 21:00,CR-008,21-03-2025 21-00-00-CR-008,10.5799,-61.255061,Caroni River Mouth,2.81,0.57,No
3/21/2025 22:00,CR-001,21-03-2025 22-00-00-CR-001,10.62038,-61.466257,Caroni Source,1.94,0.35,No
3/21/2025 22:00,CR-002,21-03-2025 22-00-00-CR-002,10.617247,-61.43931,Early Caroni,3.07,-0.38,No
3/21/2025 22:00,CR-003,21-03-2025 22-00-00-CR-003,10.616628,-61.420142,Mid Upper Caroni,1.53,-1.01,No
3/21/2025 22:00,CR-004,21-03-2025 22-00-00-CR-004,10.609654,-61.395995,Mid Caroni,2.27,-0.84,No
3/21/2025 22:00,CR-005,21-03-2025 22-00-00-CR-005,10.606111,-61.374422,Mid Lower Caroni,3.98,0.38,Yes
3/21/2025 22:00,CR-006,21-03-2025 22-00-00-CR-006,10.582769,-61.341406,Lower Caroni,3.9,2.01,Yes
3/21/2025 22:00,CR-007,21-03-2025 22-00-00-CR-007,10.578663,-61.291224,Caroni Swamp Entrance,2.25,-0.25,No
3/21/2025 22:00,CR-008,21-03-2025 22-00-00-CR-008,10.5799,-61.255061,Caroni River Mouth,3.67,0.86,No
3/21/2025 23:00,CR-001,21-03-2025 23-00-00-CR-001,10.62038,-61.466257,Caroni Source,3.64,1.7,No
3/21/2025 23:00,CR-002,21-03-2025 23-00-00-CR-002,10.617247,-61.43931,Early Caroni,1.78,-1.29,No
3/21/2025 23:00,CR-003,21-03-2025 23-00-00-CR-003,10.616628,-61.420142,Mid Upper Caroni,3.31,1.78,No
3/21/2025 23:00,CR-004,21-03-2025 23-00-00-CR-004,10.609654,-61.395995,Mid Caroni,2.3,0.03,No
3/21/2025 23:00,CR-005,21-03-2025 23-00-00-CR-005,10.606111,-61.374422,Mid Lower Caroni,3.83,-0.15,Yes
3/21/2025 23:00,CR-006,21-03-2025 23-00-00-CR-006,10.582769,-61.341406,Lower Caroni,3.89,-0.01,Yes
3/21/2025 23:00,CR-007,21-03-2025 23-00-00-CR-007,10.578663,-61.291224,Caroni Swamp Entrance,3.85,1.6,Yes
3/21/2025 23:00,CR-008,21-03-2025 23-00-00-CR-008,10.5799,-61.255061,Caroni River Mouth,2.14,-1.53,No
3/22/2025 0:00,CR-001,22-03-2025 00-00-00-CR-001,10.62038,-61.466257,Caroni Source,3.33,-0.31,No
3/22/2025 0:00,CR-002,22-03-2025 00-00-00-CR-002,10.617247,-61.43931,Early Caroni,3.23,1.45,No
3/22/2025 0:00,CR-003,22-03-2025 00-00-00-CR-003,10.616628,-61.420142,Mid Upper Caroni,3.14,-0.17,No
3/22/2025 0:00,CR-004,22-03-2025 00-00-00-CR-004,10.609654,-61.395995,Mid Caroni,2.45,0.15,No
3/22/2025 0:00,CR-005,22-03-2025 00-00-00-CR-005,10.606111,-61.374422,Mid Lower Caroni,1.71,-2.12,No
3/22/2025 0:00,CR-006,22-03-2025 00-00-00-CR-006,10.582769,-61.341406,Lower Caroni,3.22,-0.67,No
3/22/2025 0:00,CR-007,22-03-2025 00-00-00-CR-007,10.578663,-61.291224,Caroni Swamp Entrance,2.88,-0.97,No
3/22/2025 0:00,CR-008,22-03-2025 00-00-00-CR-008,10.5799,-61.255061,Caroni River Mouth,3.51,1.37,No
3/22/2025 1:00,CR-001,22-03-2025 01-00-00-CR-001,10.62038,-61.466257,Caroni Source,2.67,-0.66,No
3/22/2025 1:00,CR-002,22-03-2025 01-00-00-CR-002,10.617247,-61.43931,Early Caroni,3,-0.23,No
3/22/2025 1:00,CR-003,22-03-2025 01-00-00-CR-003,10.616628,-61.420142,Mid Upper Caroni,1.88,-1.26,No
3/22/2025 1:00,CR-004,22-03-2025 01-00-00-CR-004,10.609654,-61.395995,Mid Caroni,3.59,1.14,No
3/22/2025 1:00,CR-005,22-03-2025 01-00-00-CR-005,10.606111,-61.374422,Mid Lower Caroni,2.82,1.11,No
3/22/2025 1:00,CR-006,22-03-2025 01-00-00-CR-006,10.582769,-61.341406,Lower Caroni,3.34,0.12,No
3/22/2025 1:00,CR-007,22-03-2025 01-00-00-CR-007,10.578663,-61.291224,Caroni Swamp Entrance,2.94,0.06,No
3/22/2025 1:00,CR-008,22-03-2025 01-00-00-CR-008,10.5799,-61.255061,Caroni River Mouth,2,-1.51,No
3/22/2025 2:00,CR-001,22-03-2025 02-00-00-CR-001,10.62038,-61.466257,Caroni Source,3.18,0.51,No
3/22/2025 2:00,CR-002,22-03-2025 02-00-00-CR-002,10.617247,-61.43931,Early Caroni,3.79,0.79,No
3/22/2025 2:00,CR-003,22-03-2025 02-00-00-CR-003,10.616628,-61.420142,Mid Upper Caroni,3.88,2,Yes
3/22/2025 2:00,CR-004,22-03-2025 02-00-00-CR-004,10.609654,-61.395995,Mid Caroni,3.88,0.29,Yes
3/22/2025 2:00,CR-005,22-03-2025 02-00-00-CR-005,10.606111,-61.374422,Mid Lower Caroni,3.46,0.64,No
3/22/2025 2:00,CR-006,22-03-2025 02-00-00-CR-006,10.582769,-61.341406,Lower Caroni,1.8,-1.54,No
3/22/2025 2:00,CR-007,22-03-2025 02-00-00-CR-007,10.578663,-61.291224,Caroni Swamp Entrance,2.27,-0.67,No
3/22/2025 2:00,CR-008,22-03-2025 02-00-00-CR-008,10.5799,-61.255061,Caroni River Mouth,3.41,1.41,No
3/22/2025 3:00,CR-001,22-03-2025 03-00-00-CR-001,10.62038,-61.466257,Caroni Source,3.39,0.21,No
3/22/2025 3:00,CR-002,22-03-2025 03-00-00-CR-002,10.617247,-61.43931,Early Caroni,1.83,-1.96,No
3/22/2025 3:00,CR-003,22-03-2025 03-00-00-CR-003,10.616628,-61.420142,Mid Upper Caroni,1.61,-2.27,No
3/22/2025 3:00,CR-004,22-03-2025 03-00-00-CR-004,10.609654,-61.395995,Mid Caroni,1.69,-2.19,No
3/22/2025 3:00,CR-005,22-03-2025 03-00-00-CR-005,10.606111,-61.374422,Mid Lower Caroni,3.18,-0.28,No
3/22/2025 3:00,CR-006,22-03-2025 03-00-00-CR-006,10.582769,-61.341406,Lower Caroni,1.86,0.06,No
3/22/2025 3:00,CR-007,22-03-2025 03-00-00-CR-007,10.578663,-61.291224,Caroni Swamp Entrance,3.48,1.21,No
3/22/2025 3:00,CR-008,22-03-2025 03-00-00-CR-008,10.5799,-61.255061,Caroni River Mouth,3.87,0.46,Yes
3/22/2025 4:00,CR-001,22-03-2025 04-00-00-CR-001,10.62038,-61.466257,Caroni Source,3.23,-0.16,No
3/22/2025 4:00,CR-002,22-03-2025 04-00-00-CR-002,10.617247,-61.43931,Early Caroni,2.73,0.9,No
3/22/2025 4:00,CR-003,22-03-2025 04-00-00-CR-003,10.616628,-61.420142,Mid Upper Caroni,2.85,1.24,No
3/22/2025 4:00,CR-004,22-03-2025 04-00-00-CR-004,10.609654,-61.395995,Mid Caroni,2.1,0.41,No
3/22/2025 4:00,CR-005,22-03-2025 04-00-00-CR-005,10.606111,-61.374422,Mid Lower Caroni,1.71,-1.47,No
3/22/2025 4:00,CR-006,22-03-2025 04-00-00-CR-006,10.582769,-61.341406,Lower Caroni,2.52,0.66,No
3/22/2025 4:00,CR-007,22-03-2025 04-00-00-CR-007,10.578663,-61.291224,Caroni Swamp Entrance,2.67,-0.81,No
3/22/2025 4:00,CR-008,22-03-2025 04-00-00-CR-008,10.5799,-61.255061,Caroni River Mouth,1.99,-1.88,No
3/22/2025 5:00,CR-001,22-03-2025 05-00-00-CR-001,10.62038,-61.466257,Caroni Source,2.11,-1.12,No
3/22/2025 5:00,CR-002,22-03-2025 05-00-00-CR-002,10.617247,-61.43931,Early Caroni,2.52,-0.21,No
3/22/2025 5:00,CR-003,22-03-2025 05-00-00-CR-003,10.616628,-61.420142,Mid Upper Caroni,3.42,0.57,No
3/22/2025 5:00,CR-004,22-03-2025 05-00-00-CR-004,10.609654,-61.395995,Mid Caroni,2.15,0.05,No
3/22/2025 5:00,CR-005,22-03-2025 05-00-00-CR-005,10.606111,-61.374422,Mid Lower Caroni,2.36,0.65,No
3/22/2025 5:00,CR-006,22-03-2025 05-00-00-CR-006,10.582769,-61.341406,Lower Caroni,2.59,0.07,No
3/22/2025 5:00,CR-007,22-03-2025 05-00-00-CR-007,10.578663,-61.291224,Caroni Swamp Entrance,1.72,-0.95,No
3/22/2025 5:00,CR-008,22-03-2025 05-00-00-CR-008,10.5799,-61.255061,Caroni River Mouth,3.44,1.45,No
3/22/2025 6:00,CR-001,22-03-2025 06-00-00-CR-001,10.62038,-61.466257,Caroni Source,2.54,0.43,No
3/22/2025 6:00,CR-002,22-03-2025 06-00-00-CR-002,10.617247,-61.43931,Early Caroni,2.96,0.44,No
3/22/2025 6:00,CR-003,22-03-2025 06-00-00-CR-003,10.616628,-61.420142,Mid Upper Caroni,2.41,-1.01,No
3/22/2025 6:00,CR-004,22-03-2025 06-00-00-CR-004,10.609654,-61.395995,Mid Caroni,1.75,-0.4,No
3/22/2025 6:00,CR-005,22-03-2025 06-00-00-CR-005,10.606111,-61.374422,Mid Lower Caroni,3.87,1.51,Yes
3/22/2025 6:00,CR-006,22-03-2025 06-00-00-CR-006,10.582769,-61.341406,Lower Caroni,1.89,-0.7,No
3/22/2025 6:00,CR-007,22-03-2025 06-00-00-CR-007,10.578663,-61.291224,Caroni Swamp Entrance,1.69,-0.03,No
3/22/2025 6:00,CR-008,22-03-2025 06-00-00-CR-008,10.5799,-61.255061,Caroni River Mouth,2.13,-1.31,No
3/22/2025 7:00,CR-001,22-03-2025 07-00-00-CR-001,10.62038,-61.466257,Caroni Source,1.8,-0.74,No
3/22/2025 7:00,CR-002,22-03-2025 07-00-00-CR-002,10.617247,-61.43931,Early Caroni,3.01,0.05,No
3/22/2025 7:00,CR-003,22-03-2025 07-00-00-CR-003,10.616628,-61.420142,Mid Upper Caroni,2.84,0.43,No
3/22/2025 7:00,CR-004,22-03-2025 07-00-00-CR-004,10.609654,-61.395995,Mid Caroni,2.39,0.64,No
3/22/2025 7:00,CR-005,22-03-2025 07-00-00-CR-005,10.606111,-61.374422,Mid Lower Caroni,2.38,-1.49,No
3/22/2025 7:00,CR-006,22-03-2025 07-00-00-CR-006,10.582769,-61.341406,Lower Caroni,2.32,0.43,No
3/22/2025 7:00,CR-007,22-03-2025 07-00-00-CR-007,10.578663,-61.291224,Caroni Swamp Entrance,3.14,1.45,No
3/22/2025 7:00,CR-008,22-03-2025 07-00-00-CR-008,10.5799,-61.255061,Caroni River Mouth,1.61,-0.52,No
3/22/2025 8:00,CR-001,22-03-2025 08-00-00-CR-001,10.62038,-61.466257,Caroni Source,3.89,2.09,Yes
3/22/2025 8:00,CR-002,22-03-2025 08-00-00-CR-002,10.617247,-61.43931,Early Caroni,3.14,0.13,No
3/22/2025 8:00,CR-003,22-03-2025 08-00-00-CR-003,10.616628,-61.420142,Mid Upper Caroni,2.23,-0.61,No
3/22/2025 8:00,CR-004,22-03-2025 08-00-00-CR-004,10.609654,-61.395995,Mid Caroni,3.01,0.62,No
3/22/2025 8:00,CR-005,22-03-2025 08-00-00-CR-005,10.606111,-61.374422,Mid Lower Caroni,1.94,-0.44,No
3/22/2025 8:00,CR-006,22-03-2025 08-00-00-CR-006,10.582769,-61.341406,Lower Caroni,2.77,0.45,No
3/22/2025 8:00,CR-007,22-03-2025 08-00-00-CR-007,10.578663,-61.291224,Caroni Swamp Entrance,2.24,-0.9,No
3/22/2025 8:00,CR-008,22-03-2025 08-00-00-CR-008,10.5799,-61.255061,Caroni River Mouth,3.88,2.27,Yes
3/22/2025 9:00,CR-001,22-03-2025 09-00-00-CR-001,10.62038,-61.466257,Caroni Source,2.83,-1.06,No
3/22/2025 9:00,CR-002,22-03-2025 09-00-00-CR-002,10.617247,-61.43931,Early Caroni,2.21,-0.93,No
3/22/2025 9:00,CR-003,22-03-2025 09-00-00-CR-003,10.616628,-61.420142,Mid Upper Caroni,3.64,1.41,No
3/22/2025 9:00,CR-004,22-03-2025 09-00-00-CR-004,10.609654,-61.395995,Mid Caroni,3.12,0.11,No
3/22/2025 9:00,CR-005,22-03-2025 09-00-00-CR-005,10.606111,-61.374422,Mid Lower Caroni,3.11,1.17,No
3/22/2025 9:00,CR-006,22-03-2025 09-00-00-CR-006,10.582769,-61.341406,Lower Caroni,2.21,-0.56,No
3/22/2025 9:00,CR-007,22-03-2025 09-00-00-CR-007,10.578663,-61.291224,Caroni Swamp Entrance,2.7,0.46,No
3/22/2025 9:00,CR-008,22-03-2025 09-00-00-CR-008,10.5799,-61.255061,Caroni River Mouth,2.26,-1.62,No
3/22/2025 10:00,CR-001,22-03-2025 10-00-00-CR-001,10.62038,-61.466257,Caroni Source,3,0.17,No
3/22/2025 10:00,CR-002,22-03-2025 10-00-00-CR-002,10.617247,-61.43931,Early Caroni,2.12,-0.09,No
3/22/2025 10:00,CR-003,22-03-2025 10-00-00-CR-003,10.616628,-61.420142,Mid Upper Caroni,2.94,-0.7,No
3/22/2025 10:00,CR-004,22-03-2025 10-00-00-CR-004,10.609654,-61.395995,Mid Caroni,2.42,-0.7,No
3/22/2025 10:00,CR-005,22-03-2025 10-00-00-CR-005,10.606111,-61.374422,Mid Lower Caroni,2.49,-0.62,No
3/22/2025 10:00,CR-006,22-03-2025 10-00-00-CR-006,10.582769,-61.341406,Lower Caroni,3.04,0.83,No
3/22/2025 10:00,CR-007,22-03-2025 10-00-00-CR-007,10.578663,-61.291224,Caroni Swamp Entrance,3.33,0.63,No
3/22/2025 10:00,CR-008,22-03-2025 10-00-00-CR-008,10.5799,-61.255061,Caroni River Mouth,2.52,0.26,No
3/22/2025 11:00,CR-001,22-03-2025 11-00-00-CR-001,10.62038,-61.466257,Caroni Source,1.56,-1.44,No
3/22/2025 11:00,CR-002,22-03-2025 11-00-00-CR-002,10.617247,-61.43931,Early Caroni,1.81,-0.31,No
3/22/2025 11:00,CR-003,22-03-2025 11-00-00-CR-003,10.616628,-61.420142,Mid Upper Caroni,3.85,0.91,Yes
3/22/2025 11:00,CR-004,22-03-2025 11-00-00-CR-004,10.609654,-61.395995,Mid Caroni,3.84,1.42,Yes
3/22/2025 11:00,CR-005,22-03-2025 11-00-00-CR-005,10.606111,-61.374422,Mid Lower Caroni,3.05,0.56,No
3/22/2025 11:00,CR-006,22-03-2025 11-00-00-CR-006,10.582769,-61.341406,Lower Caroni,3.97,0.93,Yes
3/22/2025 11:00,CR-007,22-03-2025 11-00-00-CR-007,10.578663,-61.291224,Caroni Swamp Entrance,1.61,-1.72,No
3/22/2025 11:00,CR-008,22-03-2025 11-00-00-CR-008,10.5799,-61.255061,Caroni River Mouth,3.65,1.13,No
3/22/2025 12:00,CR-001,22-03-2025 12-00-00-CR-001,10.62038,-61.466257,Caroni Source,1.53,-0.03,No
3/22/2025 12:00,CR-002,22-03-2025 12-00-00-CR-002,10.617247,-61.43931,Early Caroni,3.96,2.15,Yes
3/22/2025 12:00,CR-003,22-03-2025 12-00-00-CR-003,10.616628,-61.420142,Mid Upper Caroni,1.7,-2.15,No
3/22/2025 12:00,CR-004,22-03-2025 12-00-00-CR-004,10.609654,-61.395995,Mid Caroni,2.35,-1.49,No
3/22/2025 12:00,CR-005,22-03-2025 12-00-00-CR-005,10.606111,-61.374422,Mid Lower Caroni,3.72,0.67,No
3/22/2025 12:00,CR-006,22-03-2025 12-00-00-CR-006,10.582769,-61.341406,Lower Caroni,3.19,-0.78,No
3/22/2025 12:00,CR-007,22-03-2025 12-00-00-CR-007,10.578663,-61.291224,Caroni Swamp Entrance,3.65,2.04,No
3/22/2025 12:00,CR-008,22-03-2025 12-00-00-CR-008,10.5799,-61.255061,Caroni River Mouth,2.01,-1.64,No
3/22/2025 13:00,CR-001,22-03-2025 13-00-00-CR-001,10.62038,-61.466257,Caroni Source,3.83,2.3,Yes
3/22/2025 13:00,CR-002,22-03-2025 13-00-00-CR-002,10.617247,-61.43931,Early Caroni,3.97,0.01,Yes
3/22/2025 13:00,CR-003,22-03-2025 13-00-00-CR-003,10.616628,-61.420142,Mid Upper Caroni,2.76,1.06,No
3/22/2025 13:00,CR-004,22-03-2025 13-00-00-CR-004,10.609654,-61.395995,Mid Caroni,1.58,-0.77,No
3/22/2025 13:00,CR-005,22-03-2025 13-00-00-CR-005,10.606111,-61.374422,Mid Lower Caroni,1.82,-1.9,No
3/22/2025 13:00,CR-006,22-03-2025 13-00-00-CR-006,10.582769,-61.341406,Lower Caroni,1.84,-1.35,No
3/22/2025 13:00,CR-007,22-03-2025 13-00-00-CR-007,10.578663,-61.291224,Caroni Swamp Entrance,2.24,-1.41,No
3/22/2025 13:00,CR-008,22-03-2025 13-00-00-CR-008,10.5799,-61.255061,Caroni River Mouth,2.93,0.92,No
3/22/2025 14:00,CR-001,22-03-2025 14-00-00-CR-001,10.62038,-61.466257,Caroni Source,2.52,-1.31,No
3/22/2025 14:00,CR-002,22-03-2025 14-00-00-CR-002,10.617247,-61.43931,Early Caroni,3.81,-0.16,Yes
3/22/2025 14:00,CR-003,22-03-2025 14-00-00-CR-003,10.616628,-61.420142,Mid Upper Caroni,3.12,0.36,No
3/22/2025 14:00,CR-004,22-03-2025 14-00-00-CR-004,10.609654,-61.395995,Mid Caroni,3.81,2.23,Yes
3/22/2025 14:00,CR-005,22-03-2025 14-00-00-CR-005,10.606111,-61.374422,Mid Lower Caroni,1.73,-0.09,No
3/22/2025 14:00,CR-006,22-03-2025 14-00-00-CR-006,10.582769,-61.341406,Lower Caroni,2.49,0.65,No
3/22/2025 14:00,CR-007,22-03-2025 14-00-00-CR-007,10.578663,-61.291224,Caroni Swamp Entrance,3.36,1.12,No
3/22/2025 14:00,CR-008,22-03-2025 14-00-00-CR-008,10.5799,-61.255061,Caroni River Mouth,1.99,-0.94,No
3/22/2025 15:00,CR-001,22-03-2025 15-00-00-CR-001,10.62038,-61.466257,Caroni Source,2.78,0.26,No
3/22/2025 15:00,CR-002,22-03-2025 15-00-00-CR-002,10.617247,-61.43931,Early Caroni,1.53,-2.28,No
3/22/2025 15:00,CR-003,22-03-2025 15-00-00-CR-003,10.616628,-61.420142,Mid Upper Caroni,3.99,0.87,Yes
3/22/2025 15:00,CR-004,22-03-2025 15-00-00-CR-004,10.609654,-61.395995,Mid Caroni,1.84,-1.97,No
3/22/2025 15:00,CR-005,22-03-2025 15-00-00-CR-005,10.606111,-61.374422,Mid Lower Caroni,1.95,0.22,No
3/22/2025 15:00,CR-006,22-03-2025 15-00-00-CR-006,10.582769,-61.341406,Lower Caroni,3.94,1.45,Yes
3/22/2025 15:00,CR-007,22-03-2025 15-00-00-CR-007,10.578663,-61.291224,Caroni Swamp Entrance,3.4,0.04,No
3/22/2025 15:00,CR-008,22-03-2025 15-00-00-CR-008,10.5799,-61.255061,Caroni River Mouth,2.81,0.82,No
3/22/2025 16:00,CR-001,22-03-2025 16-00-00-CR-001,10.62038,-61.466257,Caroni Source,3.54,0.76,No
3/22/2025 16:00,CR-002,22-03-2025 16-00-00-CR-002,10.617247,-61.43931,Early Caroni,2.99,1.46,No
3/22/2025 16:00,CR-003,22-03-2025 16-00-00-CR-003,10.616628,-61.420142,Mid Upper Caroni,2.43,-1.56,No
3/22/2025 16:00,CR-004,22-03-2025 16-00-00-CR-004,10.609654,-61.395995,Mid Caroni,1.93,0.09,No
3/22/2025 16:00,CR-005,22-03-2025 16-00-00-CR-005,10.606111,-61.374422,Mid Lower Caroni,3.59,1.64,No
3/22/2025 16:00,CR-006,22-03-2025 16-00-00-CR-006,10.582769,-61.341406,Lower Caroni,2.07,-1.87,No
3/22/2025 16:00,CR-007,22-03-2025 16-00-00-CR-007,10.578663,-61.291224,Caroni Swamp Entrance,2.98,-0.42,No
3/22/2025 16:00,CR-008,22-03-2025 16-00-00-CR-008,10.5799,-61.255061,Caroni River Mouth,3.28,0.47,No
3/22/2025 17:00,CR-001,22-03-2025 17-00-00-CR-001,10.62038,-61.466257,Caroni Source,3.26,-0.28,No
3/22/2025 17:00,CR-002,22-03-2025 17-00-00-CR-002,10.617247,-61.43931,Early Caroni,3.23,0.24,No
3/22/2025 17:00,CR-003,22-03-2025 17-00-00-CR-003,10.616628,-61.420142,Mid Upper Caroni,2.9,0.47,No
3/22/2025 17:00,CR-004,22-03-2025 17-00-00-CR-004,10.609654,-61.395995,Mid Caroni,3.17,1.24,No
3/22/2025 17:00,CR-005,22-03-2025 17-00-00-CR-005,10.606111,-61.374422,Mid Lower Caroni,2.5,-1.09,No
3/22/2025 17:00,CR-006,22-03-2025 17-00-00-CR-006,10.582769,-61.341406,Lower Caroni,1.74,-0.33,No
3/22/2025 17:00,CR-007,22-03-2025 17-00-00-CR-007,10.578663,-61.291224,Caroni Swamp Entrance,3.12,0.14,No
3/22/2025 17:00,CR-008,22-03-2025 17-00-00-CR-008,10.5799,-61.255061,Caroni River Mouth,1.8,-1.48,No
3/22/2025 18:00,CR-001,22-03-2025 18-00-00-CR-001,10.62038,-61.466257,Caroni Source,2.93,-0.33,No
3/22/2025 18:00,CR-002,22-03-2025 18-00-00-CR-002,10.617247,-61.43931,Early Caroni,3.64,0.41,No
3/22/2025 18:00,CR-003,22-03-2025 18-00-00-CR-003,10.616628,-61.420142,Mid Upper Caroni,3.9,1,Yes
3/22/2025 18:00,CR-004,22-03-2025 18-00-00-CR-004,10.609654,-61.395995,Mid Caroni,2.58,-0.59,No
3/22/2025 18:00,CR-005,22-03-2025 18-00-00-CR-005,10.606111,-61.374422,Mid Lower Caroni,3.59,1.09,No
3/22/2025 18:00,CR-006,22-03-2025 18-00-00-CR-006,10.582769,-61.341406,Lower Caroni,2.44,0.7,No
3/22/2025 18:00,CR-007,22-03-2025 18-00-00-CR-007,10.578663,-61.291224,Caroni Swamp Entrance,3.15,0.03,No
3/22/2025 18:00,CR-008,22-03-2025 18-00-00-CR-008,10.5799,-61.255061,Caroni River Mouth,2.98,1.18,No
3/22/2025 19:00,CR-001,22-03-2025 19-00-00-CR-001,10.62038,-61.466257,Caroni Source,1.75,-1.18,No
3/22/2025 19:00,CR-002,22-03-2025 19-00-00-CR-002,10.617247,-61.43931,Early Caroni,3.14,-0.5,No
3/22/2025 19:00,CR-003,22-03-2025 19-00-00-CR-003,10.616628,-61.420142,Mid Upper Caroni,3.69,-0.21,No
3/22/2025 19:00,CR-004,22-03-2025 19-00-00-CR-004,10.609654,-61.395995,Mid Caroni,1.73,-0.85,No
3/22/2025 19:00,CR-005,22-03-2025 19-00-00-CR-005,10.606111,-61.374422,Mid Lower Caroni,1.79,-1.8,No
3/22/2025 19:00,CR-006,22-03-2025 19-00-00-CR-006,10.582769,-61.341406,Lower Caroni,3.19,0.75,No
3/22/2025 19:00,CR-007,22-03-2025 19-00-00-CR-007,10.578663,-61.291224,Caroni Swamp Entrance,3.99,0.84,Yes
3/22/2025 19:00,CR-008,22-03-2025 19-00-00-CR-008,10.5799,-61.255061,Caroni River Mouth,2.84,-0.14,No
3/22/2025 20:00,CR-001,22-03-2025 20-00-00-CR-001,10.62038,-61.466257,Caroni Source,3.31,1.56,No
3/22/2025 20:00,CR-002,22-03-2025 20-00-00-CR-002,10.617247,-61.43931,Early Caroni,3.42,0.28,No
3/22/2025 20:00,CR-003,22-03-2025 20-00-00-CR-003,10.616628,-61.420142,Mid Upper Caroni,1.76,-1.93,No
3/22/2025 20:00,CR-004,22-03-2025 20-00-00-CR-004,10.609654,-61.395995,Mid Caroni,3.94,2.21,Yes
3/22/2025 20:00,CR-005,22-03-2025 20-00-00-CR-005,10.606111,-61.374422,Mid Lower Caroni,1.71,-0.08,No
3/22/2025 20:00,CR-006,22-03-2025 20-00-00-CR-006,10.582769,-61.341406,Lower Caroni,2.74,-0.45,No
3/22/2025 20:00,CR-007,22-03-2025 20-00-00-CR-007,10.578663,-61.291224,Caroni Swamp Entrance,2.85,-1.14,No
3/22/2025 20:00,CR-008,22-03-2025 20-00-00-CR-008,10.5799,-61.255061,Caroni River Mouth,2.39,-0.45,No
3/22/2025 21:00,CR-001,22-03-2025 21-00-00-CR-001,10.62038,-61.466257,Caroni Source,1.76,-1.55,No
3/22/2025 21:00,CR-002,22-03-2025 21-00-00-CR-002,10.617247,-61.43931,Early Caroni,3.78,0.36,No
3/22/2025 21:00,CR-003,22-03-2025 21-00-00-CR-003,10.616628,-61.420142,Mid Upper Caroni,3.45,1.69,No
3/22/2025 21:00,CR-004,22-03-2025 21-00-00-CR-004,10.609654,-61.395995,Mid Caroni,2.09,-1.85,No
3/22/2025 21:00,CR-005,22-03-2025 21-00-00-CR-005,10.606111,-61.374422,Mid Lower Caroni,1.6,-0.11,No
3/22/2025 21:00,CR-006,22-03-2025 21-00-00-CR-006,10.582769,-61.341406,Lower Caroni,3.18,0.44,No
3/22/2025 21:00,CR-007,22-03-2025 21-00-00-CR-007,10.578663,-61.291224,Caroni Swamp Entrance,1.77,-1.08,No
3/22/2025 21:00,CR-008,22-03-2025 21-00-00-CR-008,10.5799,-61.255061,Caroni River Mouth,3.78,1.39,No
3/22/2025 22:00,CR-001,22-03-2025 22-00-00-CR-001,10.62038,-61.466257,Caroni Source,3.79,2.03,No
3/22/2025 22:00,CR-002,22-03-2025 22-00-00-CR-002,10.617247,-61.43931,Early Caroni,3.25,-0.53,No
3/22/2025 22:00,CR-003,22-03-2025 22-00-00-CR-003,10.616628,-61.420142,Mid Upper Caroni,3.98,0.53,Yes
3/22/2025 22:00,CR-004,22-03-2025 22-00-00-CR-004,10.609654,-61.395995,Mid Caroni,3.28,1.19,No
3/22/2025 22:00,CR-005,22-03-2025 22-00-00-CR-005,10.606111,-61.374422,Mid Lower Caroni,3.44,1.84,No
3/22/2025 22:00,CR-006,22-03-2025 22-00-00-CR-006,10.582769,-61.341406,Lower Caroni,2.03,-1.15,No
3/22/2025 22:00,CR-007,22-03-2025 22-00-00-CR-007,10.578663,-61.291224,Caroni Swamp Entrance,1.83,0.06,No
3/22/2025 22:00,CR-008,22-03-2025 22-00-00-CR-008,10.5799,-61.255061,Caroni River Mouth,2.7,-1.08,No
3/22/2025 23:00,CR-001,22-03-2025 23-00-00-CR-001,10.62038,-61.466257,Caroni Source,2.36,-1.43,No
3/22/2025 23:00,CR-002,22-03-2025 23-00-00-CR-002,10.617247,-61.43931,Early Caroni,2.28,-0.97,No
3/22/2025 23:00,CR-003,22-03-2025 23-00-00-CR-003,10.616628,-61.420142,Mid Upper Caroni,3.66,-0.32,No
3/22/2025 23:00,CR-004,22-03-2025 23-00-00-CR-004,10.609654,-61.395995,Mid Caroni,3.12,-0.16,No
3/22/2025 23:00,CR-005,22-03-2025 23-00-00-CR-005,10.606111,-61.374422,Mid Lower Caroni,3.77,0.33,No
3/22/2025 23:00,CR-006,22-03-2025 23-00-00-CR-006,10.582769,-61.341406,Lower Caroni,3.41,1.38,No
3/22/2025 23:00,CR-007,22-03-2025 23-00-00-CR-007,10.578663,-61.291224,Caroni Swamp Entrance,1.98,0.15,No
3/22/2025 23:00,CR-008,22-03-2025 23-00-00-CR-008,10.5799,-61.255061,Caroni River Mouth,3.83,1.13,Yes
3/23/2025 0:00,CR-001,23-03-2025 00-00-00-CR-001,10.62038,-61.466257,Caroni Source,1.81,-0.55,No
3/23/2025 0:00,CR-002,23-03-2025 00-00-00-CR-002,10.617247,-61.43931,Early Caroni,2.74,0.46,No
3/23/2025 0:00,CR-003,23-03-2025 00-00-00-CR-003,10.616628,-61.420142,Mid Upper Caroni,3.62,-0.04,No
3/23/2025 0:00,CR-004,23-03-2025 00-00-00-CR-004,10.609654,-61.395995,Mid Caroni,1.51,-1.61,No
3/23/2025 0:00,CR-005,23-03-2025 00-00-00-CR-005,10.606111,-61.374422,Mid Lower Caroni,2.48,-1.29,No
3/23/2025 0:00,CR-006,23-03-2025 00-00-00-CR-006,10.582769,-61.341406,Lower Caroni,2.78,-0.63,No
3/23/2025 0:00,CR-007,23-03-2025 00-00-00-CR-007,10.578663,-61.291224,Caroni Swamp Entrance,2.96,0.98,No
3/23/2025 0:00,CR-008,23-03-2025 00-00-00-CR-008,10.5799,-61.255061,Caroni River Mouth,2.46,-1.37,No
3/23/2025 1:00,CR-001,23-03-2025 01-00-00-CR-001,10.62038,-61.466257,Caroni Source,2.96,1.15,No
3/23/2025 1:00,CR-002,23-03-2025 01-00-00-CR-002,10.617247,-61.43931,Early Caroni,2.28,-0.46,No
3/23/2025 1:00,CR-003,23-03-2025 01-00-00-CR-003,10.616628,-61.420142,Mid Upper Caroni,2.3,-1.32,No
3/23/2025 1:00,CR-004,23-03-2025 01-00-00-CR-004,10.609654,-61.395995,Mid Caroni,1.63,0.12,No
3/23/2025 1:00,CR-005,23-03-2025 01-00-00-CR-005,10.606111,-61.374422,Mid Lower Caroni,3.76,1.28,No
3/23/2025 1:00,CR-006,23-03-2025 01-00-00-CR-006,10.582769,-61.341406,Lower Caroni,1.59,-1.19,No
3/23/2025 1:00,CR-007,23-03-2025 01-00-00-CR-007,10.578663,-61.291224,Caroni Swamp Entrance,1.55,-1.41,No
3/23/2025 1:00,CR-008,23-03-2025 01-00-00-CR-008,10.5799,-61.255061,Caroni River Mouth,2.22,-0.24,No
3/23/2025 2:00,CR-001,23-03-2025 02-00-00-CR-001,10.62038,-61.466257,Caroni Source,1.8,-1.16,No
3/23/2025 2:00,CR-002,23-03-2025 02-00-00-CR-002,10.617247,-61.43931,Early Caroni,2.01,-0.27,No
3/23/2025 2:00,CR-003,23-03-2025 02-00-00-CR-003,10.616628,-61.420142,Mid Upper Caroni,2.34,0.04,No
3/23/2025 2:00,CR-004,23-03-2025 02-00-00-CR-004,10.609654,-61.395995,Mid Caroni,2.24,0.61,No
3/23/2025 2:00,CR-005,23-03-2025 02-00-00-CR-005,10.606111,-61.374422,Mid Lower Caroni,3.38,-0.38,No
3/23/2025 2:00,CR-006,23-03-2025 02-00-00-CR-006,10.582769,-61.341406,Lower Caroni,3.94,2.35,Yes
3/23/2025 2:00,CR-007,23-03-2025 02-00-00-CR-007,10.578663,-61.291224,Caroni Swamp Entrance,3.52,1.97,No
3/23/2025 2:00,CR-008,23-03-2025 02-00-00-CR-008,10.5799,-61.255061,Caroni River Mouth,3.12,0.9,No
3/23/2025 3:00,CR-001,23-03-2025 03-00-00-CR-001,10.62038,-61.466257,Caroni Source,2.6,0.8,No
3/23/2025 3:00,CR-002,23-03-2025 03-00-00-CR-002,10.617247,-61.43931,Early Caroni,3,0.99,No
3/23/2025 3:00,CR-003,23-03-2025 03-00-00-CR-003,10.616628,-61.420142,Mid Upper Caroni,3.67,1.33,No
3/23/2025 3:00,CR-004,23-03-2025 03-00-00-CR-004,10.609654,-61.395995,Mid Caroni,3.35,1.11,No
3/23/2025 3:00,CR-005,23-03-2025 03-00-00-CR-005,10.606111,-61.374422,Mid Lower Caroni,2.99,-0.39,No
3/23/2025 3:00,CR-006,23-03-2025 03-00-00-CR-006,10.582769,-61.341406,Lower Caroni,3.93,-0.01,Yes
3/23/2025 3:00,CR-007,23-03-2025 03-00-00-CR-007,10.578663,-61.291224,Caroni Swamp Entrance,1.67,-1.85,No
3/23/2025 3:00,CR-008,23-03-2025 03-00-00-CR-008,10.5799,-61.255061,Caroni River Mouth,3.5,0.38,No
3/23/2025 4:00,CR-001,23-03-2025 04-00-00-CR-001,10.62038,-61.466257,Caroni Source,1.68,-0.92,No
3/23/2025 4:00,CR-002,23-03-2025 04-00-00-CR-002,10.617247,-61.43931,Early Caroni,2.86,-0.14,No
3/23/2025 4:00,CR-003,23-03-2025 04-00-00-CR-003,10.616628,-61.420142,Mid Upper Caroni,3.47,-0.2,No
3/23/2025 4:00,CR-004,23-03-2025 04-00-00-CR-004,10.609654,-61.395995,Mid Caroni,2.12,-1.23,No
3/23/2025 4:00,CR-005,23-03-2025 04-00-00-CR-005,10.606111,-61.374422,Mid Lower Caroni,3.25,0.26,No
3/23/2025 4:00,CR-006,23-03-2025 04-00-00-CR-006,10.582769,-61.341406,Lower Caroni,2.64,-1.29,No
3/23/2025 4:00,CR-007,23-03-2025 04-00-00-CR-007,10.578663,-61.291224,Caroni Swamp Entrance,1.57,-0.1,No
3/23/2025 4:00,CR-008,23-03-2025 04-00-00-CR-008,10.5799,-61.255061,Caroni River Mouth,3.24,-0.26,No
3/23/2025 5:00,CR-001,23-03-2025 05-00-00-CR-001,10.62038,-61.466257,Caroni Source,3.55,1.87,No
3/23/2025 5:00,CR-002,23-03-2025 05-00-00-CR-002,10.617247,-61.43931,Early Caroni,3.16,0.3,No
3/23/2025 5:00,CR-003,23-03-2025 05-00-00-CR-003,10.616628,-61.420142,Mid Upper Caroni,2.94,-0.53,No
3/23/2025 5:00,CR-004,23-03-2025 05-00-00-CR-004,10.609654,-61.395995,Mid Caroni,1.6,-0.52,No
3/23/2025 5:00,CR-005,23-03-2025 05-00-00-CR-005,10.606111,-61.374422,Mid Lower Caroni,2.25,-1,No
3/23/2025 5:00,CR-006,23-03-2025 05-00-00-CR-006,10.582769,-61.341406,Lower Caroni,2.16,-0.48,No
3/23/2025 5:00,CR-007,23-03-2025 05-00-00-CR-007,10.578663,-61.291224,Caroni Swamp Entrance,3.62,2.05,No
3/23/2025 5:00,CR-008,23-03-2025 05-00-00-CR-008,10.5799,-61.255061,Caroni River Mouth,3.82,0.58,Yes
3/23/2025 6:00,CR-001,23-03-2025 06-00-00-CR-001,10.62038,-61.466257,Caroni Source,3.86,0.31,Yes
3/23/2025 6:00,CR-002,23-03-2025 06-00-00-CR-002,10.617247,-61.43931,Early Caroni,2.7,-0.46,No
3/23/2025 6:00,CR-003,23-03-2025 06-00-00-CR-003,10.616628,-61.420142,Mid Upper Caroni,1.94,-1,No
3/23/2025 6:00,CR-004,23-03-2025 06-00-00-CR-004,10.609654,-61.395995,Mid Caroni,3.24,1.64,No
3/23/2025 6:00,CR-005,23-03-2025 06-00-00-CR-005,10.606111,-61.374422,Mid Lower Caroni,2.44,0.19,No
3/23/2025 6:00,CR-006,23-03-2025 06-00-00-CR-006,10.582769,-61.341406,Lower Caroni,2.7,0.54,No
3/23/2025 6:00,CR-007,23-03-2025 06-00-00-CR-007,10.578663,-61.291224,Caroni Swamp Entrance,3.42,-0.2,No
3/23/2025 6:00,CR-008,23-03-2025 06-00-00-CR-008,10.5799,-61.255061,Caroni River Mouth,3.92,0.1,Yes
3/23/2025 7:00,CR-001,23-03-2025 07-00-00-CR-001,10.62038,-61.466257,Caroni Source,1.96,-1.9,No
3/23/2025 7:00,CR-002,23-03-2025 07-00-00-CR-002,10.617247,-61.43931,Early Caroni,3.44,0.74,No
3/23/2025 7:00,CR-003,23-03-2025 07-00-00-CR-003,10.616628,-61.420142,Mid Upper Caroni,3.69,1.75,No
3/23/2025 7:00,CR-004,23-03-2025 07-00-00-CR-004,10.609654,-61.395995,Mid Caroni,1.73,-1.51,No
3/23/2025 7:00,CR-005,23-03-2025 07-00-00-CR-005,10.606111,-61.374422,Mid Lower Caroni,2.31,-0.13,No
3/23/2025 7:00,CR-006,23-03-2025 07-00-00-CR-006,10.582769,-61.341406,Lower Caroni,1.6,-1.1,No
3/23/2025 7:00,CR-007,23-03-2025 07-00-00-CR-007,10.578663,-61.291224,Caroni Swamp Entrance,3.96,0.54,Yes
3/23/2025 7:00,CR-008,23-03-2025 07-00-00-CR-008,10.5799,-61.255061,Caroni River Mouth,3.23,-0.69,No
3/23/2025 8:00,CR-001,23-03-2025 08-00-00-CR-001,10.62038,-61.466257,Caroni Source,1.63,-0.33,No
3/23/2025 8:00,CR-002,23-03-2025 08-00-00-CR-002,10.617247,-61.43931,Early Caroni,2.37,-1.07,No
3/23/2025 8:00,CR-003,23-03-2025 08-00-00-CR-003,10.616628,-61.420142,Mid Upper Caroni,2.49,-1.2,No
3/23/2025 8:00,CR-004,23-03-2025 08-00-00-CR-004,10.609654,-61.395995,Mid Caroni,3.08,1.35,No
3/23/2025 8:00,CR-005,23-03-2025 08-00-00-CR-005,10.606111,-61.374422,Mid Lower Caroni,3.13,0.82,No
3/23/2025 8:00,CR-006,23-03-2025 08-00-00-CR-006,10.582769,-61.341406,Lower Caroni,3.89,2.29,Yes
3/23/2025 8:00,CR-007,23-03-2025 08-00-00-CR-007,10.578663,-61.291224,Caroni Swamp Entrance,1.75,-2.21,No
3/23/2025 8:00,CR-008,23-03-2025 08-00-00-CR-008,10.5799,-61.255061,Caroni River Mouth,2.83,-0.4,No
3/23/2025 9:00,CR-001,23-03-2025 09-00-00-CR-001,10.62038,-61.466257,Caroni Source,1.97,0.34,No
3/23/2025 9:00,CR-002,23-03-2025 09-00-00-CR-002,10.617247,-61.43931,Early Caroni,3.61,1.24,No
3/23/2025 9:00,CR-003,23-03-2025 09-00-00-CR-003,10.616628,-61.420142,Mid Upper Caroni,1.88,-0.61,No
3/23/2025 9:00,CR-004,23-03-2025 09-00-00-CR-004,10.609654,-61.395995,Mid Caroni,2.12,-0.96,No
3/23/2025 9:00,CR-005,23-03-2025 09-00-00-CR-005,10.606111,-61.374422,Mid Lower Caroni,3.42,0.29,No
3/23/2025 9:00,CR-006,23-03-2025 09-00-00-CR-006,10.582769,-61.341406,Lower Caroni,1.78,-2.11,No
3/23/2025 9:00,CR-007,23-03-2025 09-00-00-CR-007,10.578663,-61.291224,Caroni Swamp Entrance,3.17,1.42,No
3/23/2025 9:00,CR-008,23-03-2025 09-00-00-CR-008,10.5799,-61.255061,Caroni River Mouth,1.78,-1.05,No
3/23/2025 10:00,CR-001,23-03-2025 10-00-00-CR-001,10.62038,-61.466257,Caroni Source,3.69,1.72,No
3/23/2025 10:00,CR-002,23-03-2025 10-00-00-CR-002,10.617247,-61.43931,Early Caroni,3.25,-0.36,No
3/23/2025 10:00,CR-003,23-03-2025 10-00-00-CR-003,10.616628,-61.420142,Mid Upper Caroni,2.04,0.16,No
3/23/2025 10:00,CR-004,23-03-2025 10-00-00-CR-004,10.609654,-61.395995,Mid Caroni,1.59,-0.53,No
3/23/2025 10:00,CR-005,23-03-2025 10-00-00-CR-005,10.606111,-61.374422,Mid Lower Caroni,3.86,0.44,Yes
3/23/2025 10:00,CR-006,23-03-2025 10-00-00-CR-006,10.582769,-61.341406,Lower Caroni,2.29,0.51,No
3/23/2025 10:00,CR-007,23-03-2025 10-00-00-CR-007,10.578663,-61.291224,Caroni Swamp Entrance,3.24,0.07,No
3/23/2025 10:00,CR-008,23-03-2025 10-00-00-CR-008,10.5799,-61.255061,Caroni River Mouth,3.53,1.75,No
3/23/2025 11:00,CR-001,23-03-2025 11-00-00-CR-001,10.62038,-61.466257,Caroni Source,2.37,-1.32,No
3/23/2025 11:00,CR-002,23-03-2025 11-00-00-CR-002,10.617247,-61.43931,Early Caroni,1.54,-1.71,No
3/23/2025 11:00,CR-003,23-03-2025 11-00-00-CR-003,10.616628,-61.420142,Mid Upper Caroni,2.1,0.06,No
3/23/2025 11:00,CR-004,23-03-2025 11-00-00-CR-004,10.609654,-61.395995,Mid Caroni,3.91,2.32,Yes
3/23/2025 11:00,CR-005,23-03-2025 11-00-00-CR-005,10.606111,-61.374422,Mid Lower Caroni,3.58,-0.28,No
3/23/2025 11:00,CR-006,23-03-2025 11-00-00-CR-006,10.582769,-61.341406,Lower Caroni,3.8,1.51,No
3/23/2025 11:00,CR-007,23-03-2025 11-00-00-CR-007,10.578663,-61.291224,Caroni Swamp Entrance,3.44,0.2,No
3/23/2025 11:00,CR-008,23-03-2025 11-00-00-CR-008,10.5799,-61.255061,Caroni River Mouth,3.54,0.01,No
3/23/2025 12:00,CR-001,23-03-2025 12-00-00-CR-001,10.62038,-61.466257,Caroni Source,2.76,0.39,No
3/23/2025 12:00,CR-002,23-03-2025 12-00-00-CR-002,10.617247,-61.43931,Early Caroni,3.08,1.54,No
3/23/2025 12:00,CR-003,23-03-2025 12-00-00-CR-003,10.616628,-61.420142,Mid Upper Caroni,2.9,0.8,No
3/23/2025 12:00,CR-004,23-03-2025 12-00-00-CR-004,10.609654,-61.395995,Mid Caroni,3.95,0.04,Yes
3/23/2025 12:00,CR-005,23-03-2025 12-00-00-CR-005,10.606111,-61.374422,Mid Lower Caroni,3.15,-0.43,No
3/23/2025 12:00,CR-006,23-03-2025 12-00-00-CR-006,10.582769,-61.341406,Lower Caroni,3.27,-0.53,No
3/23/2025 12:00,CR-007,23-03-2025 12-00-00-CR-007,10.578663,-61.291224,Caroni Swamp Entrance,2.44,-1,No
3/23/2025 12:00,CR-008,23-03-2025 12-00-00-CR-008,10.5799,-61.255061,Caroni River Mouth,1.77,-1.77,No
3/23/2025 13:00,CR-001,23-03-2025 13-00-00-CR-001,10.62038,-61.466257,Caroni Source,2.55,-0.21,No
3/23/2025 13:00,CR-002,23-03-2025 13-00-00-CR-002,10.617247,-61.43931,Early Caroni,1.55,-1.53,No
3/23/2025 13:00,CR-003,23-03-2025 13-00-00-CR-003,10.616628,-61.420142,Mid Upper Caroni,1.59,-1.31,No
3/23/2025 13:00,CR-004,23-03-2025 13-00-00-CR-004,10.609654,-61.395995,Mid Caroni,2.5,-1.45,No
3/23/2025 13:00,CR-005,23-03-2025 13-00-00-CR-005,10.606111,-61.374422,Mid Lower Caroni,3.66,0.51,No
3/23/2025 13:00,CR-006,23-03-2025 13-00-00-CR-006,10.582769,-61.341406,Lower Caroni,3.27,0,No
3/23/2025 13:00,CR-007,23-03-2025 13-00-00-CR-007,10.578663,-61.291224,Caroni Swamp Entrance,1.73,-0.71,No
3/23/2025 13:00,CR-008,23-03-2025 13-00-00-CR-008,10.5799,-61.255061,Caroni River Mouth,2.25,0.48,No
3/23/2025 14:00,CR-001,23-03-2025 14-00-00-CR-001,10.62038,-61.466257,Caroni Source,1.61,-0.94,No
3/23/2025 14:00,CR-002,23-03-2025 14-00-00-CR-002,10.617247,-61.43931,Early Caroni,2.48,0.93,No
3/23/2025 14:00,CR-003,23-03-2025 14-00-00-CR-003,10.616628,-61.420142,Mid Upper Caroni,2.08,0.49,No
3/23/2025 14:00,CR-004,23-03-2025 14-00-00-CR-004,10.609654,-61.395995,Mid Caroni,3.48,0.98,No
3/23/2025 14:00,CR-005,23-03-2025 14-00-00-CR-005,10.606111,-61.374422,Mid Lower Caroni,2.98,-0.68,No
3/23/2025 14:00,CR-006,23-03-2025 14-00-00-CR-006,10.582769,-61.341406,Lower Caroni,2.27,-1,No
3/23/2025 14:00,CR-007,23-03-2025 14-00-00-CR-007,10.578663,-61.291224,Caroni Swamp Entrance,2.25,0.52,No
3/23/2025 14:00,CR-008,23-03-2025 14-00-00-CR-008,10.5799,-61.255061,Caroni River Mouth,1.52,-0.73,No
3/23/2025 15:00,CR-001,23-03-2025 15-00-00-CR-001,10.62038,-61.466257,Caroni Source,3.48,1.87,No
3/23/2025 15:00,CR-002,23-03-2025 15-00-00-CR-002,10.617247,-61.43931,Early Caroni,3.37,0.89,No
3/23/2025 15:00,CR-003,23-03-2025 15-00-00-CR-003,10.616628,-61.420142,Mid Upper Caroni,2.44,0.36,No
3/23/2025 15:00,CR-004,23-03-2025 15-00-00-CR-004,10.609654,-61.395995,Mid Caroni,1.69,-1.79,No
3/23/2025 15:00,CR-005,23-03-2025 15-00-00-CR-005,10.606111,-61.374422,Mid Lower Caroni,3.03,0.05,No
3/23/2025 15:00,CR-006,23-03-2025 15-00-00-CR-006,10.582769,-61.341406,Lower Caroni,2.1,-0.17,No
3/23/2025 15:00,CR-007,23-03-2025 15-00-00-CR-007,10.578663,-61.291224,Caroni Swamp Entrance,2.25,0,No
3/23/2025 15:00,CR-008,23-03-2025 15-00-00-CR-008,10.5799,-61.255061,Caroni River Mouth,3.02,1.5,No
3/23/2025 16:00,CR-001,23-03-2025 16-00-00-CR-001,10.62038,-61.466257,Caroni Source,2.8,-0.68,No
3/23/2025 16:00,CR-002,23-03-2025 16-00-00-CR-002,10.617247,-61.43931,Early Caroni,1.7,-1.67,No
3/23/2025 16:00,CR-003,23-03-2025 16-00-00-CR-003,10.616628,-61.420142,Mid Upper Caroni,2.85,0.41,No
3/23/2025 16:00,CR-004,23-03-2025 16-00-00-CR-004,10.609654,-61.395995,Mid Caroni,3.43,1.74,No
3/23/2025 16:00,CR-005,23-03-2025 16-00-00-CR-005,10.606111,-61.374422,Mid Lower Caroni,1.92,-1.11,No
3/23/2025 16:00,CR-006,23-03-2025 16-00-00-CR-006,10.582769,-61.341406,Lower Caroni,2.35,0.25,No
3/23/2025 16:00,CR-007,23-03-2025 16-00-00-CR-007,10.578663,-61.291224,Caroni Swamp Entrance,2.31,0.06,No
3/23/2025 16:00,CR-008,23-03-2025 16-00-00-CR-008,10.5799,-61.255061,Caroni River Mouth,2.29,-0.73,No
3/23/2025 17:00,CR-001,23-03-2025 17-00-00-CR-001,10.62038,-61.466257,Caroni Source,2.36,-0.44,No
3/23/2025 17:00,CR-002,23-03-2025 17-00-00-CR-002,10.617247,-61.43931,Early Caroni,2.61,0.91,No
3/23/2025 17:00,CR-003,23-03-2025 17-00-00-CR-003,10.616628,-61.420142,Mid Upper Caroni,3.6,0.75,No
3/23/2025 17:00,CR-004,23-03-2025 17-00-00-CR-004,10.609654,-61.395995,Mid Caroni,3.62,0.19,No
3/23/2025 17:00,CR-005,23-03-2025 17-00-00-CR-005,10.606111,-61.374422,Mid Lower Caroni,2.94,1.02,No
3/23/2025 17:00,CR-006,23-03-2025 17-00-00-CR-006,10.582769,-61.341406,Lower Caroni,3.36,1.01,No
3/23/2025 17:00,CR-007,23-03-2025 17-00-00-CR-007,10.578663,-61.291224,Caroni Swamp Entrance,2.58,0.27,No
3/23/2025 17:00,CR-008,23-03-2025 17-00-00-CR-008,10.5799,-61.255061,Caroni River Mouth,1.65,-0.64,No
3/23/2025 18:00,CR-001,23-03-2025 18-00-00-CR-001,10.62038,-61.466257,Caroni Source,3.11,0.75,No
3/23/2025 18:00,CR-002,23-03-2025 18-00-00-CR-002,10.617247,-61.43931,Early Caroni,3.15,0.54,No
3/23/2025 18:00,CR-003,23-03-2025 18-00-00-CR-003,10.616628,-61.420142,Mid Upper Caroni,3.93,0.33,Yes
3/23/2025 18:00,CR-004,23-03-2025 18-00-00-CR-004,10.609654,-61.395995,Mid Caroni,2.18,-1.44,No
3/23/2025 18:00,CR-005,23-03-2025 18-00-00-CR-005,10.606111,-61.374422,Mid Lower Caroni,2.38,-0.56,No
3/23/2025 18:00,CR-006,23-03-2025 18-00-00-CR-006,10.582769,-61.341406,Lower Caroni,1.76,-1.6,No
3/23/2025 18:00,CR-007,23-03-2025 18-00-00-CR-007,10.578663,-61.291224,Caroni Swamp Entrance,1.98,-0.6,No
3/23/2025 18:00,CR-008,23-03-2025 18-00-00-CR-008,10.5799,-61.255061,Caroni River Mouth,3.36,1.71,No
3/23/2025 19:00,CR-001,23-03-2025 19-00-00-CR-001,10.62038,-61.466257,Caroni Source,3.32,0.21,No
3/23/2025 19:00,CR-002,23-03-2025 19-00-00-CR-002,10.617247,-61.43931,Early Caroni,3.41,0.26,No
3/23/2025 19:00,CR-003,23-03-2025 19-00-00-CR-003,10.616628,-61.420142,Mid Upper Caroni,2.88,-1.05,No
3/23/2025 19:00,CR-004,23-03-2025 19-00-00-CR-004,10.609654,-61.395995,Mid Caroni,2.3,0.12,No
3/23/2025 19:00,CR-005,23-03-2025 19-00-00-CR-005,10.606111,-61.374422,Mid Lower Caroni,1.68,-0.7,No
3/23/2025 19:00,CR-006,23-03-2025 19-00-00-CR-006,10.582769,-61.341406,Lower Caroni,2.14,0.38,No
3/23/2025 19:00,CR-007,23-03-2025 19-00-00-CR-007,10.578663,-61.291224,Caroni Swamp Entrance,2.46,0.48,No
3/23/2025 19:00,CR-008,23-03-2025 19-00-00-CR-008,10.5799,-61.255061,Caroni River Mouth,3.02,-0.34,No
3/23/2025 20:00,CR-001,23-03-2025 20-00-00-CR-001,10.62038,-61.466257,Caroni Source,1.94,-1.38,No
3/23/2025 20:00,CR-002,23-03-2025 20-00-00-CR-002,10.617247,-61.43931,Early Caroni,2.57,-0.84,No
3/23/2025 20:00,CR-003,23-03-2025 20-00-00-CR-003,10.616628,-61.420142,Mid Upper Caroni,3.21,0.33,No
3/23/2025 20:00,CR-004,23-03-2025 20-00-00-CR-004,10.609654,-61.395995,Mid Caroni,2.09,-0.21,No
3/23/2025 20:00,CR-005,23-03-2025 20-00-00-CR-005,10.606111,-61.374422,Mid Lower Caroni,3.9,2.22,Yes
3/23/2025 20:00,CR-006,23-03-2025 20-00-00-CR-006,10.582769,-61.341406,Lower Caroni,2,-0.14,No
3/23/2025 20:00,CR-007,23-03-2025 20-00-00-CR-007,10.578663,-61.291224,Caroni Swamp Entrance,3.39,0.93,No
3/23/2025 20:00,CR-008,23-03-2025 20-00-00-CR-008,10.5799,-61.255061,Caroni River Mouth,4,0.98,Yes
3/23/2025 21:00,CR-001,23-03-2025 21-00-00-CR-001,10.62038,-61.466257,Caroni Source,2.59,0.65,No
3/23/2025 21:00,CR-002,23-03-2025 21-00-00-CR-002,10.617247,-61.43931,Early Caroni,3.96,1.39,Yes
3/23/2025 21:00,CR-003,23-03-2025 21-00-00-CR-003,10.616628,-61.420142,Mid Upper Caroni,1.64,-1.57,No
3/23/2025 21:00,CR-004,23-03-2025 21-00-00-CR-004,10.609654,-61.395995,Mid Caroni,3.3,1.21,No
3/23/2025 21:00,CR-005,23-03-2025 21-00-00-CR-005,10.606111,-61.374422,Mid Lower Caroni,3.09,-0.81,No
3/23/2025 21:00,CR-006,23-03-2025 21-00-00-CR-006,10.582769,-61.341406,Lower Caroni,2,0,No
3/23/2025 21:00,CR-007,23-03-2025 21-00-00-CR-007,10.578663,-61.291224,Caroni Swamp Entrance,2.73,-0.66,No
3/23/2025 21:00,CR-008,23-03-2025 21-00-00-CR-008,10.5799,-61.255061,Caroni River Mouth,2.98,-1.02,No
3/23/2025 22:00,CR-001,23-03-2025 22-00-00-CR-001,10.62038,-61.466257,Caroni Source,3.43,0.84,No
3/23/2025 22:00,CR-002,23-03-2025 22-00-00-CR-002,10.617247,-61.43931,Early Caroni,2.33,-1.63,No
3/23/2025 22:00,CR-003,23-03-2025 22-00-00-CR-003,10.616628,-61.420142,Mid Upper Caroni,3.45,1.81,No
3/23/2025 22:00,CR-004,23-03-2025 22-00-00-CR-004,10.609654,-61.395995,Mid Caroni,2.39,-0.91,No
3/23/2025 22:00,CR-005,23-03-2025 22-00-00-CR-005,10.606111,-61.374422,Mid Lower Caroni,3.36,0.27,No
3/23/2025 22:00,CR-006,23-03-2025 22-00-00-CR-006,10.582769,-61.341406,Lower Caroni,3.86,1.86,Yes
3/23/2025 22:00,CR-007,23-03-2025 22-00-00-CR-007,10.578663,-61.291224,Caroni Swamp Entrance,2.79,0.06,No
3/23/2025 22:00,CR-008,23-03-2025 22-00-00-CR-008,10.5799,-61.255061,Caroni River Mouth,3.44,0.46,No
3/23/2025 23:00,CR-001,23-03-2025 23-00-00-CR-001,10.62038,-61.466257,Caroni Source,2.58,-0.85,No
3/23/2025 23:00,CR-002,23-03-2025 23-00-00-CR-002,10.617247,-61.43931,Early Caroni,3.39,1.06,No
3/23/2025 23:00,CR-003,23-03-2025 23-00-00-CR-003,10.616628,-61.420142,Mid Upper Caroni,1.57,-1.88,No
3/23/2025 23:00,CR-004,23-03-2025 23-00-00-CR-004,10.609654,-61.395995,Mid Caroni,3.42,1.03,No
3/23/2025 23:00,CR-005,23-03-2025 23-00-00-CR-005,10.606111,-61.374422,Mid Lower Caroni,3.85,0.49,Yes
3/23/2025 23:00,CR-006,23-03-2025 23-00-00-CR-006,10.582769,-61.341406,Lower Caroni,1.94,-1.92,No
3/23/2025 23:00,CR-007,23-03-2025 23-00-00-CR-007,10.578663,-61.291224,Caroni Swamp Entrance,3.66,0.87,No
3/23/2025 23:00,CR-008,23-03-2025 23-00-00-CR-008,10.5799,-61.255061,Caroni River Mouth,3.46,0.02,No
3/24/2025 0:00,CR-001,24-03-2025 00-00-00-CR-001,10.62038,-61.466257,Caroni Source,3.72,1.14,No
3/24/2025 0:00,CR-002,24-03-2025 00-00-00-CR-002,10.617247,-61.43931,Early Caroni,3.15,-0.24,No
3/24/2025 0:00,CR-003,24-03-2025 00-00-00-CR-003,10.616628,-61.420142,Mid Upper Caroni,1.83,0.26,No
3/24/2025 0:00,CR-004,24-03-2025 00-00-00-CR-004,10.609654,-61.395995,Mid Caroni,1.72,-1.7,No
3/24/2025 0:00,CR-005,24-03-2025 00-00-00-CR-005,10.606111,-61.374422,Mid Lower Caroni,3.63,-0.22,No
3/24/2025 0:00,CR-006,24-03-2025 00-00-00-CR-006,10.582769,-61.341406,Lower Caroni,2.72,0.78,No
3/24/2025 0:00,CR-007,24-03-2025 00-00-00-CR-007,10.578663,-61.291224,Caroni Swamp Entrance,3.28,-0.38,No
3/24/2025 0:00,CR-008,24-03-2025 00-00-00-CR-008,10.5799,-61.255061,Caroni River Mouth,2.2,-1.26,No
3/24/2025 1:00,CR-001,24-03-2025 01-00-00-CR-001,10.62038,-61.466257,Caroni Source,3.67,-0.05,No
3/24/2025 1:00,CR-002,24-03-2025 01-00-00-CR-002,10.617247,-61.43931,Early Caroni,3.68,0.53,No
3/24/2025 1:00,CR-003,24-03-2025 01-00-00-CR-003,10.616628,-61.420142,Mid Upper Caroni,1.79,-0.04,No
3/24/2025 1:00,CR-004,24-03-2025 01-00-00-CR-004,10.609654,-61.395995,Mid Caroni,2.53,0.81,No
3/24/2025 1:00,CR-005,24-03-2025 01-00-00-CR-005,10.606111,-61.374422,Mid Lower Caroni,1.96,-1.67,No
3/24/2025 1:00,CR-006,24-03-2025 01-00-00-CR-006,10.582769,-61.341406,Lower Caroni,3.12,0.4,No
3/24/2025 1:00,CR-007,24-03-2025 01-00-00-CR-007,10.578663,-61.291224,Caroni Swamp Entrance,2.33,-0.95,No
3/24/2025 1:00,CR-008,24-03-2025 01-00-00-CR-008,10.5799,-61.255061,Caroni River Mouth,3.81,1.61,Yes
3/24/2025 2:00,CR-001,24-03-2025 02-00-00-CR-001,10.62038,-61.466257,Caroni Source,2.9,-0.77,No
3/24/2025 2:00,CR-002,24-03-2025 02-00-00-CR-002,10.617247,-61.43931,Early Caroni,3.38,-0.3,No
3/24/2025 2:00,CR-003,24-03-2025 02-00-00-CR-003,10.616628,-61.420142,Mid Upper Caroni,1.59,-0.2,No
3/24/2025 2:00,CR-004,24-03-2025 02-00-00-CR-004,10.609654,-61.395995,Mid Caroni,2.75,0.22,No
3/24/2025 2:00,CR-005,24-03-2025 02-00-00-CR-005,10.606111,-61.374422,Mid Lower Caroni,3.3,1.34,No
3/24/2025 2:00,CR-006,24-03-2025 02-00-00-CR-006,10.582769,-61.341406,Lower Caroni,1.65,-1.47,No
3/24/2025 2:00,CR-007,24-03-2025 02-00-00-CR-007,10.578663,-61.291224,Caroni Swamp Entrance,2.59,0.26,No
3/24/2025 2:00,CR-008,24-03-2025 02-00-00-CR-008,10.5799,-61.255061,Caroni River Mouth,2.2,-1.61,No
3/24/2025 3:00,CR-001,24-03-2025 03-00-00-CR-001,10.62038,-61.466257,Caroni Source,2.27,-0.63,No
3/24/2025 3:00,CR-002,24-03-2025 03-00-00-CR-002,10.617247,-61.43931,Early Caroni,2.6,-0.78,No
3/24/2025 3:00,CR-003,24-03-2025 03-00-00-CR-003,10.616628,-61.420142,Mid Upper Caroni,3.37,1.78,No
3/24/2025 3:00,CR-004,24-03-2025 03-00-00-CR-004,10.609654,-61.395995,Mid Caroni,3.76,1.01,No
3/24/2025 3:00,CR-005,24-03-2025 03-00-00-CR-005,10.606111,-61.374422,Mid Lower Caroni,3.56,0.26,No
3/24/2025 3:00,CR-006,24-03-2025 03-00-00-CR-006,10.582769,-61.341406,Lower Caroni,1.63,-0.02,No
3/24/2025 3:00,CR-007,24-03-2025 03-00-00-CR-007,10.578663,-61.291224,Caroni Swamp Entrance,1.65,-0.94,No
3/24/2025 3:00,CR-008,24-03-2025 03-00-00-CR-008,10.5799,-61.255061,Caroni River Mouth,2.24,0.04,No
3/24/2025 4:00,CR-001,24-03-2025 04-00-00-CR-001,10.62038,-61.466257,Caroni Source,2.12,-0.15,No
3/24/2025 4:00,CR-002,24-03-2025 04-00-00-CR-002,10.617247,-61.43931,Early Caroni,3.85,1.25,Yes
3/24/2025 4:00,CR-003,24-03-2025 04-00-00-CR-003,10.616628,-61.420142,Mid Upper Caroni,2.43,-0.94,No
3/24/2025 4:00,CR-004,24-03-2025 04-00-00-CR-004,10.609654,-61.395995,Mid Caroni,2.64,-1.12,No
3/24/2025 4:00,CR-005,24-03-2025 04-00-00-CR-005,10.606111,-61.374422,Mid Lower Caroni,2.43,-1.13,No
3/24/2025 4:00,CR-006,24-03-2025 04-00-00-CR-006,10.582769,-61.341406,Lower Caroni,1.6,-0.03,No
3/24/2025 4:00,CR-007,24-03-2025 04-00-00-CR-007,10.578663,-61.291224,Caroni Swamp Entrance,3.48,1.83,No
3/24/2025 4:00,CR-008,24-03-2025 04-00-00-CR-008,10.5799,-61.255061,Caroni River Mouth,1.79,-0.45,No
3/24/2025 5:00,CR-001,24-03-2025 05-00-00-CR-001,10.62038,-61.466257,Caroni Source,3.96,1.84,Yes
3/24/2025 5:00,CR-002,24-03-2025 05-00-00-CR-002,10.617247,-61.43931,Early Caroni,1.98,-1.87,No
3/24/2025 5:00,CR-003,24-03-2025 05-00-00-CR-003,10.616628,-61.420142,Mid Upper Caroni,2.86,0.43,No
3/24/2025 5:00,CR-004,24-03-2025 05-00-00-CR-004,10.609654,-61.395995,Mid Caroni,2.89,0.25,No
3/24/2025 5:00,CR-005,24-03-2025 05-00-00-CR-005,10.606111,-61.374422,Mid Lower Caroni,3.81,1.38,Yes
3/24/2025 5:00,CR-006,24-03-2025 05-00-00-CR-006,10.582769,-61.341406,Lower Caroni,2.61,1.01,No
3/24/2025 5:00,CR-007,24-03-2025 05-00-00-CR-007,10.578663,-61.291224,Caroni Swamp Entrance,2.2,-1.28,No
3/24/2025 5:00,CR-008,24-03-2025 05-00-00-CR-008,10.5799,-61.255061,Caroni River Mouth,2.13,0.34,No
3/24/2025 6:00,CR-001,24-03-2025 06-00-00-CR-001,10.62038,-61.466257,Caroni Source,3.67,-0.29,No
3/24/2025 6:00,CR-002,24-03-2025 06-00-00-CR-002,10.617247,-61.43931,Early Caroni,3.82,1.84,Yes
3/24/2025 6:00,CR-003,24-03-2025 06-00-00-CR-003,10.616628,-61.420142,Mid Upper Caroni,2.61,-0.25,No
3/24/2025 6:00,CR-004,24-03-2025 06-00-00-CR-004,10.609654,-61.395995,Mid Caroni,2.33,-0.56,No
3/24/2025 6:00,CR-005,24-03-2025 06-00-00-CR-005,10.606111,-61.374422,Mid Lower Caroni,2.6,-1.21,No
3/24/2025 6:00,CR-006,24-03-2025 06-00-00-CR-006,10.582769,-61.341406,Lower Caroni,2.75,0.14,No
3/24/2025 6:00,CR-007,24-03-2025 06-00-00-CR-007,10.578663,-61.291224,Caroni Swamp Entrance,3.5,1.3,No
3/24/2025 6:00,CR-008,24-03-2025 06-00-00-CR-008,10.5799,-61.255061,Caroni River Mouth,2.29,0.16,No
3/24/2025 7:00,CR-001,24-03-2025 07-00-00-CR-001,10.62038,-61.466257,Caroni Source,2.68,-0.99,No
3/24/2025 7:00,CR-002,24-03-2025 07-00-00-CR-002,10.617247,-61.43931,Early Caroni,3.36,-0.46,No
3/24/2025 7:00,CR-003,24-03-2025 07-00-00-CR-003,10.616628,-61.420142,Mid Upper Caroni,3.1,0.49,No
3/24/2025 7:00,CR-004,24-03-2025 07-00-00-CR-004,10.609654,-61.395995,Mid Caroni,2.48,0.15,No
3/24/2025 7:00,CR-005,24-03-2025 07-00-00-CR-005,10.606111,-61.374422,Mid Lower Caroni,3.49,0.89,No
3/24/2025 7:00,CR-006,24-03-2025 07-00-00-CR-006,10.582769,-61.341406,Lower Caroni,1.64,-1.11,No
3/24/2025 7:00,CR-007,24-03-2025 07-00-00-CR-007,10.578663,-61.291224,Caroni Swamp Entrance,3.35,-0.15,No
3/24/2025 7:00,CR-008,24-03-2025 07-00-00-CR-008,10.5799,-61.255061,Caroni River Mouth,2.43,0.14,No
3/24/2025 8:00,CR-001,24-03-2025 08-00-00-CR-001,10.62038,-61.466257,Caroni Source,1.67,-1.01,No
3/24/2025 8:00,CR-002,24-03-2025 08-00-00-CR-002,10.617247,-61.43931,Early Caroni,3,-0.36,No
3/24/2025 8:00,CR-003,24-03-2025 08-00-00-CR-003,10.616628,-61.420142,Mid Upper Caroni,3.91,0.81,Yes
3/24/2025 8:00,CR-004,24-03-2025 08-00-00-CR-004,10.609654,-61.395995,Mid Caroni,3.03,0.55,No
3/24/2025 8:00,CR-005,24-03-2025 08-00-00-CR-005,10.606111,-61.374422,Mid Lower Caroni,1.92,-1.57,No
3/24/2025 8:00,CR-006,24-03-2025 08-00-00-CR-006,10.582769,-61.341406,Lower Caroni,2.07,0.43,No
3/24/2025 8:00,CR-007,24-03-2025 08-00-00-CR-007,10.578663,-61.291224,Caroni Swamp Entrance,2.35,-1,No
3/24/2025 8:00,CR-008,24-03-2025 08-00-00-CR-008,10.5799,-61.255061,Caroni River Mouth,3.93,1.5,Yes
3/24/2025 9:00,CR-001,24-03-2025 09-00-00-CR-001,10.62038,-61.466257,Caroni Source,2.04,0.37,No
3/24/2025 9:00,CR-002,24-03-2025 09-00-00-CR-002,10.617247,-61.43931,Early Caroni,1.73,-1.27,No
3/24/2025 9:00,CR-003,24-03-2025 09-00-00-CR-003,10.616628,-61.420142,Mid Upper Caroni,1.98,-1.93,No
3/24/2025 9:00,CR-004,24-03-2025 09-00-00-CR-004,10.609654,-61.395995,Mid Caroni,2.25,-0.78,No
3/24/2025 9:00,CR-005,24-03-2025 09-00-00-CR-005,10.606111,-61.374422,Mid Lower Caroni,3.05,1.13,No
3/24/2025 9:00,CR-006,24-03-2025 09-00-00-CR-006,10.582769,-61.341406,Lower Caroni,3.46,1.39,No
3/24/2025 9:00,CR-007,24-03-2025 09-00-00-CR-007,10.578663,-61.291224,Caroni Swamp Entrance,1.73,-0.62,No
3/24/2025 9:00,CR-008,24-03-2025 09-00-00-CR-008,10.5799,-61.255061,Caroni River Mouth,3.23,-0.7,No
3/24/2025 10:00,CR-001,24-03-2025 10-00-00-CR-001,10.62038,-61.466257,Caroni Source,1.94,-0.1,No
3/24/2025 10:00,CR-002,24-03-2025 10-00-00-CR-002,10.617247,-61.43931,Early Caroni,3.78,2.05,No
3/24/2025 10:00,CR-003,24-03-2025 10-00-00-CR-003,10.616628,-61.420142,Mid Upper Caroni,1.63,-0.35,No
3/24/2025 10:00,CR-004,24-03-2025 10-00-00-CR-004,10.609654,-61.395995,Mid Caroni,3.09,0.84,No
3/24/2025 10:00,CR-005,24-03-2025 10-00-00-CR-005,10.606111,-61.374422,Mid Lower Caroni,3.96,0.91,Yes
3/24/2025 10:00,CR-006,24-03-2025 10-00-00-CR-006,10.582769,-61.341406,Lower Caroni,3.18,-0.28,No
3/24/2025 10:00,CR-007,24-03-2025 10-00-00-CR-007,10.578663,-61.291224,Caroni Swamp Entrance,1.75,0.02,No
3/24/2025 10:00,CR-008,24-03-2025 10-00-00-CR-008,10.5799,-61.255061,Caroni River Mouth,3.26,0.03,No
3/24/2025 11:00,CR-001,24-03-2025 11-00-00-CR-001,10.62038,-61.466257,Caroni Source,3,1.06,No
3/24/2025 11:00,CR-002,24-03-2025 11-00-00-CR-002,10.617247,-61.43931,Early Caroni,2.3,-1.48,No
3/24/2025 11:00,CR-003,24-03-2025 11-00-00-CR-003,10.616628,-61.420142,Mid Upper Caroni,1.89,0.26,No
3/24/2025 11:00,CR-004,24-03-2025 11-00-00-CR-004,10.609654,-61.395995,Mid Caroni,3.69,0.6,No
3/24/2025 11:00,CR-005,24-03-2025 11-00-00-CR-005,10.606111,-61.374422,Mid Lower Caroni,3.8,-0.16,No
3/24/2025 11:00,CR-006,24-03-2025 11-00-00-CR-006,10.582769,-61.341406,Lower Caroni,2.13,-1.05,No
3/24/2025 11:00,CR-007,24-03-2025 11-00-00-CR-007,10.578663,-61.291224,Caroni Swamp Entrance,1.66,-0.09,No
3/24/2025 11:00,CR-008,24-03-2025 11-00-00-CR-008,10.5799,-61.255061,Caroni River Mouth,1.98,-1.28,No
3/24/2025 12:00,CR-001,24-03-2025 12-00-00-CR-001,10.62038,-61.466257,Caroni Source,3.18,0.18,No
3/24/2025 12:00,CR-002,24-03-2025 12-00-00-CR-002,10.617247,-61.43931,Early Caroni,2.84,0.54,No
3/24/2025 12:00,CR-003,24-03-2025 12-00-00-CR-003,10.616628,-61.420142,Mid Upper Caroni,1.9,0.01,No
3/24/2025 12:00,CR-004,24-03-2025 12-00-00-CR-004,10.609654,-61.395995,Mid Caroni,3.31,-0.38,No
3/24/2025 12:00,CR-005,24-03-2025 12-00-00-CR-005,10.606111,-61.374422,Mid Lower Caroni,1.98,-1.82,No
3/24/2025 12:00,CR-006,24-03-2025 12-00-00-CR-006,10.582769,-61.341406,Lower Caroni,3.26,1.13,No
3/24/2025 12:00,CR-007,24-03-2025 12-00-00-CR-007,10.578663,-61.291224,Caroni Swamp Entrance,1.84,0.18,No
3/24/2025 12:00,CR-008,24-03-2025 12-00-00-CR-008,10.5799,-61.255061,Caroni River Mouth,3.78,1.8,No
3/24/2025 13:00,CR-001,24-03-2025 13-00-00-CR-001,10.62038,-61.466257,Caroni Source,1.56,-1.62,No
3/24/2025 13:00,CR-002,24-03-2025 13-00-00-CR-002,10.617247,-61.43931,Early Caroni,1.77,-1.07,No
3/24/2025 13:00,CR-003,24-03-2025 13-00-00-CR-003,10.616628,-61.420142,Mid Upper Caroni,2.73,0.83,No
3/24/2025 13:00,CR-004,24-03-2025 13-00-00-CR-004,10.609654,-61.395995,Mid Caroni,1.61,-1.7,No
3/24/2025 13:00,CR-005,24-03-2025 13-00-00-CR-005,10.606111,-61.374422,Mid Lower Caroni,2.94,0.96,No
3/24/2025 13:00,CR-006,24-03-2025 13-00-00-CR-006,10.582769,-61.341406,Lower Caroni,2.23,-1.03,No
3/24/2025 13:00,CR-007,24-03-2025 13-00-00-CR-007,10.578663,-61.291224,Caroni Swamp Entrance,1.88,0.04,No
3/24/2025 13:00,CR-008,24-03-2025 13-00-00-CR-008,10.5799,-61.255061,Caroni River Mouth,2.54,-1.24,No
3/24/2025 14:00,CR-001,24-03-2025 14-00-00-CR-001,10.62038,-61.466257,Caroni Source,2.48,0.92,No
3/24/2025 14:00,CR-002,24-03-2025 14-00-00-CR-002,10.617247,-61.43931,Early Caroni,2.17,0.4,No
3/24/2025 14:00,CR-003,24-03-2025 14-00-00-CR-003,10.616628,-61.420142,Mid Upper Caroni,1.83,-0.9,No
3/24/2025 14:00,CR-004,24-03-2025 14-00-00-CR-004,10.609654,-61.395995,Mid Caroni,3.69,2.08,No
3/24/2025 14:00,CR-005,24-03-2025 14-00-00-CR-005,10.606111,-61.374422,Mid Lower Caroni,3.49,0.55,No
3/24/2025 14:00,CR-006,24-03-2025 14-00-00-CR-006,10.582769,-61.341406,Lower Caroni,2.78,0.55,No
3/24/2025 14:00,CR-007,24-03-2025 14-00-00-CR-007,10.578663,-61.291224,Caroni Swamp Entrance,2.83,0.95,No
3/24/2025 14:00,CR-008,24-03-2025 14-00-00-CR-008,10.5799,-61.255061,Caroni River Mouth,2.22,-0.32,No
3/24/2025 15:00,CR-001,24-03-2025 15-00-00-CR-001,10.62038,-61.466257,Caroni Source,2.31,-0.17,No
3/24/2025 15:00,CR-002,24-03-2025 15-00-00-CR-002,10.617247,-61.43931,Early Caroni,1.6,-0.57,No
3/24/2025 15:00,CR-003,24-03-2025 15-00-00-CR-003,10.616628,-61.420142,Mid Upper Caroni,2.86,1.03,No
3/24/2025 15:00,CR-004,24-03-2025 15-00-00-CR-004,10.609654,-61.395995,Mid Caroni,3.43,-0.26,No
3/24/2025 15:00,CR-005,24-03-2025 15-00-00-CR-005,10.606111,-61.374422,Mid Lower Caroni,2.17,-1.32,No
3/24/2025 15:00,CR-006,24-03-2025 15-00-00-CR-006,10.582769,-61.341406,Lower Caroni,2.82,0.04,No
3/24/2025 15:00,CR-007,24-03-2025 15-00-00-CR-007,10.578663,-61.291224,Caroni Swamp Entrance,1.83,-1,No
3/24/2025 15:00,CR-008,24-03-2025 15-00-00-CR-008,10.5799,-61.255061,Caroni River Mouth,2.1,-0.12,No
3/24/2025 16:00,CR-001,24-03-2025 16-00-00-CR-001,10.62038,-61.466257,Caroni Source,2.01,-0.3,No
3/24/2025 16:00,CR-002,24-03-2025 16-00-00-CR-002,10.617247,-61.43931,Early Caroni,2.29,0.69,No
3/24/2025 16:00,CR-003,24-03-2025 16-00-00-CR-003,10.616628,-61.420142,Mid Upper Caroni,3.19,0.33,No
3/24/2025 16:00,CR-004,24-03-2025 16-00-00-CR-004,10.609654,-61.395995,Mid Caroni,2.05,-1.38,No
3/24/2025 16:00,CR-005,24-03-2025 16-00-00-CR-005,10.606111,-61.374422,Mid Lower Caroni,1.59,-0.58,No
3/24/2025 16:00,CR-006,24-03-2025 16-00-00-CR-006,10.582769,-61.341406,Lower Caroni,2.67,-0.15,No
3/24/2025 16:00,CR-007,24-03-2025 16-00-00-CR-007,10.578663,-61.291224,Caroni Swamp Entrance,3.99,2.16,Yes
3/24/2025 16:00,CR-008,24-03-2025 16-00-00-CR-008,10.5799,-61.255061,Caroni River Mouth,2.85,0.75,No
3/24/2025 17:00,CR-001,24-03-2025 17-00-00-CR-001,10.62038,-61.466257,Caroni Source,3.42,1.41,No
3/24/2025 17:00,CR-002,24-03-2025 17-00-00-CR-002,10.617247,-61.43931,Early Caroni,3.72,1.43,No
3/24/2025 17:00,CR-003,24-03-2025 17-00-00-CR-003,10.616628,-61.420142,Mid Upper Caroni,3.2,0.01,No
3/24/2025 17:00,CR-004,24-03-2025 17-00-00-CR-004,10.609654,-61.395995,Mid Caroni,1.57,-0.48,No
3/24/2025 17:00,CR-005,24-03-2025 17-00-00-CR-005,10.606111,-61.374422,Mid Lower Caroni,3.72,2.13,No
3/24/2025 17:00,CR-006,24-03-2025 17-00-00-CR-006,10.582769,-61.341406,Lower Caroni,3.66,0.99,No
3/24/2025 17:00,CR-007,24-03-2025 17-00-00-CR-007,10.578663,-61.291224,Caroni Swamp Entrance,1.63,-2.36,No
3/24/2025 17:00,CR-008,24-03-2025 17-00-00-CR-008,10.5799,-61.255061,Caroni River Mouth,2.59,-0.26,No
3/24/2025 18:00,CR-001,24-03-2025 18-00-00-CR-001,10.62038,-61.466257,Caroni Source,2.51,-0.91,No
3/24/2025 18:00,CR-002,24-03-2025 18-00-00-CR-002,10.617247,-61.43931,Early Caroni,1.89,-1.83,No
3/24/2025 18:00,CR-003,24-03-2025 18-00-00-CR-003,10.616628,-61.420142,Mid Upper Caroni,1.91,-1.29,No
3/24/2025 18:00,CR-004,24-03-2025 18-00-00-CR-004,10.609654,-61.395995,Mid Caroni,3.35,1.78,No
3/24/2025 18:00,CR-005,24-03-2025 18-00-00-CR-005,10.606111,-61.374422,Mid Lower Caroni,3.32,-0.4,No
3/24/2025 18:00,CR-006,24-03-2025 18-00-00-CR-006,10.582769,-61.341406,Lower Caroni,1.57,-2.09,No
3/24/2025 18:00,CR-007,24-03-2025 18-00-00-CR-007,10.578663,-61.291224,Caroni Swamp Entrance,3.13,1.5,No
3/24/2025 18:00,CR-008,24-03-2025 18-00-00-CR-008,10.5799,-61.255061,Caroni River Mouth,3.32,0.73,No
3/24/2025 19:00,CR-001,24-03-2025 19-00-00-CR-001,10.62038,-61.466257,Caroni Source,3.9,1.39,Yes
3/24/2025 19:00,CR-002,24-03-2025 19-00-00-CR-002,10.617247,-61.43931,Early Caroni,3.69,1.8,No
3/24/2025 19:00,CR-003,24-03-2025 19-00-00-CR-003,10.616628,-61.420142,Mid Upper Caroni,2.78,0.87,No
3/24/2025 19:00,CR-004,24-03-2025 19-00-00-CR-004,10.609654,-61.395995,Mid Caroni,3.03,-0.32,No
3/24/2025 19:00,CR-005,24-03-2025 19-00-00-CR-005,10.606111,-61.374422,Mid Lower Caroni,3.57,0.25,No
3/24/2025 19:00,CR-006,24-03-2025 19-00-00-CR-006,10.582769,-61.341406,Lower Caroni,2.48,0.91,No
3/24/2025 19:00,CR-007,24-03-2025 19-00-00-CR-007,10.578663,-61.291224,Caroni Swamp Entrance,3.7,0.57,No
3/24/2025 19:00,CR-008,24-03-2025 19-00-00-CR-008,10.5799,-61.255061,Caroni River Mouth,2.78,-0.54,No
3/24/2025 20:00,CR-001,24-03-2025 20-00-00-CR-001,10.62038,-61.466257,Caroni Source,1.81,-2.09,No
3/24/2025 20:00,CR-002,24-03-2025 20-00-00-CR-002,10.617247,-61.43931,Early Caroni,3.35,-0.34,No
3/24/2025 20:00,CR-003,24-03-2025 20-00-00-CR-003,10.616628,-61.420142,Mid Upper Caroni,1.88,-0.9,No
3/24/2025 20:00,CR-004,24-03-2025 20-00-00-CR-004,10.609654,-61.395995,Mid Caroni,2.43,-0.6,No
3/24/2025 20:00,CR-005,24-03-2025 20-00-00-CR-005,10.606111,-61.374422,Mid Lower Caroni,3.53,-0.04,No
3/24/2025 20:00,CR-006,24-03-2025 20-00-00-CR-006,10.582769,-61.341406,Lower Caroni,1.99,-0.49,No
3/24/2025 20:00,CR-007,24-03-2025 20-00-00-CR-007,10.578663,-61.291224,Caroni Swamp Entrance,3.54,-0.16,No
3/24/2025 20:00,CR-008,24-03-2025 20-00-00-CR-008,10.5799,-61.255061,Caroni River Mouth,2.97,0.19,No
3/24/2025 21:00,CR-001,24-03-2025 21-00-00-CR-001,10.62038,-61.466257,Caroni Source,3.32,1.51,No
3/24/2025 21:00,CR-002,24-03-2025 21-00-00-CR-002,10.617247,-61.43931,Early Caroni,2,-1.35,No
3/24/2025 21:00,CR-003,24-03-2025 21-00-00-CR-003,10.616628,-61.420142,Mid Upper Caroni,1.84,-0.04,No
3/24/2025 21:00,CR-004,24-03-2025 21-00-00-CR-004,10.609654,-61.395995,Mid Caroni,2.51,0.08,No
3/24/2025 21:00,CR-005,24-03-2025 21-00-00-CR-005,10.606111,-61.374422,Mid Lower Caroni,2.18,-1.35,No
3/24/2025 21:00,CR-006,24-03-2025 21-00-00-CR-006,10.582769,-61.341406,Lower Caroni,2.98,0.99,No
3/24/2025 21:00,CR-007,24-03-2025 21-00-00-CR-007,10.578663,-61.291224,Caroni Swamp Entrance,3.91,0.37,Yes
3/24/2025 21:00,CR-008,24-03-2025 21-00-00-CR-008,10.5799,-61.255061,Caroni River Mouth,2.98,0.01,No
3/24/2025 22:00,CR-001,24-03-2025 22-00-00-CR-001,10.62038,-61.466257,Caroni Source,3.57,0.25,No
3/24/2025 22:00,CR-002,24-03-2025 22-00-00-CR-002,10.617247,-61.43931,Early Caroni,3.92,1.92,Yes
3/24/2025 22:00,CR-003,24-03-2025 22-00-00-CR-003,10.616628,-61.420142,Mid Upper Caroni,1.71,-0.13,No
3/24/2025 22:00,CR-004,24-03-2025 22-00-00-CR-004,10.609654,-61.395995,Mid Caroni,3.23,0.72,No
3/24/2025 22:00,CR-005,24-03-2025 22-00-00-CR-005,10.606111,-61.374422,Mid Lower Caroni,1.71,-0.47,No
3/24/2025 22:00,CR-006,24-03-2025 22-00-00-CR-006,10.582769,-61.341406,Lower Caroni,2.97,-0.01,No
3/24/2025 22:00,CR-007,24-03-2025 22-00-00-CR-007,10.578663,-61.291224,Caroni Swamp Entrance,1.9,-2.01,No
3/24/2025 22:00,CR-008,24-03-2025 22-00-00-CR-008,10.5799,-61.255061,Caroni River Mouth,3.01,0.03,No
3/24/2025 23:00,CR-001,24-03-2025 23-00-00-CR-001,10.62038,-61.466257,Caroni Source,2.07,-1.5,No
3/24/2025 23:00,CR-002,24-03-2025 23-00-00-CR-002,10.617247,-61.43931,Early Caroni,1.68,-2.24,No
3/24/2025 23:00,CR-003,24-03-2025 23-00-00-CR-003,10.616628,-61.420142,Mid Upper Caroni,1.63,-0.08,No
3/24/2025 23:00,CR-004,24-03-2025 23-00-00-CR-004,10.609654,-61.395995,Mid Caroni,2.53,-0.7,No
3/24/2025 23:00,CR-005,24-03-2025 23-00-00-CR-005,10.606111,-61.374422,Mid Lower Caroni,2.7,0.99,No
3/24/2025 23:00,CR-006,24-03-2025 23-00-00-CR-006,10.582769,-61.341406,Lower Caroni,1.55,-1.42,No
3/24/2025 23:00,CR-007,24-03-2025 23-00-00-CR-007,10.578663,-61.291224,Caroni Swamp Entrance,2.06,0.16,No
3/24/2025 23:00,CR-008,24-03-2025 23-00-00-CR-008,10.5799,-61.255061,Caroni River Mouth,2.39,-0.62,No
3/25/2025 0:00,CR-001,25-03-2025 00-00-00-CR-001,10.62038,-61.466257,Caroni Source,3.9,1.83,Yes
3/25/2025 0:00,CR-002,25-03-2025 00-00-00-CR-002,10.617247,-61.43931,Early Caroni,3.74,2.06,No
3/25/2025 0:00,CR-003,25-03-2025 00-00-00-CR-003,10.616628,-61.420142,Mid Upper Caroni,1.68,0.05,No
3/25/2025 0:00,CR-004,25-03-2025 00-00-00-CR-004,10.609654,-61.395995,Mid Caroni,3.17,0.64,No
3/25/2025 0:00,CR-005,25-03-2025 00-00-00-CR-005,10.606111,-61.374422,Mid Lower Caroni,2.08,-0.62,No
3/25/2025 0:00,CR-006,25-03-2025 00-00-00-CR-006,10.582769,-61.341406,Lower Caroni,2.63,1.08,No
3/25/2025 0:00,CR-007,25-03-2025 00-00-00-CR-007,10.578663,-61.291224,Caroni Swamp Entrance,2.57,0.51,No
3/25/2025 0:00,CR-008,25-03-2025 00-00-00-CR-008,10.5799,-61.255061,Caroni River Mouth,1.55,-0.84,No
3/25/2025 1:00,CR-001,25-03-2025 01-00-00-CR-001,10.62038,-61.466257,Caroni Source,3.45,-0.45,No
3/25/2025 1:00,CR-002,25-03-2025 01-00-00-CR-002,10.617247,-61.43931,Early Caroni,2.07,-1.67,No
3/25/2025 1:00,CR-003,25-03-2025 01-00-00-CR-003,10.616628,-61.420142,Mid Upper Caroni,2.69,1.01,No
3/25/2025 1:00,CR-004,25-03-2025 01-00-00-CR-004,10.609654,-61.395995,Mid Caroni,2.27,-0.9,No
3/25/2025 1:00,CR-005,25-03-2025 01-00-00-CR-005,10.606111,-61.374422,Mid Lower Caroni,3.28,1.2,No
3/25/2025 1:00,CR-006,25-03-2025 01-00-00-CR-006,10.582769,-61.341406,Lower Caroni,3.71,1.08,No
3/25/2025 1:00,CR-007,25-03-2025 01-00-00-CR-007,10.578663,-61.291224,Caroni Swamp Entrance,3.09,0.52,No
3/25/2025 1:00,CR-008,25-03-2025 01-00-00-CR-008,10.5799,-61.255061,Caroni River Mouth,2.51,0.96,No
3/25/2025 2:00,CR-001,25-03-2025 02-00-00-CR-001,10.62038,-61.466257,Caroni Source,3.35,-0.1,No
3/25/2025 2:00,CR-002,25-03-2025 02-00-00-CR-002,10.617247,-61.43931,Early Caroni,3.49,1.42,No
3/25/2025 2:00,CR-003,25-03-2025 02-00-00-CR-003,10.616628,-61.420142,Mid Upper Caroni,2.23,-0.46,No
3/25/2025 2:00,CR-004,25-03-2025 02-00-00-CR-004,10.609654,-61.395995,Mid Caroni,2.59,0.32,No
3/25/2025 2:00,CR-005,25-03-2025 02-00-00-CR-005,10.606111,-61.374422,Mid Lower Caroni,1.79,-1.49,No
3/25/2025 2:00,CR-006,25-03-2025 02-00-00-CR-006,10.582769,-61.341406,Lower Caroni,3.71,0,No
3/25/2025 2:00,CR-007,25-03-2025 02-00-00-CR-007,10.578663,-61.291224,Caroni Swamp Entrance,2.64,-0.45,No
3/25/2025 2:00,CR-008,25-03-2025 02-00-00-CR-008,10.5799,-61.255061,Caroni River Mouth,3.53,1.02,No
3/25/2025 3:00,CR-001,25-03-2025 03-00-00-CR-001,10.62038,-61.466257,Caroni Source,3.07,-0.28,No
3/25/2025 3:00,CR-002,25-03-2025 03-00-00-CR-002,10.617247,-61.43931,Early Caroni,2.21,-1.28,No
3/25/2025 3:00,CR-003,25-03-2025 03-00-00-CR-003,10.616628,-61.420142,Mid Upper Caroni,2.04,-0.19,No
3/25/2025 3:00,CR-004,25-03-2025 03-00-00-CR-004,10.609654,-61.395995,Mid Caroni,3.87,1.28,Yes
3/25/2025 3:00,CR-005,25-03-2025 03-00-00-CR-005,10.606111,-61.374422,Mid Lower Caroni,2.42,0.63,No
3/25/2025 3:00,CR-006,25-03-2025 03-00-00-CR-006,10.582769,-61.341406,Lower Caroni,2.36,-1.35,No
3/25/2025 3:00,CR-007,25-03-2025 03-00-00-CR-007,10.578663,-61.291224,Caroni Swamp Entrance,2.86,0.22,No
3/25/2025 3:00,CR-008,25-03-2025 03-00-00-CR-008,10.5799,-61.255061,Caroni River Mouth,3.36,-0.17,No
3/25/2025 4:00,CR-001,25-03-2025 04-00-00-CR-001,10.62038,-61.466257,Caroni Source,3.99,0.92,Yes
3/25/2025 4:00,CR-002,25-03-2025 04-00-00-CR-002,10.617247,-61.43931,Early Caroni,2.91,0.7,No
3/25/2025 4:00,CR-003,25-03-2025 04-00-00-CR-003,10.616628,-61.420142,Mid Upper Caroni,2.85,0.81,No
3/25/2025 4:00,CR-004,25-03-2025 04-00-00-CR-004,10.609654,-61.395995,Mid Caroni,2.99,-0.88,No
3/25/2025 4:00,CR-005,25-03-2025 04-00-00-CR-005,10.606111,-61.374422,Mid Lower Caroni,1.96,-0.46,No
3/25/2025 4:00,CR-006,25-03-2025 04-00-00-CR-006,10.582769,-61.341406,Lower Caroni,3.04,0.68,No
3/25/2025 4:00,CR-007,25-03-2025 04-00-00-CR-007,10.578663,-61.291224,Caroni Swamp Entrance,3.49,0.63,No
3/25/2025 4:00,CR-008,25-03-2025 04-00-00-CR-008,10.5799,-61.255061,Caroni River Mouth,1.62,-1.74,No
3/25/2025 5:00,CR-001,25-03-2025 05-00-00-CR-001,10.62038,-61.466257,Caroni Source,2.34,-1.65,No
3/25/2025 5:00,CR-002,25-03-2025 05-00-00-CR-002,10.617247,-61.43931,Early Caroni,2.54,-0.37,No
3/25/2025 5:00,CR-003,25-03-2025 05-00-00-CR-003,10.616628,-61.420142,Mid Upper Caroni,3.27,0.42,No
3/25/2025 5:00,CR-004,25-03-2025 05-00-00-CR-004,10.609654,-61.395995,Mid Caroni,2.73,-0.26,No
3/25/2025 5:00,CR-005,25-03-2025 05-00-00-CR-005,10.606111,-61.374422,Mid Lower Caroni,2.36,0.4,No
3/25/2025 5:00,CR-006,25-03-2025 05-00-00-CR-006,10.582769,-61.341406,Lower Caroni,2.08,-0.96,No
3/25/2025 5:00,CR-007,25-03-2025 05-00-00-CR-007,10.578663,-61.291224,Caroni Swamp Entrance,2.16,-1.33,No
3/25/2025 5:00,CR-008,25-03-2025 05-00-00-CR-008,10.5799,-61.255061,Caroni River Mouth,2.08,0.46,No
3/25/2025 6:00,CR-001,25-03-2025 06-00-00-CR-001,10.62038,-61.466257,Caroni Source,2.49,0.15,No
3/25/2025 6:00,CR-002,25-03-2025 06-00-00-CR-002,10.617247,-61.43931,Early Caroni,3.91,1.37,Yes
3/25/2025 6:00,CR-003,25-03-2025 06-00-00-CR-003,10.616628,-61.420142,Mid Upper Caroni,3.04,-0.23,No
3/25/2025 6:00,CR-004,25-03-2025 06-00-00-CR-004,10.609654,-61.395995,Mid Caroni,3.18,0.45,No
3/25/2025 6:00,CR-005,25-03-2025 06-00-00-CR-005,10.606111,-61.374422,Mid Lower Caroni,2.52,0.16,No
3/25/2025 6:00,CR-006,25-03-2025 06-00-00-CR-006,10.582769,-61.341406,Lower Caroni,3.41,1.33,No
3/25/2025 6:00,CR-007,25-03-2025 06-00-00-CR-007,10.578663,-61.291224,Caroni Swamp Entrance,1.83,-0.33,No
3/25/2025 6:00,CR-008,25-03-2025 06-00-00-CR-008,10.5799,-61.255061,Caroni River Mouth,2.07,-0.01,No
3/25/2025 7:00,CR-001,25-03-2025 07-00-00-CR-001,10.62038,-61.466257,Caroni Source,2.85,0.36,No
3/25/2025 7:00,CR-002,25-03-2025 07-00-00-CR-002,10.617247,-61.43931,Early Caroni,2.32,-1.59,No
3/25/2025 7:00,CR-003,25-03-2025 07-00-00-CR-003,10.616628,-61.420142,Mid Upper Caroni,2.34,-0.7,No
3/25/2025 7:00,CR-004,25-03-2025 07-00-00-CR-004,10.609654,-61.395995,Mid Caroni,3.63,0.45,No
3/25/2025 7:00,CR-005,25-03-2025 07-00-00-CR-005,10.606111,-61.374422,Mid Lower Caroni,3.55,1.03,No
3/25/2025 7:00,CR-006,25-03-2025 07-00-00-CR-006,10.582769,-61.341406,Lower Caroni,2.76,-0.65,No
3/25/2025 7:00,CR-007,25-03-2025 07-00-00-CR-007,10.578663,-61.291224,Caroni Swamp Entrance,1.76,-0.07,No
3/25/2025 7:00,CR-008,25-03-2025 07-00-00-CR-008,10.5799,-61.255061,Caroni River Mouth,3.29,1.22,No
3/25/2025 8:00,CR-001,25-03-2025 08-00-00-CR-001,10.62038,-61.466257,Caroni Source,2.61,-0.24,No
3/25/2025 8:00,CR-002,25-03-2025 08-00-00-CR-002,10.617247,-61.43931,Early Caroni,2.69,0.37,No
3/25/2025 8:00,CR-003,25-03-2025 08-00-00-CR-003,10.616628,-61.420142,Mid Upper Caroni,1.83,-0.51,No
3/25/2025 8:00,CR-004,25-03-2025 08-00-00-CR-004,10.609654,-61.395995,Mid Caroni,3.57,-0.06,No
3/25/2025 8:00,CR-005,25-03-2025 08-00-00-CR-005,10.606111,-61.374422,Mid Lower Caroni,2.37,-1.18,No
3/25/2025 8:00,CR-006,25-03-2025 08-00-00-CR-006,10.582769,-61.341406,Lower Caroni,1.83,-0.93,No
3/25/2025 8:00,CR-007,25-03-2025 08-00-00-CR-007,10.578663,-61.291224,Caroni Swamp Entrance,2.46,0.7,No
3/25/2025 8:00,CR-008,25-03-2025 08-00-00-CR-008,10.5799,-61.255061,Caroni River Mouth,2.47,-0.82,No
3/25/2025 9:00,CR-001,25-03-2025 09-00-00-CR-001,10.62038,-61.466257,Caroni Source,2.65,0.04,No
3/25/2025 9:00,CR-002,25-03-2025 09-00-00-CR-002,10.617247,-61.43931,Early Caroni,2.23,-0.46,No
3/25/2025 9:00,CR-003,25-03-2025 09-00-00-CR-003,10.616628,-61.420142,Mid Upper Caroni,2.71,0.88,No
3/25/2025 9:00,CR-004,25-03-2025 09-00-00-CR-004,10.609654,-61.395995,Mid Caroni,2.4,-1.17,No
3/25/2025 9:00,CR-005,25-03-2025 09-00-00-CR-005,10.606111,-61.374422,Mid Lower Caroni,3.07,0.7,No
3/25/2025 9:00,CR-006,25-03-2025 09-00-00-CR-006,10.582769,-61.341406,Lower Caroni,2.27,0.44,No
3/25/2025 9:00,CR-007,25-03-2025 09-00-00-CR-007,10.578663,-61.291224,Caroni Swamp Entrance,1.55,-0.91,No
3/25/2025 9:00,CR-008,25-03-2025 09-00-00-CR-008,10.5799,-61.255061,Caroni River Mouth,3.56,1.09,No
3/25/2025 10:00,CR-001,25-03-2025 10-00-00-CR-001,10.62038,-61.466257,Caroni Source,2.72,0.07,No
3/25/2025 10:00,CR-002,25-03-2025 10-00-00-CR-002,10.617247,-61.43931,Early Caroni,2.05,-0.18,No
3/25/2025 10:00,CR-003,25-03-2025 10-00-00-CR-003,10.616628,-61.420142,Mid Upper Caroni,3.57,0.86,No
3/25/2025 10:00,CR-004,25-03-2025 10-00-00-CR-004,10.609654,-61.395995,Mid Caroni,2.3,-0.1,No
3/25/2025 10:00,CR-005,25-03-2025 10-00-00-CR-005,10.606111,-61.374422,Mid Lower Caroni,3.85,0.78,Yes
3/25/2025 10:00,CR-006,25-03-2025 10-00-00-CR-006,10.582769,-61.341406,Lower Caroni,3.47,1.2,No
3/25/2025 10:00,CR-007,25-03-2025 10-00-00-CR-007,10.578663,-61.291224,Caroni Swamp Entrance,2.53,0.98,No
3/25/2025 10:00,CR-008,25-03-2025 10-00-00-CR-008,10.5799,-61.255061,Caroni River Mouth,3.02,-0.54,No
3/25/2025 11:00,CR-001,25-03-2025 11-00-00-CR-001,10.62038,-61.466257,Caroni Source,3.87,1.15,Yes
3/25/2025 11:00,CR-002,25-03-2025 11-00-00-CR-002,10.617247,-61.43931,Early Caroni,1.83,-0.22,No
3/25/2025 11:00,CR-003,25-03-2025 11-00-00-CR-003,10.616628,-61.420142,Mid Upper Caroni,3.97,0.4,Yes
3/25/2025 11:00,CR-004,25-03-2025 11-00-00-CR-004,10.609654,-61.395995,Mid Caroni,1.98,-0.32,No
3/25/2025 11:00,CR-005,25-03-2025 11-00-00-CR-005,10.606111,-61.374422,Mid Lower Caroni,1.66,-2.19,No
3/25/2025 11:00,CR-006,25-03-2025 11-00-00-CR-006,10.582769,-61.341406,Lower Caroni,2.16,-1.31,No
3/25/2025 11:00,CR-007,25-03-2025 11-00-00-CR-007,10.578663,-61.291224,Caroni Swamp Entrance,3.22,0.69,No
3/25/2025 11:00,CR-008,25-03-2025 11-00-00-CR-008,10.5799,-61.255061,Caroni River Mouth,2.61,-0.41,No
3/25/2025 12:00,CR-001,25-03-2025 12-00-00-CR-001,10.62038,-61.466257,Caroni Source,2.61,-1.26,No
3/25/2025 12:00,CR-002,25-03-2025 12-00-00-CR-002,10.617247,-61.43931,Early Caroni,3.64,1.81,No
3/25/2025 12:00,CR-003,25-03-2025 12-00-00-CR-003,10.616628,-61.420142,Mid Upper Caroni,3.46,-0.51,No
3/25/2025 12:00,CR-004,25-03-2025 12-00-00-CR-004,10.609654,-61.395995,Mid Caroni,3.2,1.22,No
3/25/2025 12:00,CR-005,25-03-2025 12-00-00-CR-005,10.606111,-61.374422,Mid Lower Caroni,3.47,1.81,No
3/25/2025 12:00,CR-006,25-03-2025 12-00-00-CR-006,10.582769,-61.341406,Lower Caroni,1.98,-0.18,No
3/25/2025 12:00,CR-007,25-03-2025 12-00-00-CR-007,10.578663,-61.291224,Caroni Swamp Entrance,3.12,-0.1,No
3/25/2025 12:00,CR-008,25-03-2025 12-00-00-CR-008,10.5799,-61.255061,Caroni River Mouth,2.3,-0.31,No
3/25/2025 13:00,CR-001,25-03-2025 13-00-00-CR-001,10.62038,-61.466257,Caroni Source,1.91,-0.7,No
3/25/2025 13:00,CR-002,25-03-2025 13-00-00-CR-002,10.617247,-61.43931,Early Caroni,2.92,-0.72,No
3/25/2025 13:00,CR-003,25-03-2025 13-00-00-CR-003,10.616628,-61.420142,Mid Upper Caroni,3.26,-0.2,No
3/25/2025 13:00,CR-004,25-03-2025 13-00-00-CR-004,10.609654,-61.395995,Mid Caroni,1.77,-1.43,No
3/25/2025 13:00,CR-005,25-03-2025 13-00-00-CR-005,10.606111,-61.374422,Mid Lower Caroni,3.25,-0.22,No
3/25/2025 13:00,CR-006,25-03-2025 13-00-00-CR-006,10.582769,-61.341406,Lower Caroni,3.9,1.92,Yes
3/25/2025 13:00,CR-007,25-03-2025 13-00-00-CR-007,10.578663,-61.291224,Caroni Swamp Entrance,2,-1.12,No
3/25/2025 13:00,CR-008,25-03-2025 13-00-00-CR-008,10.5799,-61.255061,Caroni River Mouth,3.25,0.95,No
3/25/2025 14:00,CR-001,25-03-2025 14-00-00-CR-001,10.62038,-61.466257,Caroni Source,3.17,1.26,No
3/25/2025 14:00,CR-002,25-03-2025 14-00-00-CR-002,10.617247,-61.43931,Early Caroni,3.09,0.17,No
3/25/2025 14:00,CR-003,25-03-2025 14-00-00-CR-003,10.616628,-61.420142,Mid Upper Caroni,3.31,0.05,No
3/25/2025 14:00,CR-004,25-03-2025 14-00-00-CR-004,10.609654,-61.395995,Mid Caroni,2.39,0.62,No
3/25/2025 14:00,CR-005,25-03-2025 14-00-00-CR-005,10.606111,-61.374422,Mid Lower Caroni,2.87,-0.38,No
3/25/2025 14:00,CR-006,25-03-2025 14-00-00-CR-006,10.582769,-61.341406,Lower Caroni,2.07,-1.83,No
3/25/2025 14:00,CR-007,25-03-2025 14-00-00-CR-007,10.578663,-61.291224,Caroni Swamp Entrance,3.24,1.24,No
3/25/2025 14:00,CR-008,25-03-2025 14-00-00-CR-008,10.5799,-61.255061,Caroni River Mouth,1.79,-1.46,No
3/25/2025 15:00,CR-001,25-03-2025 15-00-00-CR-001,10.62038,-61.466257,Caroni Source,3.6,0.43,No
3/25/2025 15:00,CR-002,25-03-2025 15-00-00-CR-002,10.617247,-61.43931,Early Caroni,3.85,0.76,Yes
3/25/2025 15:00,CR-003,25-03-2025 15-00-00-CR-003,10.616628,-61.420142,Mid Upper Caroni,3.27,-0.04,No
3/25/2025 15:00,CR-004,25-03-2025 15-00-00-CR-004,10.609654,-61.395995,Mid Caroni,3.58,1.19,No
3/25/2025 15:00,CR-005,25-03-2025 15-00-00-CR-005,10.606111,-61.374422,Mid Lower Caroni,3.86,0.99,Yes
3/25/2025 15:00,CR-006,25-03-2025 15-00-00-CR-006,10.582769,-61.341406,Lower Caroni,3.96,1.89,Yes
3/25/2025 15:00,CR-007,25-03-2025 15-00-00-CR-007,10.578663,-61.291224,Caroni Swamp Entrance,3.09,-0.15,No
3/25/2025 15:00,CR-008,25-03-2025 15-00-00-CR-008,10.5799,-61.255061,Caroni River Mouth,3.17,1.38,No
3/25/2025 16:00,CR-001,25-03-2025 16-00-00-CR-001,10.62038,-61.466257,Caroni Source,2.19,-1.41,No
3/25/2025 16:00,CR-002,25-03-2025 16-00-00-CR-002,10.617247,-61.43931,Early Caroni,3.16,-0.69,No
3/25/2025 16:00,CR-003,25-03-2025 16-00-00-CR-003,10.616628,-61.420142,Mid Upper Caroni,2.89,-0.38,No
3/25/2025 16:00,CR-004,25-03-2025 16-00-00-CR-004,10.609654,-61.395995,Mid Caroni,3.7,0.12,No
3/25/2025 16:00,CR-005,25-03-2025 16-00-00-CR-005,10.606111,-61.374422,Mid Lower Caroni,2.76,-1.1,No
3/25/2025 16:00,CR-006,25-03-2025 16-00-00-CR-006,10.582769,-61.341406,Lower Caroni,1.56,-2.4,No
3/25/2025 16:00,CR-007,25-03-2025 16-00-00-CR-007,10.578663,-61.291224,Caroni Swamp Entrance,3.8,0.71,No
3/25/2025 16:00,CR-008,25-03-2025 16-00-00-CR-008,10.5799,-61.255061,Caroni River Mouth,3.76,0.59,No
3/25/2025 17:00,CR-001,25-03-2025 17-00-00-CR-001,10.62038,-61.466257,Caroni Source,1.9,-0.29,No
3/25/2025 17:00,CR-002,25-03-2025 17-00-00-CR-002,10.617247,-61.43931,Early Caroni,3.43,0.27,No
3/25/2025 17:00,CR-003,25-03-2025 17-00-00-CR-003,10.616628,-61.420142,Mid Upper Caroni,2.17,-0.72,No
3/25/2025 17:00,CR-004,25-03-2025 17-00-00-CR-004,10.609654,-61.395995,Mid Caroni,3.47,-0.23,No
3/25/2025 17:00,CR-005,25-03-2025 17-00-00-CR-005,10.606111,-61.374422,Mid Lower Caroni,3.19,0.43,No
3/25/2025 17:00,CR-006,25-03-2025 17-00-00-CR-006,10.582769,-61.341406,Lower Caroni,3.54,1.98,No
3/25/2025 17:00,CR-007,25-03-2025 17-00-00-CR-007,10.578663,-61.291224,Caroni Swamp Entrance,2.83,-0.97,No
3/25/2025 17:00,CR-008,25-03-2025 17-00-00-CR-008,10.5799,-61.255061,Caroni River Mouth,2.94,-0.82,No
3/25/2025 18:00,CR-001,25-03-2025 18-00-00-CR-001,10.62038,-61.466257,Caroni Source,3.55,1.65,No
3/25/2025 18:00,CR-002,25-03-2025 18-00-00-CR-002,10.617247,-61.43931,Early Caroni,3.6,0.17,No
3/25/2025 18:00,CR-003,25-03-2025 18-00-00-CR-003,10.616628,-61.420142,Mid Upper Caroni,2.14,-0.03,No
3/25/2025 18:00,CR-004,25-03-2025 18-00-00-CR-004,10.609654,-61.395995,Mid Caroni,2.01,-1.46,No
3/25/2025 18:00,CR-005,25-03-2025 18-00-00-CR-005,10.606111,-61.374422,Mid Lower Caroni,2.83,-0.36,No
3/25/2025 18:00,CR-006,25-03-2025 18-00-00-CR-006,10.582769,-61.341406,Lower Caroni,2.08,-1.46,No
3/25/2025 18:00,CR-007,25-03-2025 18-00-00-CR-007,10.578663,-61.291224,Caroni Swamp Entrance,3.49,0.66,No
3/25/2025 18:00,CR-008,25-03-2025 18-00-00-CR-008,10.5799,-61.255061,Caroni River Mouth,1.9,-1.04,No
3/25/2025 19:00,CR-001,25-03-2025 19-00-00-CR-001,10.62038,-61.466257,Caroni Source,2.78,-0.77,No
3/25/2025 19:00,CR-002,25-03-2025 19-00-00-CR-002,10.617247,-61.43931,Early Caroni,1.63,-1.97,No
3/25/2025 19:00,CR-003,25-03-2025 19-00-00-CR-003,10.616628,-61.420142,Mid Upper Caroni,3.71,1.57,No
3/25/2025 19:00,CR-004,25-03-2025 19-00-00-CR-004,10.609654,-61.395995,Mid Caroni,1.95,-0.06,No
3/25/2025 19:00,CR-005,25-03-2025 19-00-00-CR-005,10.606111,-61.374422,Mid Lower Caroni,2.42,-0.41,No
3/25/2025 19:00,CR-006,25-03-2025 19-00-00-CR-006,10.582769,-61.341406,Lower Caroni,1.91,-0.17,No
3/25/2025 19:00,CR-007,25-03-2025 19-00-00-CR-007,10.578663,-61.291224,Caroni Swamp Entrance,3.96,0.47,Yes
3/25/2025 19:00,CR-008,25-03-2025 19-00-00-CR-008,10.5799,-61.255061,Caroni River Mouth,3.47,1.57,No
3/25/2025 20:00,CR-001,25-03-2025 20-00-00-CR-001,10.62038,-61.466257,Caroni Source,1.9,-0.88,No
3/25/2025 20:00,CR-002,25-03-2025 20-00-00-CR-002,10.617247,-61.43931,Early Caroni,2.7,1.07,No
3/25/2025 20:00,CR-003,25-03-2025 20-00-00-CR-003,10.616628,-61.420142,Mid Upper Caroni,2.61,-1.1,No
3/25/2025 20:00,CR-004,25-03-2025 20-00-00-CR-004,10.609654,-61.395995,Mid Caroni,2.38,0.43,No
3/25/2025 20:00,CR-005,25-03-2025 20-00-00-CR-005,10.606111,-61.374422,Mid Lower Caroni,1.82,-0.6,No
3/25/2025 20:00,CR-006,25-03-2025 20-00-00-CR-006,10.582769,-61.341406,Lower Caroni,3.02,1.11,No
3/25/2025 20:00,CR-007,25-03-2025 20-00-00-CR-007,10.578663,-61.291224,Caroni Swamp Entrance,3.2,-0.76,No
3/25/2025 20:00,CR-008,25-03-2025 20-00-00-CR-008,10.5799,-61.255061,Caroni River Mouth,2.03,-1.44,No
3/25/2025 21:00,CR-001,25-03-2025 21-00-00-CR-001,10.62038,-61.466257,Caroni Source,2.73,0.83,No
3/25/2025 21:00,CR-002,25-03-2025 21-00-00-CR-002,10.617247,-61.43931,Early Caroni,2.17,-0.53,No
3/25/2025 21:00,CR-003,25-03-2025 21-00-00-CR-003,10.616628,-61.420142,Mid Upper Caroni,2.83,0.22,No
3/25/2025 21:00,CR-004,25-03-2025 21-00-00-CR-004,10.609654,-61.395995,Mid Caroni,2.46,0.08,No
3/25/2025 21:00,CR-005,25-03-2025 21-00-00-CR-005,10.606111,-61.374422,Mid Lower Caroni,3.72,1.9,No
3/25/2025 21:00,CR-006,25-03-2025 21-00-00-CR-006,10.582769,-61.341406,Lower Caroni,3.26,0.24,No
3/25/2025 21:00,CR-007,25-03-2025 21-00-00-CR-007,10.578663,-61.291224,Caroni Swamp Entrance,3.5,0.3,No
3/25/2025 21:00,CR-008,25-03-2025 21-00-00-CR-008,10.5799,-61.255061,Caroni River Mouth,1.61,-0.42,No
3/25/2025 22:00,CR-001,25-03-2025 22-00-00-CR-001,10.62038,-61.466257,Caroni Source,1.54,-1.19,No
3/25/2025 22:00,CR-002,25-03-2025 22-00-00-CR-002,10.617247,-61.43931,Early Caroni,2.48,0.31,No
3/25/2025 22:00,CR-003,25-03-2025 22-00-00-CR-003,10.616628,-61.420142,Mid Upper Caroni,3.32,0.49,No
3/25/2025 22:00,CR-004,25-03-2025 22-00-00-CR-004,10.609654,-61.395995,Mid Caroni,2.9,0.44,No
3/25/2025 22:00,CR-005,25-03-2025 22-00-00-CR-005,10.606111,-61.374422,Mid Lower Caroni,2.03,-1.69,No
3/25/2025 22:00,CR-006,25-03-2025 22-00-00-CR-006,10.582769,-61.341406,Lower Caroni,2.1,-1.16,No
3/25/2025 22:00,CR-007,25-03-2025 22-00-00-CR-007,10.578663,-61.291224,Caroni Swamp Entrance,3.18,-0.32,No
3/25/2025 22:00,CR-008,25-03-2025 22-00-00-CR-008,10.5799,-61.255061,Caroni River Mouth,1.53,-0.08,No
3/25/2025 23:00,CR-001,25-03-2025 23-00-00-CR-001,10.62038,-61.466257,Caroni Source,3.22,1.68,No
3/25/2025 23:00,CR-002,25-03-2025 23-00-00-CR-002,10.617247,-61.43931,Early Caroni,3.13,0.65,No
3/25/2025 23:00,CR-003,25-03-2025 23-00-00-CR-003,10.616628,-61.420142,Mid Upper Caroni,3.83,0.51,Yes
3/25/2025 23:00,CR-004,25-03-2025 23-00-00-CR-004,10.609654,-61.395995,Mid Caroni,1.95,-0.95,No
3/25/2025 23:00,CR-005,25-03-2025 23-00-00-CR-005,10.606111,-61.374422,Mid Lower Caroni,2.3,0.27,No
3/25/2025 23:00,CR-006,25-03-2025 23-00-00-CR-006,10.582769,-61.341406,Lower Caroni,2.69,0.59,No
3/25/2025 23:00,CR-007,25-03-2025 23-00-00-CR-007,10.578663,-61.291224,Caroni Swamp Entrance,1.96,-1.22,No
3/25/2025 23:00,CR-008,25-03-2025 23-00-00-CR-008,10.5799,-61.255061,Caroni River Mouth,3.75,2.22,No
3/26/2025 0:00,CR-001,26-03-2025 00-00-00-CR-001,10.62038,-61.466257,Caroni Source,2.69,-0.53,No
3/26/2025 0:00,CR-002,26-03-2025 00-00-00-CR-002,10.617247,-61.43931,Early Caroni,2.07,-1.06,No
3/26/2025 0:00,CR-003,26-03-2025 00-00-00-CR-003,10.616628,-61.420142,Mid Upper Caroni,3.58,-0.25,No
3/26/2025 0:00,CR-004,26-03-2025 00-00-00-CR-004,10.609654,-61.395995,Mid Caroni,2.72,0.77,No
3/26/2025 0:00,CR-005,26-03-2025 00-00-00-CR-005,10.606111,-61.374422,Mid Lower Caroni,2.4,0.1,No
3/26/2025 0:00,CR-006,26-03-2025 00-00-00-CR-006,10.582769,-61.341406,Lower Caroni,3.6,0.91,No
3/26/2025 0:00,CR-007,26-03-2025 00-00-00-CR-007,10.578663,-61.291224,Caroni Swamp Entrance,2.9,0.94,No
3/26/2025 0:00,CR-008,26-03-2025 00-00-00-CR-008,10.5799,-61.255061,Caroni River Mouth,3.57,-0.18,No
3/26/2025 1:00,CR-001,26-03-2025 01-00-00-CR-001,10.62038,-61.466257,Caroni Source,3.83,1.14,Yes
3/26/2025 1:00,CR-002,26-03-2025 01-00-00-CR-002,10.617247,-61.43931,Early Caroni,1.68,-0.39,No
3/26/2025 1:00,CR-003,26-03-2025 01-00-00-CR-003,10.616628,-61.420142,Mid Upper Caroni,2.21,-1.37,No
3/26/2025 1:00,CR-004,26-03-2025 01-00-00-CR-004,10.609654,-61.395995,Mid Caroni,1.53,-1.19,No
3/26/2025 1:00,CR-005,26-03-2025 01-00-00-CR-005,10.606111,-61.374422,Mid Lower Caroni,3.81,1.41,Yes
3/26/2025 1:00,CR-006,26-03-2025 01-00-00-CR-006,10.582769,-61.341406,Lower Caroni,1.55,-2.05,No
3/26/2025 1:00,CR-007,26-03-2025 01-00-00-CR-007,10.578663,-61.291224,Caroni Swamp Entrance,3.38,0.48,No
3/26/2025 1:00,CR-008,26-03-2025 01-00-00-CR-008,10.5799,-61.255061,Caroni River Mouth,3.1,-0.47,No
3/26/2025 2:00,CR-001,26-03-2025 02-00-00-CR-001,10.62038,-61.466257,Caroni Source,2.86,-0.97,No
3/26/2025 2:00,CR-002,26-03-2025 02-00-00-CR-002,10.617247,-61.43931,Early Caroni,3.76,2.08,No
3/26/2025 2:00,CR-003,26-03-2025 02-00-00-CR-003,10.616628,-61.420142,Mid Upper Caroni,1.9,-0.31,No
3/26/2025 2:00,CR-004,26-03-2025 02-00-00-CR-004,10.609654,-61.395995,Mid Caroni,1.58,0.05,No
3/26/2025 2:00,CR-005,26-03-2025 02-00-00-CR-005,10.606111,-61.374422,Mid Lower Caroni,3.38,-0.43,No
3/26/2025 2:00,CR-006,26-03-2025 02-00-00-CR-006,10.582769,-61.341406,Lower Caroni,2.94,1.39,No
3/26/2025 2:00,CR-007,26-03-2025 02-00-00-CR-007,10.578663,-61.291224,Caroni Swamp Entrance,2.16,-1.22,No
3/26/2025 2:00,CR-008,26-03-2025 02-00-00-CR-008,10.5799,-61.255061,Caroni River Mouth,3.91,0.81,Yes
3/26/2025 3:00,CR-001,26-03-2025 03-00-00-CR-001,10.62038,-61.466257,Caroni Source,3.22,0.36,No
3/26/2025 3:00,CR-002,26-03-2025 03-00-00-CR-002,10.617247,-61.43931,Early Caroni,1.51,-2.25,No
3/26/2025 3:00,CR-003,26-03-2025 03-00-00-CR-003,10.616628,-61.420142,Mid Upper Caroni,2.71,0.81,No
3/26/2025 3:00,CR-004,26-03-2025 03-00-00-CR-004,10.609654,-61.395995,Mid Caroni,2.75,1.17,No
3/26/2025 3:00,CR-005,26-03-2025 03-00-00-CR-005,10.606111,-61.374422,Mid Lower Caroni,3.63,0.25,No
3/26/2025 3:00,CR-006,26-03-2025 03-00-00-CR-006,10.582769,-61.341406,Lower Caroni,2.57,-0.37,No
3/26/2025 3:00,CR-007,26-03-2025 03-00-00-CR-007,10.578663,-61.291224,Caroni Swamp Entrance,3.73,1.57,No
3/26/2025 3:00,CR-008,26-03-2025 03-00-00-CR-008,10.5799,-61.255061,Caroni River Mouth,2.72,-1.19,No
3/26/2025 4:00,CR-001,26-03-2025 04-00-00-CR-001,10.62038,-61.466257,Caroni Source,3.88,0.66,Yes
3/26/2025 4:00,CR-002,26-03-2025 04-00-00-CR-002,10.617247,-61.43931,Early Caroni,1.98,0.47,No
3/26/2025 4:00,CR-003,26-03-2025 04-00-00-CR-003,10.616628,-61.420142,Mid Upper Caroni,3.73,1.02,No
3/26/2025 4:00,CR-004,26-03-2025 04-00-00-CR-004,10.609654,-61.395995,Mid Caroni,3.12,0.37,No
3/26/2025 4:00,CR-005,26-03-2025 04-00-00-CR-005,10.606111,-61.374422,Mid Lower Caroni,2.06,-1.57,No
3/26/2025 4:00,CR-006,26-03-2025 04-00-00-CR-006,10.582769,-61.341406,Lower Caroni,3.32,0.75,No
3/26/2025 4:00,CR-007,26-03-2025 04-00-00-CR-007,10.578663,-61.291224,Caroni Swamp Entrance,3.66,-0.07,No
3/26/2025 4:00,CR-008,26-03-2025 04-00-00-CR-008,10.5799,-61.255061,Caroni River Mouth,3.35,0.63,No
3/26/2025 5:00,CR-001,26-03-2025 05-00-00-CR-001,10.62038,-61.466257,Caroni Source,3.89,0.01,Yes
3/26/2025 5:00,CR-002,26-03-2025 05-00-00-CR-002,10.617247,-61.43931,Early Caroni,3.6,1.62,No
3/26/2025 5:00,CR-003,26-03-2025 05-00-00-CR-003,10.616628,-61.420142,Mid Upper Caroni,3.82,0.09,Yes
3/26/2025 5:00,CR-004,26-03-2025 05-00-00-CR-004,10.609654,-61.395995,Mid Caroni,3.41,0.29,No
3/26/2025 5:00,CR-005,26-03-2025 05-00-00-CR-005,10.606111,-61.374422,Mid Lower Caroni,2.57,0.51,No
3/26/2025 5:00,CR-006,26-03-2025 05-00-00-CR-006,10.582769,-61.341406,Lower Caroni,2.45,-0.87,No
3/26/2025 5:00,CR-007,26-03-2025 05-00-00-CR-007,10.578663,-61.291224,Caroni Swamp Entrance,2.65,-1.01,No
3/26/2025 5:00,CR-008,26-03-2025 05-00-00-CR-008,10.5799,-61.255061,Caroni River Mouth,2.82,-0.53,No
3/26/2025 6:00,CR-001,26-03-2025 06-00-00-CR-001,10.62038,-61.466257,Caroni Source,1.75,-2.14,No
3/26/2025 6:00,CR-002,26-03-2025 06-00-00-CR-002,10.617247,-61.43931,Early Caroni,2.65,-0.95,No
3/26/2025 6:00,CR-003,26-03-2025 06-00-00-CR-003,10.616628,-61.420142,Mid Upper Caroni,3.29,-0.53,No
3/26/2025 6:00,CR-004,26-03-2025 06-00-00-CR-004,10.609654,-61.395995,Mid Caroni,3.73,0.32,No
3/26/2025 6:00,CR-005,26-03-2025 06-00-00-CR-005,10.606111,-61.374422,Mid Lower Caroni,2.6,0.03,No
3/26/2025 6:00,CR-006,26-03-2025 06-00-00-CR-006,10.582769,-61.341406,Lower Caroni,3.74,1.29,No
3/26/2025 6:00,CR-007,26-03-2025 06-00-00-CR-007,10.578663,-61.291224,Caroni Swamp Entrance,3.21,0.56,No
3/26/2025 6:00,CR-008,26-03-2025 06-00-00-CR-008,10.5799,-61.255061,Caroni River Mouth,3.65,0.83,No
3/26/2025 7:00,CR-001,26-03-2025 07-00-00-CR-001,10.62038,-61.466257,Caroni Source,2.42,0.67,No
3/26/2025 7:00,CR-002,26-03-2025 07-00-00-CR-002,10.617247,-61.43931,Early Caroni,2,-0.65,No
3/26/2025 7:00,CR-003,26-03-2025 07-00-00-CR-003,10.616628,-61.420142,Mid Upper Caroni,2.78,-0.51,No
3/26/2025 7:00,CR-004,26-03-2025 07-00-00-CR-004,10.609654,-61.395995,Mid Caroni,4,0.27,Yes
3/26/2025 7:00,CR-005,26-03-2025 07-00-00-CR-005,10.606111,-61.374422,Mid Lower Caroni,2.45,-0.15,No
3/26/2025 7:00,CR-006,26-03-2025 07-00-00-CR-006,10.582769,-61.341406,Lower Caroni,2.64,-1.1,No
3/26/2025 7:00,CR-007,26-03-2025 07-00-00-CR-007,10.578663,-61.291224,Caroni Swamp Entrance,3.22,0.01,No
3/26/2025 7:00,CR-008,26-03-2025 07-00-00-CR-008,10.5799,-61.255061,Caroni River Mouth,2.66,-0.99,No
3/26/2025 8:00,CR-001,26-03-2025 08-00-00-CR-001,10.62038,-61.466257,Caroni Source,2.75,0.33,No
3/26/2025 8:00,CR-002,26-03-2025 08-00-00-CR-002,10.617247,-61.43931,Early Caroni,2.88,0.88,No
3/26/2025 8:00,CR-003,26-03-2025 08-00-00-CR-003,10.616628,-61.420142,Mid Upper Caroni,3.52,0.74,No
3/26/2025 8:00,CR-004,26-03-2025 08-00-00-CR-004,10.609654,-61.395995,Mid Caroni,2.61,-1.39,No
3/26/2025 8:00,CR-005,26-03-2025 08-00-00-CR-005,10.606111,-61.374422,Mid Lower Caroni,2.09,-0.36,No
3/26/2025 8:00,CR-006,26-03-2025 08-00-00-CR-006,10.582769,-61.341406,Lower Caroni,3.95,1.31,Yes
3/26/2025 8:00,CR-007,26-03-2025 08-00-00-CR-007,10.578663,-61.291224,Caroni Swamp Entrance,2.36,-0.86,No
3/26/2025 8:00,CR-008,26-03-2025 08-00-00-CR-008,10.5799,-61.255061,Caroni River Mouth,1.98,-0.68,No
3/26/2025 9:00,CR-001,26-03-2025 09-00-00-CR-001,10.62038,-61.466257,Caroni Source,3,0.25,No
3/26/2025 9:00,CR-002,26-03-2025 09-00-00-CR-002,10.617247,-61.43931,Early Caroni,1.68,-1.2,No
3/26/2025 9:00,CR-003,26-03-2025 09-00-00-CR-003,10.616628,-61.420142,Mid Upper Caroni,1.61,-1.91,No
3/26/2025 9:00,CR-004,26-03-2025 09-00-00-CR-004,10.609654,-61.395995,Mid Caroni,1.95,-0.66,No
3/26/2025 9:00,CR-005,26-03-2025 09-00-00-CR-005,10.606111,-61.374422,Mid Lower Caroni,2.46,0.37,No
3/26/2025 9:00,CR-006,26-03-2025 09-00-00-CR-006,10.582769,-61.341406,Lower Caroni,3.11,-0.84,No
3/26/2025 9:00,CR-007,26-03-2025 09-00-00-CR-007,10.578663,-61.291224,Caroni Swamp Entrance,2.26,-0.1,No
3/26/2025 9:00,CR-008,26-03-2025 09-00-00-CR-008,10.5799,-61.255061,Caroni River Mouth,2.66,0.68,No
3/26/2025 10:00,CR-001,26-03-2025 10-00-00-CR-001,10.62038,-61.466257,Caroni Source,2.48,-0.52,No
3/26/2025 10:00,CR-002,26-03-2025 10-00-00-CR-002,10.617247,-61.43931,Early Caroni,2.06,0.38,No
3/26/2025 10:00,CR-003,26-03-2025 10-00-00-CR-003,10.616628,-61.420142,Mid Upper Caroni,1.62,0.01,No
3/26/2025 10:00,CR-004,26-03-2025 10-00-00-CR-004,10.609654,-61.395995,Mid Caroni,2.04,0.09,No
3/26/2025 10:00,CR-005,26-03-2025 10-00-00-CR-005,10.606111,-61.374422,Mid Lower Caroni,3.38,0.92,No
3/26/2025 10:00,CR-006,26-03-2025 10-00-00-CR-006,10.582769,-61.341406,Lower Caroni,3.44,0.33,No
3/26/2025 10:00,CR-007,26-03-2025 10-00-00-CR-007,10.578663,-61.291224,Caroni Swamp Entrance,3.82,1.56,Yes
3/26/2025 10:00,CR-008,26-03-2025 10-00-00-CR-008,10.5799,-61.255061,Caroni River Mouth,1.55,-1.11,No
3/26/2025 11:00,CR-001,26-03-2025 11-00-00-CR-001,10.62038,-61.466257,Caroni Source,2.19,-0.29,No
3/26/2025 11:00,CR-002,26-03-2025 11-00-00-CR-002,10.617247,-61.43931,Early Caroni,3.06,1,No
3/26/2025 11:00,CR-003,26-03-2025 11-00-00-CR-003,10.616628,-61.420142,Mid Upper Caroni,3.72,2.1,No
3/26/2025 11:00,CR-004,26-03-2025 11-00-00-CR-004,10.609654,-61.395995,Mid Caroni,3.98,1.94,Yes
3/26/2025 11:00,CR-005,26-03-2025 11-00-00-CR-005,10.606111,-61.374422,Mid Lower Caroni,1.68,-1.7,No
3/26/2025 11:00,CR-006,26-03-2025 11-00-00-CR-006,10.582769,-61.341406,Lower Caroni,3.21,-0.23,No
3/26/2025 11:00,CR-007,26-03-2025 11-00-00-CR-007,10.578663,-61.291224,Caroni Swamp Entrance,2.41,-1.41,No
3/26/2025 11:00,CR-008,26-03-2025 11-00-00-CR-008,10.5799,-61.255061,Caroni River Mouth,3.15,1.6,No
3/26/2025 12:00,CR-001,26-03-2025 12-00-00-CR-001,10.62038,-61.466257,Caroni Source,3.71,1.52,No
3/26/2025 12:00,CR-002,26-03-2025 12-00-00-CR-002,10.617247,-61.43931,Early Caroni,1.63,-1.43,No
3/26/2025 12:00,CR-003,26-03-2025 12-00-00-CR-003,10.616628,-61.420142,Mid Upper Caroni,3.56,-0.16,No
3/26/2025 12:00,CR-004,26-03-2025 12-00-00-CR-004,10.609654,-61.395995,Mid Caroni,3.63,-0.35,No
3/26/2025 12:00,CR-005,26-03-2025 12-00-00-CR-005,10.606111,-61.374422,Mid Lower Caroni,2.52,0.84,No
3/26/2025 12:00,CR-006,26-03-2025 12-00-00-CR-006,10.582769,-61.341406,Lower Caroni,3.92,0.71,Yes
3/26/2025 12:00,CR-007,26-03-2025 12-00-00-CR-007,10.578663,-61.291224,Caroni Swamp Entrance,3.89,1.48,Yes
3/26/2025 12:00,CR-008,26-03-2025 12-00-00-CR-008,10.5799,-61.255061,Caroni River Mouth,3.34,0.19,No
3/26/2025 13:00,CR-001,26-03-2025 13-00-00-CR-001,10.62038,-61.466257,Caroni Source,2.76,-0.95,No
3/26/2025 13:00,CR-002,26-03-2025 13-00-00-CR-002,10.617247,-61.43931,Early Caroni,3.41,1.78,No
3/26/2025 13:00,CR-003,26-03-2025 13-00-00-CR-003,10.616628,-61.420142,Mid Upper Caroni,2.85,-0.71,No
3/26/2025 13:00,CR-004,26-03-2025 13-00-00-CR-004,10.609654,-61.395995,Mid Caroni,3.99,0.36,Yes
3/26/2025 13:00,CR-005,26-03-2025 13-00-00-CR-005,10.606111,-61.374422,Mid Lower Caroni,3.38,0.86,No
3/26/2025 13:00,CR-006,26-03-2025 13-00-00-CR-006,10.582769,-61.341406,Lower Caroni,3.06,-0.86,No
3/26/2025 13:00,CR-007,26-03-2025 13-00-00-CR-007,10.578663,-61.291224,Caroni Swamp Entrance,1.71,-2.18,No
3/26/2025 13:00,CR-008,26-03-2025 13-00-00-CR-008,10.5799,-61.255061,Caroni River Mouth,3.14,-0.2,No
3/26/2025 14:00,CR-001,26-03-2025 14-00-00-CR-001,10.62038,-61.466257,Caroni Source,3.51,0.75,No
3/26/2025 14:00,CR-002,26-03-2025 14-00-00-CR-002,10.617247,-61.43931,Early Caroni,1.73,-1.68,No
3/26/2025 14:00,CR-003,26-03-2025 14-00-00-CR-003,10.616628,-61.420142,Mid Upper Caroni,3.85,1,Yes
3/26/2025 14:00,CR-004,26-03-2025 14-00-00-CR-004,10.609654,-61.395995,Mid Caroni,2.09,-1.9,No
3/26/2025 14:00,CR-005,26-03-2025 14-00-00-CR-005,10.606111,-61.374422,Mid Lower Caroni,3.13,-0.25,No
3/26/2025 14:00,CR-006,26-03-2025 14-00-00-CR-006,10.582769,-61.341406,Lower Caroni,3.54,0.48,No
3/26/2025 14:00,CR-007,26-03-2025 14-00-00-CR-007,10.578663,-61.291224,Caroni Swamp Entrance,3.99,2.28,Yes
3/26/2025 14:00,CR-008,26-03-2025 14-00-00-CR-008,10.5799,-61.255061,Caroni River Mouth,2.27,-0.87,No
3/26/2025 15:00,CR-001,26-03-2025 15-00-00-CR-001,10.62038,-61.466257,Caroni Source,2.35,-1.16,No
3/26/2025 15:00,CR-002,26-03-2025 15-00-00-CR-002,10.617247,-61.43931,Early Caroni,1.52,-0.21,No
3/26/2025 15:00,CR-003,26-03-2025 15-00-00-CR-003,10.616628,-61.420142,Mid Upper Caroni,3.01,-0.84,No
3/26/2025 15:00,CR-004,26-03-2025 15-00-00-CR-004,10.609654,-61.395995,Mid Caroni,1.51,-0.58,No
3/26/2025 15:00,CR-005,26-03-2025 15-00-00-CR-005,10.606111,-61.374422,Mid Lower Caroni,3.37,0.24,No
3/26/2025 15:00,CR-006,26-03-2025 15-00-00-CR-006,10.582769,-61.341406,Lower Caroni,1.51,-2.03,No
3/26/2025 15:00,CR-007,26-03-2025 15-00-00-CR-007,10.578663,-61.291224,Caroni Swamp Entrance,3.18,-0.81,No
3/26/2025 15:00,CR-008,26-03-2025 15-00-00-CR-008,10.5799,-61.255061,Caroni River Mouth,2.04,-0.23,No
3/26/2025 16:00,CR-001,26-03-2025 16-00-00-CR-001,10.62038,-61.466257,Caroni Source,2.58,0.23,No
3/26/2025 16:00,CR-002,26-03-2025 16-00-00-CR-002,10.617247,-61.43931,Early Caroni,3.94,2.42,Yes
3/26/2025 16:00,CR-003,26-03-2025 16-00-00-CR-003,10.616628,-61.420142,Mid Upper Caroni,3.88,0.87,Yes
3/26/2025 16:00,CR-004,26-03-2025 16-00-00-CR-004,10.609654,-61.395995,Mid Caroni,2.8,1.29,No
3/26/2025 16:00,CR-005,26-03-2025 16-00-00-CR-005,10.606111,-61.374422,Mid Lower Caroni,2.13,-1.24,No
3/26/2025 16:00,CR-006,26-03-2025 16-00-00-CR-006,10.582769,-61.341406,Lower Caroni,2.78,1.27,No
3/26/2025 16:00,CR-007,26-03-2025 16-00-00-CR-007,10.578663,-61.291224,Caroni Swamp Entrance,2.12,-1.06,No
3/26/2025 16:00,CR-008,26-03-2025 16-00-00-CR-008,10.5799,-61.255061,Caroni River Mouth,2.09,0.05,No
3/26/2025 17:00,CR-001,26-03-2025 17-00-00-CR-001,10.62038,-61.466257,Caroni Source,2.34,-0.24,No
3/26/2025 17:00,CR-002,26-03-2025 17-00-00-CR-002,10.617247,-61.43931,Early Caroni,2.57,-1.37,No
3/26/2025 17:00,CR-003,26-03-2025 17-00-00-CR-003,10.616628,-61.420142,Mid Upper Caroni,3.44,-0.44,No
3/26/2025 17:00,CR-004,26-03-2025 17-00-00-CR-004,10.609654,-61.395995,Mid Caroni,2.05,-0.75,No
3/26/2025 17:00,CR-005,26-03-2025 17-00-00-CR-005,10.606111,-61.374422,Mid Lower Caroni,3.7,1.57,No
3/26/2025 17:00,CR-006,26-03-2025 17-00-00-CR-006,10.582769,-61.341406,Lower Caroni,3.69,0.91,No
3/26/2025 17:00,CR-007,26-03-2025 17-00-00-CR-007,10.578663,-61.291224,Caroni Swamp Entrance,2.41,0.29,No
3/26/2025 17:00,CR-008,26-03-2025 17-00-00-CR-008,10.5799,-61.255061,Caroni River Mouth,2.54,0.45,No
3/26/2025 18:00,CR-001,26-03-2025 18-00-00-CR-001,10.62038,-61.466257,Caroni Source,2.53,0.19,No
3/26/2025 18:00,CR-002,26-03-2025 18-00-00-CR-002,10.617247,-61.43931,Early Caroni,2.66,0.09,No
3/26/2025 18:00,CR-003,26-03-2025 18-00-00-CR-003,10.616628,-61.420142,Mid Upper Caroni,3.9,0.46,Yes
3/26/2025 18:00,CR-004,26-03-2025 18-00-00-CR-004,10.609654,-61.395995,Mid Caroni,2.97,0.92,No
3/26/2025 18:00,CR-005,26-03-2025 18-00-00-CR-005,10.606111,-61.374422,Mid Lower Caroni,3.93,0.23,Yes
3/26/2025 18:00,CR-006,26-03-2025 18-00-00-CR-006,10.582769,-61.341406,Lower Caroni,1.6,-2.09,No
3/26/2025 18:00,CR-007,26-03-2025 18-00-00-CR-007,10.578663,-61.291224,Caroni Swamp Entrance,2.21,-0.2,No
3/26/2025 18:00,CR-008,26-03-2025 18-00-00-CR-008,10.5799,-61.255061,Caroni River Mouth,2.97,0.43,No
3/26/2025 19:00,CR-001,26-03-2025 19-00-00-CR-001,10.62038,-61.466257,Caroni Source,2.83,0.3,No
3/26/2025 19:00,CR-002,26-03-2025 19-00-00-CR-002,10.617247,-61.43931,Early Caroni,2,-0.66,No
3/26/2025 19:00,CR-003,26-03-2025 19-00-00-CR-003,10.616628,-61.420142,Mid Upper Caroni,3.25,-0.65,No
3/26/2025 19:00,CR-004,26-03-2025 19-00-00-CR-004,10.609654,-61.395995,Mid Caroni,3.29,0.32,No
3/26/2025 19:00,CR-005,26-03-2025 19-00-00-CR-005,10.606111,-61.374422,Mid Lower Caroni,1.64,-2.29,No
3/26/2025 19:00,CR-006,26-03-2025 19-00-00-CR-006,10.582769,-61.341406,Lower Caroni,2.72,1.12,No
3/26/2025 19:00,CR-007,26-03-2025 19-00-00-CR-007,10.578663,-61.291224,Caroni Swamp Entrance,3.58,1.37,No
3/26/2025 19:00,CR-008,26-03-2025 19-00-00-CR-008,10.5799,-61.255061,Caroni River Mouth,2.61,-0.36,No
3/26/2025 20:00,CR-001,26-03-2025 20-00-00-CR-001,10.62038,-61.466257,Caroni Source,1.61,-1.22,No
3/26/2025 20:00,CR-002,26-03-2025 20-00-00-CR-002,10.617247,-61.43931,Early Caroni,3.44,1.44,No
3/26/2025 20:00,CR-003,26-03-2025 20-00-00-CR-003,10.616628,-61.420142,Mid Upper Caroni,3.71,0.46,No
3/26/2025 20:00,CR-004,26-03-2025 20-00-00-CR-004,10.609654,-61.395995,Mid Caroni,1.74,-1.55,No
3/26/2025 20:00,CR-005,26-03-2025 20-00-00-CR-005,10.606111,-61.374422,Mid Lower Caroni,2.87,1.23,No
3/26/2025 20:00,CR-006,26-03-2025 20-00-00-CR-006,10.582769,-61.341406,Lower Caroni,1.88,-0.84,No
3/26/2025 20:00,CR-007,26-03-2025 20-00-00-CR-007,10.578663,-61.291224,Caroni Swamp Entrance,2.4,-1.18,No
3/26/2025 20:00,CR-008,26-03-2025 20-00-00-CR-008,10.5799,-61.255061,Caroni River Mouth,2.95,0.34,No
3/26/2025 21:00,CR-001,26-03-2025 21-00-00-CR-001,10.62038,-61.466257,Caroni Source,3.13,1.52,No
3/26/2025 21:00,CR-002,26-03-2025 21-00-00-CR-002,10.617247,-61.43931,Early Caroni,1.82,-1.62,No
3/26/2025 21:00,CR-003,26-03-2025 21-00-00-CR-003,10.616628,-61.420142,Mid Upper Caroni,1.65,-2.06,No
3/26/2025 21:00,CR-004,26-03-2025 21-00-00-CR-004,10.609654,-61.395995,Mid Caroni,3.12,1.38,No
3/26/2025 21:00,CR-005,26-03-2025 21-00-00-CR-005,10.606111,-61.374422,Mid Lower Caroni,3.64,0.77,No
3/26/2025 21:00,CR-006,26-03-2025 21-00-00-CR-006,10.582769,-61.341406,Lower Caroni,1.82,-0.06,No
3/26/2025 21:00,CR-007,26-03-2025 21-00-00-CR-007,10.578663,-61.291224,Caroni Swamp Entrance,2.93,0.53,No
3/26/2025 21:00,CR-008,26-03-2025 21-00-00-CR-008,10.5799,-61.255061,Caroni River Mouth,3.4,0.45,No
3/26/2025 22:00,CR-001,26-03-2025 22-00-00-CR-001,10.62038,-61.466257,Caroni Source,2.29,-0.84,No
3/26/2025 22:00,CR-002,26-03-2025 22-00-00-CR-002,10.617247,-61.43931,Early Caroni,1.71,-0.11,No
3/26/2025 22:00,CR-003,26-03-2025 22-00-00-CR-003,10.616628,-61.420142,Mid Upper Caroni,2.95,1.3,No
3/26/2025 22:00,CR-004,26-03-2025 22-00-00-CR-004,10.609654,-61.395995,Mid Caroni,2.03,-1.09,No
3/26/2025 22:00,CR-005,26-03-2025 22-00-00-CR-005,10.606111,-61.374422,Mid Lower Caroni,3.23,-0.41,No
3/26/2025 22:00,CR-006,26-03-2025 22-00-00-CR-006,10.582769,-61.341406,Lower Caroni,2.65,0.83,No
3/26/2025 22:00,CR-007,26-03-2025 22-00-00-CR-007,10.578663,-61.291224,Caroni Swamp Entrance,2.27,-0.66,No
3/26/2025 22:00,CR-008,26-03-2025 22-00-00-CR-008,10.5799,-61.255061,Caroni River Mouth,2.78,-0.62,No
3/26/2025 23:00,CR-001,26-03-2025 23-00-00-CR-001,10.62038,-61.466257,Caroni Source,1.72,-0.57,No
3/26/2025 23:00,CR-002,26-03-2025 23-00-00-CR-002,10.617247,-61.43931,Early Caroni,2.71,1,No
3/26/2025 23:00,CR-003,26-03-2025 23-00-00-CR-003,10.616628,-61.420142,Mid Upper Caroni,3.35,0.4,No
3/26/2025 23:00,CR-004,26-03-2025 23-00-00-CR-004,10.609654,-61.395995,Mid Caroni,3.67,1.64,No
3/26/2025 23:00,CR-005,26-03-2025 23-00-00-CR-005,10.606111,-61.374422,Mid Lower Caroni,2.55,-0.68,No
3/26/2025 23:00,CR-006,26-03-2025 23-00-00-CR-006,10.582769,-61.341406,Lower Caroni,2.75,0.1,No
3/26/2025 23:00,CR-007,26-03-2025 23-00-00-CR-007,10.578663,-61.291224,Caroni Swamp Entrance,3.14,0.87,No
3/26/2025 23:00,CR-008,26-03-2025 23-00-00-CR-008,10.5799,-61.255061,Caroni River Mouth,1.52,-1.26,No
3/27/2025 0:00,CR-001,27-03-2025 00-00-00-CR-001,10.62038,-61.466257,Caroni Source,2.97,1.25,No
3/27/2025 0:00,CR-002,27-03-2025 00-00-00-CR-002,10.617247,-61.43931,Early Caroni,2.7,-0.01,No
3/27/2025 0:00,CR-003,27-03-2025 00-00-00-CR-003,10.616628,-61.420142,Mid Upper Caroni,1.96,-1.39,No
3/27/2025 0:00,CR-004,27-03-2025 00-00-00-CR-004,10.609654,-61.395995,Mid Caroni,1.67,-2,No
3/27/2025 0:00,CR-005,27-03-2025 00-00-00-CR-005,10.606111,-61.374422,Mid Lower Caroni,2.22,-0.33,No
3/27/2025 0:00,CR-006,27-03-2025 00-00-00-CR-006,10.582769,-61.341406,Lower Caroni,2.7,-0.05,No
3/27/2025 0:00,CR-007,27-03-2025 00-00-00-CR-007,10.578663,-61.291224,Caroni Swamp Entrance,2.44,-0.7,No
3/27/2025 0:00,CR-008,27-03-2025 00-00-00-CR-008,10.5799,-61.255061,Caroni River Mouth,2.98,1.46,No
3/27/2025 1:00,CR-001,27-03-2025 01-00-00-CR-001,10.62038,-61.466257,Caroni Source,3.18,0.21,No
3/27/2025 1:00,CR-002,27-03-2025 01-00-00-CR-002,10.617247,-61.43931,Early Caroni,3.77,1.07,No
3/27/2025 1:00,CR-003,27-03-2025 01-00-00-CR-003,10.616628,-61.420142,Mid Upper Caroni,3.6,1.64,No
3/27/2025 1:00,CR-004,27-03-2025 01-00-00-CR-004,10.609654,-61.395995,Mid Caroni,2.93,1.26,No
3/27/2025 1:00,CR-005,27-03-2025 01-00-00-CR-005,10.606111,-61.374422,Mid Lower Caroni,2.13,-0.09,No
3/27/2025 1:00,CR-006,27-03-2025 01-00-00-CR-006,10.582769,-61.341406,Lower Caroni,2.85,0.15,No
3/27/2025 1:00,CR-007,27-03-2025 01-00-00-CR-007,10.578663,-61.291224,Caroni Swamp Entrance,3.23,0.79,No
3/27/2025 1:00,CR-008,27-03-2025 01-00-00-CR-008,10.5799,-61.255061,Caroni River Mouth,2.48,-0.5,No
3/27/2025 2:00,CR-001,27-03-2025 02-00-00-CR-001,10.62038,-61.466257,Caroni Source,2.38,-0.8,No
3/27/2025 2:00,CR-002,27-03-2025 02-00-00-CR-002,10.617247,-61.43931,Early Caroni,1.72,-2.05,No
3/27/2025 2:00,CR-003,27-03-2025 02-00-00-CR-003,10.616628,-61.420142,Mid Upper Caroni,1.7,-1.9,No
3/27/2025 2:00,CR-004,27-03-2025 02-00-00-CR-004,10.609654,-61.395995,Mid Caroni,2.34,-0.59,No
3/27/2025 2:00,CR-005,27-03-2025 02-00-00-CR-005,10.606111,-61.374422,Mid Lower Caroni,1.8,-0.33,No
3/27/2025 2:00,CR-006,27-03-2025 02-00-00-CR-006,10.582769,-61.341406,Lower Caroni,2,-0.85,No
3/27/2025 2:00,CR-007,27-03-2025 02-00-00-CR-007,10.578663,-61.291224,Caroni Swamp Entrance,2.1,-1.13,No
3/27/2025 2:00,CR-008,27-03-2025 02-00-00-CR-008,10.5799,-61.255061,Caroni River Mouth,2.61,0.13,No
3/27/2025 3:00,CR-001,27-03-2025 03-00-00-CR-001,10.62038,-61.466257,Caroni Source,1.62,-0.76,No
3/27/2025 3:00,CR-002,27-03-2025 03-00-00-CR-002,10.617247,-61.43931,Early Caroni,2.03,0.31,No
3/27/2025 3:00,CR-003,27-03-2025 03-00-00-CR-003,10.616628,-61.420142,Mid Upper Caroni,2.75,1.05,No
3/27/2025 3:00,CR-004,27-03-2025 03-00-00-CR-004,10.609654,-61.395995,Mid Caroni,2.51,0.17,No
3/27/2025 3:00,CR-005,27-03-2025 03-00-00-CR-005,10.606111,-61.374422,Mid Lower Caroni,2.82,1.02,No
3/27/2025 3:00,CR-006,27-03-2025 03-00-00-CR-006,10.582769,-61.341406,Lower Caroni,3.42,1.42,No
3/27/2025 3:00,CR-007,27-03-2025 03-00-00-CR-007,10.578663,-61.291224,Caroni Swamp Entrance,3.31,1.21,No
3/27/2025 3:00,CR-008,27-03-2025 03-00-00-CR-008,10.5799,-61.255061,Caroni River Mouth,2.18,-0.43,No
3/27/2025 4:00,CR-001,27-03-2025 04-00-00-CR-001,10.62038,-61.466257,Caroni Source,1.98,0.36,No
3/27/2025 4:00,CR-002,27-03-2025 04-00-00-CR-002,10.617247,-61.43931,Early Caroni,2.5,0.47,No
3/27/2025 4:00,CR-003,27-03-2025 04-00-00-CR-003,10.616628,-61.420142,Mid Upper Caroni,2.31,-0.44,No
3/27/2025 4:00,CR-004,27-03-2025 04-00-00-CR-004,10.609654,-61.395995,Mid Caroni,1.61,-0.9,No
3/27/2025 4:00,CR-005,27-03-2025 04-00-00-CR-005,10.606111,-61.374422,Mid Lower Caroni,1.59,-1.23,No
3/27/2025 4:00,CR-006,27-03-2025 04-00-00-CR-006,10.582769,-61.341406,Lower Caroni,3.7,0.28,No
3/27/2025 4:00,CR-007,27-03-2025 04-00-00-CR-007,10.578663,-61.291224,Caroni Swamp Entrance,2.53,-0.78,No
3/27/2025 4:00,CR-008,27-03-2025 04-00-00-CR-008,10.5799,-61.255061,Caroni River Mouth,2.27,0.09,No
3/27/2025 5:00,CR-001,27-03-2025 05-00-00-CR-001,10.62038,-61.466257,Caroni Source,1.71,-0.27,No
3/27/2025 5:00,CR-002,27-03-2025 05-00-00-CR-002,10.617247,-61.43931,Early Caroni,3.64,1.14,No
3/27/2025 5:00,CR-003,27-03-2025 05-00-00-CR-003,10.616628,-61.420142,Mid Upper Caroni,3.73,1.42,No
3/27/2025 5:00,CR-004,27-03-2025 05-00-00-CR-004,10.609654,-61.395995,Mid Caroni,3.48,1.87,No
3/27/2025 5:00,CR-005,27-03-2025 05-00-00-CR-005,10.606111,-61.374422,Mid Lower Caroni,3.11,1.52,No
3/27/2025 5:00,CR-006,27-03-2025 05-00-00-CR-006,10.582769,-61.341406,Lower Caroni,1.68,-2.02,No
3/27/2025 5:00,CR-007,27-03-2025 05-00-00-CR-007,10.578663,-61.291224,Caroni Swamp Entrance,3.59,1.06,No
3/27/2025 5:00,CR-008,27-03-2025 05-00-00-CR-008,10.5799,-61.255061,Caroni River Mouth,2.99,0.72,No
3/27/2025 6:00,CR-001,27-03-2025 06-00-00-CR-001,10.62038,-61.466257,Caroni Source,2.71,1,No
3/27/2025 6:00,CR-002,27-03-2025 06-00-00-CR-002,10.617247,-61.43931,Early Caroni,1.57,-2.07,No
3/27/2025 6:00,CR-003,27-03-2025 06-00-00-CR-003,10.616628,-61.420142,Mid Upper Caroni,1.6,-2.13,No
3/27/2025 6:00,CR-004,27-03-2025 06-00-00-CR-004,10.609654,-61.395995,Mid Caroni,3.37,-0.11,No
3/27/2025 6:00,CR-005,27-03-2025 06-00-00-CR-005,10.606111,-61.374422,Mid Lower Caroni,3.91,0.8,Yes
3/27/2025 6:00,CR-006,27-03-2025 06-00-00-CR-006,10.582769,-61.341406,Lower Caroni,2.46,0.78,No
3/27/2025 6:00,CR-007,27-03-2025 06-00-00-CR-007,10.578663,-61.291224,Caroni Swamp Entrance,3.84,0.25,Yes
3/27/2025 6:00,CR-008,27-03-2025 06-00-00-CR-008,10.5799,-61.255061,Caroni River Mouth,2.67,-0.32,No
3/27/2025 7:00,CR-001,27-03-2025 07-00-00-CR-001,10.62038,-61.466257,Caroni Source,1.96,-0.75,No
3/27/2025 7:00,CR-002,27-03-2025 07-00-00-CR-002,10.617247,-61.43931,Early Caroni,2.38,0.81,No
3/27/2025 7:00,CR-003,27-03-2025 07-00-00-CR-003,10.616628,-61.420142,Mid Upper Caroni,3.74,2.14,No
3/27/2025 7:00,CR-004,27-03-2025 07-00-00-CR-004,10.609654,-61.395995,Mid Caroni,2.1,-1.27,No
3/27/2025 7:00,CR-005,27-03-2025 07-00-00-CR-005,10.606111,-61.374422,Mid Lower Caroni,2.3,-1.61,No
3/27/2025 7:00,CR-006,27-03-2025 07-00-00-CR-006,10.582769,-61.341406,Lower Caroni,3.27,0.81,No
3/27/2025 7:00,CR-007,27-03-2025 07-00-00-CR-007,10.578663,-61.291224,Caroni Swamp Entrance,2.83,-1.01,No
3/27/2025 7:00,CR-008,27-03-2025 07-00-00-CR-008,10.5799,-61.255061,Caroni River Mouth,1.9,-0.77,No
3/27/2025 8:00,CR-001,27-03-2025 08-00-00-CR-001,10.62038,-61.466257,Caroni Source,2.11,0.15,No
3/27/2025 8:00,CR-002,27-03-2025 08-00-00-CR-002,10.617247,-61.43931,Early Caroni,2.5,0.12,No
3/27/2025 8:00,CR-003,27-03-2025 08-00-00-CR-003,10.616628,-61.420142,Mid Upper Caroni,3.19,-0.55,No
3/27/2025 8:00,CR-004,27-03-2025 08-00-00-CR-004,10.609654,-61.395995,Mid Caroni,2.7,0.6,No
3/27/2025 8:00,CR-005,27-03-2025 08-00-00-CR-005,10.606111,-61.374422,Mid Lower Caroni,3.92,1.62,Yes
3/27/2025 8:00,CR-006,27-03-2025 08-00-00-CR-006,10.582769,-61.341406,Lower Caroni,2.69,-0.58,No
3/27/2025 8:00,CR-007,27-03-2025 08-00-00-CR-007,10.578663,-61.291224,Caroni Swamp Entrance,3.74,0.91,No
3/27/2025 8:00,CR-008,27-03-2025 08-00-00-CR-008,10.5799,-61.255061,Caroni River Mouth,2.36,0.46,No
3/27/2025 9:00,CR-001,27-03-2025 09-00-00-CR-001,10.62038,-61.466257,Caroni Source,3.69,1.58,No
3/27/2025 9:00,CR-002,27-03-2025 09-00-00-CR-002,10.617247,-61.43931,Early Caroni,1.87,-0.63,No
3/27/2025 9:00,CR-003,27-03-2025 09-00-00-CR-003,10.616628,-61.420142,Mid Upper Caroni,2.23,-0.96,No
3/27/2025 9:00,CR-004,27-03-2025 09-00-00-CR-004,10.609654,-61.395995,Mid Caroni,2.21,-0.49,No
3/27/2025 9:00,CR-005,27-03-2025 09-00-00-CR-005,10.606111,-61.374422,Mid Lower Caroni,2.24,-1.68,No
3/27/2025 9:00,CR-006,27-03-2025 09-00-00-CR-006,10.582769,-61.341406,Lower Caroni,2.41,-0.28,No
3/27/2025 9:00,CR-007,27-03-2025 09-00-00-CR-007,10.578663,-61.291224,Caroni Swamp Entrance,2.61,-1.13,No
3/27/2025 9:00,CR-008,27-03-2025 09-00-00-CR-008,10.5799,-61.255061,Caroni River Mouth,3.43,1.07,No
3/27/2025 10:00,CR-001,27-03-2025 10-00-00-CR-001,10.62038,-61.466257,Caroni Source,3.69,0,No
3/27/2025 10:00,CR-002,27-03-2025 10-00-00-CR-002,10.617247,-61.43931,Early Caroni,2.12,0.25,No
3/27/2025 10:00,CR-003,27-03-2025 10-00-00-CR-003,10.616628,-61.420142,Mid Upper Caroni,2.27,0.04,No
3/27/2025 10:00,CR-004,27-03-2025 10-00-00-CR-004,10.609654,-61.395995,Mid Caroni,2.64,0.43,No
3/27/2025 10:00,CR-005,27-03-2025 10-00-00-CR-005,10.606111,-61.374422,Mid Lower Caroni,3.25,1.01,No
3/27/2025 10:00,CR-006,27-03-2025 10-00-00-CR-006,10.582769,-61.341406,Lower Caroni,1.54,-0.87,No
3/27/2025 10:00,CR-007,27-03-2025 10-00-00-CR-007,10.578663,-61.291224,Caroni Swamp Entrance,2.35,-0.26,No
3/27/2025 10:00,CR-008,27-03-2025 10-00-00-CR-008,10.5799,-61.255061,Caroni River Mouth,1.99,-1.44,No
3/27/2025 11:00,CR-001,27-03-2025 11-00-00-CR-001,10.62038,-61.466257,Caroni Source,2.88,-0.81,No
3/27/2025 11:00,CR-002,27-03-2025 11-00-00-CR-002,10.617247,-61.43931,Early Caroni,2.58,0.46,No
3/27/2025 11:00,CR-003,27-03-2025 11-00-00-CR-003,10.616628,-61.420142,Mid Upper Caroni,3.45,1.18,No
3/27/2025 11:00,CR-004,27-03-2025 11-00-00-CR-004,10.609654,-61.395995,Mid Caroni,1.82,-0.82,No
3/27/2025 11:00,CR-005,27-03-2025 11-00-00-CR-005,10.606111,-61.374422,Mid Lower Caroni,2.92,-0.33,No
3/27/2025 11:00,CR-006,27-03-2025 11-00-00-CR-006,10.582769,-61.341406,Lower Caroni,2.91,1.37,No
3/27/2025 11:00,CR-007,27-03-2025 11-00-00-CR-007,10.578663,-61.291224,Caroni Swamp Entrance,1.65,-0.7,No
3/27/2025 11:00,CR-008,27-03-2025 11-00-00-CR-008,10.5799,-61.255061,Caroni River Mouth,1.64,-0.35,No
3/27/2025 12:00,CR-001,27-03-2025 12-00-00-CR-001,10.62038,-61.466257,Caroni Source,3.51,0.63,No
3/27/2025 12:00,CR-002,27-03-2025 12-00-00-CR-002,10.617247,-61.43931,Early Caroni,2.14,-0.44,No
3/27/2025 12:00,CR-003,27-03-2025 12-00-00-CR-003,10.616628,-61.420142,Mid Upper Caroni,1.59,-1.86,No
3/27/2025 12:00,CR-004,27-03-2025 12-00-00-CR-004,10.609654,-61.395995,Mid Caroni,3.43,1.61,No
3/27/2025 12:00,CR-005,27-03-2025 12-00-00-CR-005,10.606111,-61.374422,Mid Lower Caroni,1.95,-0.97,No
3/27/2025 12:00,CR-006,27-03-2025 12-00-00-CR-006,10.582769,-61.341406,Lower Caroni,1.79,-1.12,No
3/27/2025 12:00,CR-007,27-03-2025 12-00-00-CR-007,10.578663,-61.291224,Caroni Swamp Entrance,3.47,1.82,No
3/27/2025 12:00,CR-008,27-03-2025 12-00-00-CR-008,10.5799,-61.255061,Caroni River Mouth,3.27,1.63,No
3/27/2025 13:00,CR-001,27-03-2025 13-00-00-CR-001,10.62038,-61.466257,Caroni Source,3.27,-0.24,No
3/27/2025 13:00,CR-002,27-03-2025 13-00-00-CR-002,10.617247,-61.43931,Early Caroni,3.88,1.74,Yes
3/27/2025 13:00,CR-003,27-03-2025 13-00-00-CR-003,10.616628,-61.420142,Mid Upper Caroni,3.28,1.69,No
3/27/2025 13:00,CR-004,27-03-2025 13-00-00-CR-004,10.609654,-61.395995,Mid Caroni,3.06,-0.37,No
3/27/2025 13:00,CR-005,27-03-2025 13-00-00-CR-005,10.606111,-61.374422,Mid Lower Caroni,3.35,1.4,No
3/27/2025 13:00,CR-006,27-03-2025 13-00-00-CR-006,10.582769,-61.341406,Lower Caroni,3.96,2.17,Yes
3/27/2025 13:00,CR-007,27-03-2025 13-00-00-CR-007,10.578663,-61.291224,Caroni Swamp Entrance,3.12,-0.35,No
3/27/2025 13:00,CR-008,27-03-2025 13-00-00-CR-008,10.5799,-61.255061,Caroni River Mouth,3.51,0.24,No
3/27/2025 14:00,CR-001,27-03-2025 14-00-00-CR-001,10.62038,-61.466257,Caroni Source,2.96,-0.31,No
3/27/2025 14:00,CR-002,27-03-2025 14-00-00-CR-002,10.617247,-61.43931,Early Caroni,3.47,-0.41,No
3/27/2025 14:00,CR-003,27-03-2025 14-00-00-CR-003,10.616628,-61.420142,Mid Upper Caroni,3.49,0.21,No
3/27/2025 14:00,CR-004,27-03-2025 14-00-00-CR-004,10.609654,-61.395995,Mid Caroni,3.51,0.45,No
3/27/2025 14:00,CR-005,27-03-2025 14-00-00-CR-005,10.606111,-61.374422,Mid Lower Caroni,3.07,-0.28,No
3/27/2025 14:00,CR-006,27-03-2025 14-00-00-CR-006,10.582769,-61.341406,Lower Caroni,2.54,-1.42,No
3/27/2025 14:00,CR-007,27-03-2025 14-00-00-CR-007,10.578663,-61.291224,Caroni Swamp Entrance,3.97,0.85,Yes
3/27/2025 14:00,CR-008,27-03-2025 14-00-00-CR-008,10.5799,-61.255061,Caroni River Mouth,1.91,-1.6,No
3/27/2025 15:00,CR-001,27-03-2025 15-00-00-CR-001,10.62038,-61.466257,Caroni Source,3.17,0.21,No
3/27/2025 15:00,CR-002,27-03-2025 15-00-00-CR-002,10.617247,-61.43931,Early Caroni,3.7,0.23,No
3/27/2025 15:00,CR-003,27-03-2025 15-00-00-CR-003,10.616628,-61.420142,Mid Upper Caroni,2.04,-1.45,No
3/27/2025 15:00,CR-004,27-03-2025 15-00-00-CR-004,10.609654,-61.395995,Mid Caroni,3.08,-0.43,No
3/27/2025 15:00,CR-005,27-03-2025 15-00-00-CR-005,10.606111,-61.374422,Mid Lower Caroni,3.75,0.68,No
3/27/2025 15:00,CR-006,27-03-2025 15-00-00-CR-006,10.582769,-61.341406,Lower Caroni,3.59,1.05,No
3/27/2025 15:00,CR-007,27-03-2025 15-00-00-CR-007,10.578663,-61.291224,Caroni Swamp Entrance,1.65,-2.32,No
3/27/2025 15:00,CR-008,27-03-2025 15-00-00-CR-008,10.5799,-61.255061,Caroni River Mouth,1.77,-0.14,No
3/27/2025 16:00,CR-001,27-03-2025 16-00-00-CR-001,10.62038,-61.466257,Caroni Source,2.63,-0.54,No
3/27/2025 16:00,CR-002,27-03-2025 16-00-00-CR-002,10.617247,-61.43931,Early Caroni,1.85,-1.85,No
3/27/2025 16:00,CR-003,27-03-2025 16-00-00-CR-003,10.616628,-61.420142,Mid Upper Caroni,3.58,1.54,No
3/27/2025 16:00,CR-004,27-03-2025 16-00-00-CR-004,10.609654,-61.395995,Mid Caroni,3.87,0.79,Yes
3/27/2025 16:00,CR-005,27-03-2025 16-00-00-CR-005,10.606111,-61.374422,Mid Lower Caroni,2.72,-1.03,No
3/27/2025 16:00,CR-006,27-03-2025 16-00-00-CR-006,10.582769,-61.341406,Lower Caroni,2.51,-1.08,No
3/27/2025 16:00,CR-007,27-03-2025 16-00-00-CR-007,10.578663,-61.291224,Caroni Swamp Entrance,3.77,2.12,No
3/27/2025 16:00,CR-008,27-03-2025 16-00-00-CR-008,10.5799,-61.255061,Caroni River Mouth,3.9,2.13,Yes
3/27/2025 17:00,CR-001,27-03-2025 17-00-00-CR-001,10.62038,-61.466257,Caroni Source,2.46,-0.17,No
3/27/2025 17:00,CR-002,27-03-2025 17-00-00-CR-002,10.617247,-61.43931,Early Caroni,3.96,2.11,Yes
3/27/2025 17:00,CR-003,27-03-2025 17-00-00-CR-003,10.616628,-61.420142,Mid Upper Caroni,1.74,-1.84,No
3/27/2025 17:00,CR-004,27-03-2025 17-00-00-CR-004,10.609654,-61.395995,Mid Caroni,3.85,-0.02,Yes
3/27/2025 17:00,CR-005,27-03-2025 17-00-00-CR-005,10.606111,-61.374422,Mid Lower Caroni,3.58,0.86,No
3/27/2025 17:00,CR-006,27-03-2025 17-00-00-CR-006,10.582769,-61.341406,Lower Caroni,1.61,-0.9,No
3/27/2025 17:00,CR-007,27-03-2025 17-00-00-CR-007,10.578663,-61.291224,Caroni Swamp Entrance,2.53,-1.24,No
3/27/2025 17:00,CR-008,27-03-2025 17-00-00-CR-008,10.5799,-61.255061,Caroni River Mouth,2.74,-1.16,No
3/27/2025 18:00,CR-001,27-03-2025 18-00-00-CR-001,10.62038,-61.466257,Caroni Source,2.67,0.21,No
3/27/2025 18:00,CR-002,27-03-2025 18-00-00-CR-002,10.617247,-61.43931,Early Caroni,2.08,-1.88,No
3/27/2025 18:00,CR-003,27-03-2025 18-00-00-CR-003,10.616628,-61.420142,Mid Upper Caroni,2.64,0.9,No
3/27/2025 18:00,CR-004,27-03-2025 18-00-00-CR-004,10.609654,-61.395995,Mid Caroni,3.65,-0.2,No
3/27/2025 18:00,CR-005,27-03-2025 18-00-00-CR-005,10.606111,-61.374422,Mid Lower Caroni,3.82,0.24,Yes
3/27/2025 18:00,CR-006,27-03-2025 18-00-00-CR-006,10.582769,-61.341406,Lower Caroni,3.57,1.96,No
3/27/2025 18:00,CR-007,27-03-2025 18-00-00-CR-007,10.578663,-61.291224,Caroni Swamp Entrance,1.97,-0.56,No
3/27/2025 18:00,CR-008,27-03-2025 18-00-00-CR-008,10.5799,-61.255061,Caroni River Mouth,2.13,-0.61,No
3/27/2025 19:00,CR-001,27-03-2025 19-00-00-CR-001,10.62038,-61.466257,Caroni Source,2.68,0.01,No
3/27/2025 19:00,CR-002,27-03-2025 19-00-00-CR-002,10.617247,-61.43931,Early Caroni,3.35,1.27,No
3/27/2025 19:00,CR-003,27-03-2025 19-00-00-CR-003,10.616628,-61.420142,Mid Upper Caroni,1.61,-1.03,No
3/27/2025 19:00,CR-004,27-03-2025 19-00-00-CR-004,10.609654,-61.395995,Mid Caroni,2.34,-1.31,No
3/27/2025 19:00,CR-005,27-03-2025 19-00-00-CR-005,10.606111,-61.374422,Mid Lower Caroni,2.49,-1.33,No
3/27/2025 19:00,CR-006,27-03-2025 19-00-00-CR-006,10.582769,-61.341406,Lower Caroni,1.55,-2.02,No
3/27/2025 19:00,CR-007,27-03-2025 19-00-00-CR-007,10.578663,-61.291224,Caroni Swamp Entrance,3.97,2,Yes
3/27/2025 19:00,CR-008,27-03-2025 19-00-00-CR-008,10.5799,-61.255061,Caroni River Mouth,1.93,-0.2,No
3/27/2025 20:00,CR-001,27-03-2025 20-00-00-CR-001,10.62038,-61.466257,Caroni Source,2.37,-0.31,No
3/27/2025 20:00,CR-002,27-03-2025 20-00-00-CR-002,10.617247,-61.43931,Early Caroni,2.41,-0.94,No
3/27/2025 20:00,CR-003,27-03-2025 20-00-00-CR-003,10.616628,-61.420142,Mid Upper Caroni,2.94,1.33,No
3/27/2025 20:00,CR-004,27-03-2025 20-00-00-CR-004,10.609654,-61.395995,Mid Caroni,1.89,-0.45,No
3/27/2025 20:00,CR-005,27-03-2025 20-00-00-CR-005,10.606111,-61.374422,Mid Lower Caroni,2.01,-0.48,No
3/27/2025 20:00,CR-006,27-03-2025 20-00-00-CR-006,10.582769,-61.341406,Lower Caroni,1.62,0.07,No
3/27/2025 20:00,CR-007,27-03-2025 20-00-00-CR-007,10.578663,-61.291224,Caroni Swamp Entrance,3.81,-0.16,Yes
3/27/2025 20:00,CR-008,27-03-2025 20-00-00-CR-008,10.5799,-61.255061,Caroni River Mouth,2.47,0.54,No
3/27/2025 21:00,CR-001,27-03-2025 21-00-00-CR-001,10.62038,-61.466257,Caroni Source,2.44,0.07,No
3/27/2025 21:00,CR-002,27-03-2025 21-00-00-CR-002,10.617247,-61.43931,Early Caroni,2.79,0.38,No
3/27/2025 21:00,CR-003,27-03-2025 21-00-00-CR-003,10.616628,-61.420142,Mid Upper Caroni,3.78,0.84,No
3/27/2025 21:00,CR-004,27-03-2025 21-00-00-CR-004,10.609654,-61.395995,Mid Caroni,3.87,1.98,Yes
3/27/2025 21:00,CR-005,27-03-2025 21-00-00-CR-005,10.606111,-61.374422,Mid Lower Caroni,3.74,1.73,No
3/27/2025 21:00,CR-006,27-03-2025 21-00-00-CR-006,10.582769,-61.341406,Lower Caroni,1.56,-0.06,No
3/27/2025 21:00,CR-007,27-03-2025 21-00-00-CR-007,10.578663,-61.291224,Caroni Swamp Entrance,2.11,-1.7,No
3/27/2025 21:00,CR-008,27-03-2025 21-00-00-CR-008,10.5799,-61.255061,Caroni River Mouth,1.83,-0.64,No
3/27/2025 22:00,CR-001,27-03-2025 22-00-00-CR-001,10.62038,-61.466257,Caroni Source,1.75,-0.69,No
3/27/2025 22:00,CR-002,27-03-2025 22-00-00-CR-002,10.617247,-61.43931,Early Caroni,3.08,0.29,No
3/27/2025 22:00,CR-003,27-03-2025 22-00-00-CR-003,10.616628,-61.420142,Mid Upper Caroni,2.61,-1.17,No
3/27/2025 22:00,CR-004,27-03-2025 22-00-00-CR-004,10.609654,-61.395995,Mid Caroni,3.93,0.06,Yes
3/27/2025 22:00,CR-005,27-03-2025 22-00-00-CR-005,10.606111,-61.374422,Mid Lower Caroni,2.04,-1.7,No
3/27/2025 22:00,CR-006,27-03-2025 22-00-00-CR-006,10.582769,-61.341406,Lower Caroni,3.47,1.91,No
3/27/2025 22:00,CR-007,27-03-2025 22-00-00-CR-007,10.578663,-61.291224,Caroni Swamp Entrance,1.95,-0.16,No
3/27/2025 22:00,CR-008,27-03-2025 22-00-00-CR-008,10.5799,-61.255061,Caroni River Mouth,3.54,1.71,No
3/27/2025 23:00,CR-001,27-03-2025 23-00-00-CR-001,10.62038,-61.466257,Caroni Source,2.98,1.23,No
3/27/2025 23:00,CR-002,27-03-2025 23-00-00-CR-002,10.617247,-61.43931,Early Caroni,2.77,-0.31,No
3/27/2025 23:00,CR-003,27-03-2025 23-00-00-CR-003,10.616628,-61.420142,Mid Upper Caroni,2.89,0.28,No
3/27/2025 23:00,CR-004,27-03-2025 23-00-00-CR-004,10.609654,-61.395995,Mid Caroni,3.57,-0.36,No
3/27/2025 23:00,CR-005,27-03-2025 23-00-00-CR-005,10.606111,-61.374422,Mid Lower Caroni,2.29,0.25,No
3/27/2025 23:00,CR-006,27-03-2025 23-00-00-CR-006,10.582769,-61.341406,Lower Caroni,3.15,-0.32,No
3/27/2025 23:00,CR-007,27-03-2025 23-00-00-CR-007,10.578663,-61.291224,Caroni Swamp Entrance,2.13,0.18,No
3/27/2025 23:00,CR-008,27-03-2025 23-00-00-CR-008,10.5799,-61.255061,Caroni River Mouth,2.82,-0.72,No
3/28/2025 0:00,CR-001,28-03-2025 00-00-00-CR-001,10.62038,-61.466257,Caroni Source,3.47,0.49,No
3/28/2025 0:00,CR-002,28-03-2025 00-00-00-CR-002,10.617247,-61.43931,Early Caroni,3.62,0.85,No
3/28/2025 0:00,CR-003,28-03-2025 00-00-00-CR-003,10.616628,-61.420142,Mid Upper Caroni,3.38,0.49,No
3/28/2025 0:00,CR-004,28-03-2025 00-00-00-CR-004,10.609654,-61.395995,Mid Caroni,2.95,-0.62,No
3/28/2025 0:00,CR-005,28-03-2025 00-00-00-CR-005,10.606111,-61.374422,Mid Lower Caroni,2.11,-0.18,No
3/28/2025 0:00,CR-006,28-03-2025 00-00-00-CR-006,10.582769,-61.341406,Lower Caroni,2.09,-1.06,No
3/28/2025 0:00,CR-007,28-03-2025 00-00-00-CR-007,10.578663,-61.291224,Caroni Swamp Entrance,1.65,-0.48,No
3/28/2025 0:00,CR-008,28-03-2025 00-00-00-CR-008,10.5799,-61.255061,Caroni River Mouth,3.73,0.91,No
3/28/2025 1:00,CR-001,28-03-2025 01-00-00-CR-001,10.62038,-61.466257,Caroni Source,3.18,-0.29,No
3/28/2025 1:00,CR-002,28-03-2025 01-00-00-CR-002,10.617247,-61.43931,Early Caroni,3.73,0.11,No
3/28/2025 1:00,CR-003,28-03-2025 01-00-00-CR-003,10.616628,-61.420142,Mid Upper Caroni,1.55,-1.83,No
3/28/2025 1:00,CR-004,28-03-2025 01-00-00-CR-004,10.609654,-61.395995,Mid Caroni,3.46,0.51,No
3/28/2025 1:00,CR-005,28-03-2025 01-00-00-CR-005,10.606111,-61.374422,Mid Lower Caroni,2.11,0,No
3/28/2025 1:00,CR-006,28-03-2025 01-00-00-CR-006,10.582769,-61.341406,Lower Caroni,3.36,1.27,No
3/28/2025 1:00,CR-007,28-03-2025 01-00-00-CR-007,10.578663,-61.291224,Caroni Swamp Entrance,3.18,1.53,No
3/28/2025 1:00,CR-008,28-03-2025 01-00-00-CR-008,10.5799,-61.255061,Caroni River Mouth,2.08,-1.65,No
3/28/2025 2:00,CR-001,28-03-2025 02-00-00-CR-001,10.62038,-61.466257,Caroni Source,1.64,-1.54,No
3/28/2025 2:00,CR-002,28-03-2025 02-00-00-CR-002,10.617247,-61.43931,Early Caroni,3.25,-0.48,No
3/28/2025 2:00,CR-003,28-03-2025 02-00-00-CR-003,10.616628,-61.420142,Mid Upper Caroni,3.31,1.76,No
3/28/2025 2:00,CR-004,28-03-2025 02-00-00-CR-004,10.609654,-61.395995,Mid Caroni,3.96,0.5,Yes
3/28/2025 2:00,CR-005,28-03-2025 02-00-00-CR-005,10.606111,-61.374422,Mid Lower Caroni,3,0.89,No
3/28/2025 2:00,CR-006,28-03-2025 02-00-00-CR-006,10.582769,-61.341406,Lower Caroni,3.03,-0.33,No
3/28/2025 2:00,CR-007,28-03-2025 02-00-00-CR-007,10.578663,-61.291224,Caroni Swamp Entrance,3.35,0.17,No
3/28/2025 2:00,CR-008,28-03-2025 02-00-00-CR-008,10.5799,-61.255061,Caroni River Mouth,2.23,0.15,No
3/28/2025 3:00,CR-001,28-03-2025 03-00-00-CR-001,10.62038,-61.466257,Caroni Source,3.48,1.84,No
3/28/2025 3:00,CR-002,28-03-2025 03-00-00-CR-002,10.617247,-61.43931,Early Caroni,3.16,-0.09,No
3/28/2025 3:00,CR-003,28-03-2025 03-00-00-CR-003,10.616628,-61.420142,Mid Upper Caroni,3.47,0.16,No
3/28/2025 3:00,CR-004,28-03-2025 03-00-00-CR-004,10.609654,-61.395995,Mid Caroni,2.66,-1.3,No
3/28/2025 3:00,CR-005,28-03-2025 03-00-00-CR-005,10.606111,-61.374422,Mid Lower Caroni,3.26,0.26,No
3/28/2025 3:00,CR-006,28-03-2025 03-00-00-CR-006,10.582769,-61.341406,Lower Caroni,1.72,-1.31,No
3/28/2025 3:00,CR-007,28-03-2025 03-00-00-CR-007,10.578663,-61.291224,Caroni Swamp Entrance,3.12,-0.23,No
3/28/2025 3:00,CR-008,28-03-2025 03-00-00-CR-008,10.5799,-61.255061,Caroni River Mouth,2.36,0.13,No
3/28/2025 4:00,CR-001,28-03-2025 04-00-00-CR-001,10.62038,-61.466257,Caroni Source,3.32,-0.16,No
3/28/2025 4:00,CR-002,28-03-2025 04-00-00-CR-002,10.617247,-61.43931,Early Caroni,1.62,-1.54,No
3/28/2025 4:00,CR-003,28-03-2025 04-00-00-CR-003,10.616628,-61.420142,Mid Upper Caroni,1.95,-1.52,No
3/28/2025 4:00,CR-004,28-03-2025 04-00-00-CR-004,10.609654,-61.395995,Mid Caroni,3.08,0.42,No
3/28/2025 4:00,CR-005,28-03-2025 04-00-00-CR-005,10.606111,-61.374422,Mid Lower Caroni,2.39,-0.87,No
3/28/2025 4:00,CR-006,28-03-2025 04-00-00-CR-006,10.582769,-61.341406,Lower Caroni,3.32,1.6,No
3/28/2025 4:00,CR-007,28-03-2025 04-00-00-CR-007,10.578663,-61.291224,Caroni Swamp Entrance,3.25,0.13,No
3/28/2025 4:00,CR-008,28-03-2025 04-00-00-CR-008,10.5799,-61.255061,Caroni River Mouth,1.7,-0.66,No
3/28/2025 5:00,CR-001,28-03-2025 05-00-00-CR-001,10.62038,-61.466257,Caroni Source,3.84,0.52,Yes
3/28/2025 5:00,CR-002,28-03-2025 05-00-00-CR-002,10.617247,-61.43931,Early Caroni,3.77,2.15,No
3/28/2025 5:00,CR-003,28-03-2025 05-00-00-CR-003,10.616628,-61.420142,Mid Upper Caroni,3.93,1.98,Yes
3/28/2025 5:00,CR-004,28-03-2025 05-00-00-CR-004,10.609654,-61.395995,Mid Caroni,1.61,-1.47,No
3/28/2025 5:00,CR-005,28-03-2025 05-00-00-CR-005,10.606111,-61.374422,Mid Lower Caroni,2.19,-0.2,No
3/28/2025 5:00,CR-006,28-03-2025 05-00-00-CR-006,10.582769,-61.341406,Lower Caroni,3,-0.32,No
3/28/2025 5:00,CR-007,28-03-2025 05-00-00-CR-007,10.578663,-61.291224,Caroni Swamp Entrance,3.69,0.44,No
3/28/2025 5:00,CR-008,28-03-2025 05-00-00-CR-008,10.5799,-61.255061,Caroni River Mouth,3.33,1.63,No
3/28/2025 6:00,CR-001,28-03-2025 06-00-00-CR-001,10.62038,-61.466257,Caroni Source,3.85,0.01,Yes
3/28/2025 6:00,CR-002,28-03-2025 06-00-00-CR-002,10.617247,-61.43931,Early Caroni,2.55,-1.22,No
3/28/2025 6:00,CR-003,28-03-2025 06-00-00-CR-003,10.616628,-61.420142,Mid Upper Caroni,2.93,-1,No
3/28/2025 6:00,CR-004,28-03-2025 06-00-00-CR-004,10.609654,-61.395995,Mid Caroni,3.68,2.07,No
3/28/2025 6:00,CR-005,28-03-2025 06-00-00-CR-005,10.606111,-61.374422,Mid Lower Caroni,1.66,-0.53,No
3/28/2025 6:00,CR-006,28-03-2025 06-00-00-CR-006,10.582769,-61.341406,Lower Caroni,1.97,-1.03,No
3/28/2025 6:00,CR-007,28-03-2025 06-00-00-CR-007,10.578663,-61.291224,Caroni Swamp Entrance,2.65,-1.04,No
3/28/2025 6:00,CR-008,28-03-2025 06-00-00-CR-008,10.5799,-61.255061,Caroni River Mouth,3.49,0.16,No
3/28/2025 7:00,CR-001,28-03-2025 07-00-00-CR-001,10.62038,-61.466257,Caroni Source,2.7,-1.15,No
3/28/2025 7:00,CR-002,28-03-2025 07-00-00-CR-002,10.617247,-61.43931,Early Caroni,2.79,0.24,No
3/28/2025 7:00,CR-003,28-03-2025 07-00-00-CR-003,10.616628,-61.420142,Mid Upper Caroni,1.53,-1.4,No
3/28/2025 7:00,CR-004,28-03-2025 07-00-00-CR-004,10.609654,-61.395995,Mid Caroni,2.11,-1.57,No
3/28/2025 7:00,CR-005,28-03-2025 07-00-00-CR-005,10.606111,-61.374422,Mid Lower Caroni,3.2,1.54,No
3/28/2025 7:00,CR-006,28-03-2025 07-00-00-CR-006,10.582769,-61.341406,Lower Caroni,3.67,1.7,No
3/28/2025 7:00,CR-007,28-03-2025 07-00-00-CR-007,10.578663,-61.291224,Caroni Swamp Entrance,2.87,0.22,No
3/28/2025 7:00,CR-008,28-03-2025 07-00-00-CR-008,10.5799,-61.255061,Caroni River Mouth,3.41,-0.08,No
3/28/2025 8:00,CR-001,28-03-2025 08-00-00-CR-001,10.62038,-61.466257,Caroni Source,1.73,-0.97,No
3/28/2025 8:00,CR-002,28-03-2025 08-00-00-CR-002,10.617247,-61.43931,Early Caroni,3.92,1.13,Yes
3/28/2025 8:00,CR-003,28-03-2025 08-00-00-CR-003,10.616628,-61.420142,Mid Upper Caroni,2.79,1.26,No
3/28/2025 8:00,CR-004,28-03-2025 08-00-00-CR-004,10.609654,-61.395995,Mid Caroni,2.45,0.34,No
3/28/2025 8:00,CR-005,28-03-2025 08-00-00-CR-005,10.606111,-61.374422,Mid Lower Caroni,1.68,-1.52,No
3/28/2025 8:00,CR-006,28-03-2025 08-00-00-CR-006,10.582769,-61.341406,Lower Caroni,2.79,-0.88,No
3/28/2025 8:00,CR-007,28-03-2025 08-00-00-CR-007,10.578663,-61.291224,Caroni Swamp Entrance,3.29,0.42,No
3/28/2025 8:00,CR-008,28-03-2025 08-00-00-CR-008,10.5799,-61.255061,Caroni River Mouth,3.17,-0.24,No
3/28/2025 9:00,CR-001,28-03-2025 09-00-00-CR-001,10.62038,-61.466257,Caroni Source,3.72,1.99,No
3/28/2025 9:00,CR-002,28-03-2025 09-00-00-CR-002,10.617247,-61.43931,Early Caroni,3.76,-0.16,No
3/28/2025 9:00,CR-003,28-03-2025 09-00-00-CR-003,10.616628,-61.420142,Mid Upper Caroni,3.76,0.97,No
3/28/2025 9:00,CR-004,28-03-2025 09-00-00-CR-004,10.609654,-61.395995,Mid Caroni,3.59,1.14,No
3/28/2025 9:00,CR-005,28-03-2025 09-00-00-CR-005,10.606111,-61.374422,Mid Lower Caroni,2.51,0.83,No
3/28/2025 9:00,CR-006,28-03-2025 09-00-00-CR-006,10.582769,-61.341406,Lower Caroni,3.99,1.2,Yes
3/28/2025 9:00,CR-007,28-03-2025 09-00-00-CR-007,10.578663,-61.291224,Caroni Swamp Entrance,2.04,-1.25,No
3/28/2025 9:00,CR-008,28-03-2025 09-00-00-CR-008,10.5799,-61.255061,Caroni River Mouth,2.43,-0.74,No
3/28/2025 10:00,CR-001,28-03-2025 10-00-00-CR-001,10.62038,-61.466257,Caroni Source,2.26,-1.46,No
3/28/2025 10:00,CR-002,28-03-2025 10-00-00-CR-002,10.617247,-61.43931,Early Caroni,2.73,-1.03,No
3/28/2025 10:00,CR-003,28-03-2025 10-00-00-CR-003,10.616628,-61.420142,Mid Upper Caroni,3.89,0.13,Yes
3/28/2025 10:00,CR-004,28-03-2025 10-00-00-CR-004,10.609654,-61.395995,Mid Caroni,2.82,-0.77,No
3/28/2025 10:00,CR-005,28-03-2025 10-00-00-CR-005,10.606111,-61.374422,Mid Lower Caroni,3.99,1.48,Yes
3/28/2025 10:00,CR-006,28-03-2025 10-00-00-CR-006,10.582769,-61.341406,Lower Caroni,2.04,-1.95,No
3/28/2025 10:00,CR-007,28-03-2025 10-00-00-CR-007,10.578663,-61.291224,Caroni Swamp Entrance,1.52,-0.52,No
3/28/2025 10:00,CR-008,28-03-2025 10-00-00-CR-008,10.5799,-61.255061,Caroni River Mouth,3.34,0.91,No
3/28/2025 11:00,CR-001,28-03-2025 11-00-00-CR-001,10.62038,-61.466257,Caroni Source,3.45,1.19,No
3/28/2025 11:00,CR-002,28-03-2025 11-00-00-CR-002,10.617247,-61.43931,Early Caroni,1.91,-0.82,No
3/28/2025 11:00,CR-003,28-03-2025 11-00-00-CR-003,10.616628,-61.420142,Mid Upper Caroni,2.46,-1.43,No
3/28/2025 11:00,CR-004,28-03-2025 11-00-00-CR-004,10.609654,-61.395995,Mid Caroni,3.23,0.41,No
3/28/2025 11:00,CR-005,28-03-2025 11-00-00-CR-005,10.606111,-61.374422,Mid Lower Caroni,3.97,-0.02,Yes
3/28/2025 11:00,CR-006,28-03-2025 11-00-00-CR-006,10.582769,-61.341406,Lower Caroni,2.14,0.1,No
3/28/2025 11:00,CR-007,28-03-2025 11-00-00-CR-007,10.578663,-61.291224,Caroni Swamp Entrance,2.96,1.44,No
3/28/2025 11:00,CR-008,28-03-2025 11-00-00-CR-008,10.5799,-61.255061,Caroni River Mouth,3.94,0.6,Yes
3/28/2025 12:00,CR-001,28-03-2025 12-00-00-CR-001,10.62038,-61.466257,Caroni Source,2.39,-1.06,No
3/28/2025 12:00,CR-002,28-03-2025 12-00-00-CR-002,10.617247,-61.43931,Early Caroni,3.38,1.47,No
3/28/2025 12:00,CR-003,28-03-2025 12-00-00-CR-003,10.616628,-61.420142,Mid Upper Caroni,2.45,-0.01,No
3/28/2025 12:00,CR-004,28-03-2025 12-00-00-CR-004,10.609654,-61.395995,Mid Caroni,2.61,-0.62,No
3/28/2025 12:00,CR-005,28-03-2025 12-00-00-CR-005,10.606111,-61.374422,Mid Lower Caroni,3.52,-0.45,No
3/28/2025 12:00,CR-006,28-03-2025 12-00-00-CR-006,10.582769,-61.341406,Lower Caroni,2.24,0.1,No
3/28/2025 12:00,CR-007,28-03-2025 12-00-00-CR-007,10.578663,-61.291224,Caroni Swamp Entrance,2.23,-0.73,No
3/28/2025 12:00,CR-008,28-03-2025 12-00-00-CR-008,10.5799,-61.255061,Caroni River Mouth,2.47,-1.47,No
3/28/2025 13:00,CR-001,28-03-2025 13-00-00-CR-001,10.62038,-61.466257,Caroni Source,3.57,1.18,No
3/28/2025 13:00,CR-002,28-03-2025 13-00-00-CR-002,10.617247,-61.43931,Early Caroni,3.31,-0.07,No
3/28/2025 13:00,CR-003,28-03-2025 13-00-00-CR-003,10.616628,-61.420142,Mid Upper Caroni,2.14,-0.31,No
3/28/2025 13:00,CR-004,28-03-2025 13-00-00-CR-004,10.609654,-61.395995,Mid Caroni,3.29,0.68,No
3/28/2025 13:00,CR-005,28-03-2025 13-00-00-CR-005,10.606111,-61.374422,Mid Lower Caroni,3.28,-0.24,No
3/28/2025 13:00,CR-006,28-03-2025 13-00-00-CR-006,10.582769,-61.341406,Lower Caroni,2.42,0.18,No
3/28/2025 13:00,CR-007,28-03-2025 13-00-00-CR-007,10.578663,-61.291224,Caroni Swamp Entrance,3.92,1.69,Yes
3/28/2025 13:00,CR-008,28-03-2025 13-00-00-CR-008,10.5799,-61.255061,Caroni River Mouth,3.16,0.69,No
3/28/2025 14:00,CR-001,28-03-2025 14-00-00-CR-001,10.62038,-61.466257,Caroni Source,2.35,-1.22,No
3/28/2025 14:00,CR-002,28-03-2025 14-00-00-CR-002,10.617247,-61.43931,Early Caroni,1.61,-1.7,No
3/28/2025 14:00,CR-003,28-03-2025 14-00-00-CR-003,10.616628,-61.420142,Mid Upper Caroni,1.53,-0.61,No
3/28/2025 14:00,CR-004,28-03-2025 14-00-00-CR-004,10.609654,-61.395995,Mid Caroni,3.95,0.66,Yes
3/28/2025 14:00,CR-005,28-03-2025 14-00-00-CR-005,10.606111,-61.374422,Mid Lower Caroni,3.4,0.12,No
3/28/2025 14:00,CR-006,28-03-2025 14-00-00-CR-006,10.582769,-61.341406,Lower Caroni,1.86,-0.56,No
3/28/2025 14:00,CR-007,28-03-2025 14-00-00-CR-007,10.578663,-61.291224,Caroni Swamp Entrance,2.21,-1.71,No
3/28/2025 14:00,CR-008,28-03-2025 14-00-00-CR-008,10.5799,-61.255061,Caroni River Mouth,3.45,0.29,No
3/28/2025 15:00,CR-001,28-03-2025 15-00-00-CR-001,10.62038,-61.466257,Caroni Source,3.79,1.44,No
3/28/2025 15:00,CR-002,28-03-2025 15-00-00-CR-002,10.617247,-61.43931,Early Caroni,1.53,-0.08,No
3/28/2025 15:00,CR-003,28-03-2025 15-00-00-CR-003,10.616628,-61.420142,Mid Upper Caroni,2.93,1.4,No
3/28/2025 15:00,CR-004,28-03-2025 15-00-00-CR-004,10.609654,-61.395995,Mid Caroni,3.04,-0.91,No
3/28/2025 15:00,CR-005,28-03-2025 15-00-00-CR-005,10.606111,-61.374422,Mid Lower Caroni,3.57,0.17,No
3/28/2025 15:00,CR-006,28-03-2025 15-00-00-CR-006,10.582769,-61.341406,Lower Caroni,1.96,0.1,No
3/28/2025 15:00,CR-007,28-03-2025 15-00-00-CR-007,10.578663,-61.291224,Caroni Swamp Entrance,2.07,-0.14,No
3/28/2025 15:00,CR-008,28-03-2025 15-00-00-CR-008,10.5799,-61.255061,Caroni River Mouth,2.17,-1.28,No
3/28/2025 16:00,CR-001,28-03-2025 16-00-00-CR-001,10.62038,-61.466257,Caroni Source,1.97,-1.82,No
3/28/2025 16:00,CR-002,28-03-2025 16-00-00-CR-002,10.617247,-61.43931,Early Caroni,1.93,0.4,No
3/28/2025 16:00,CR-003,28-03-2025 16-00-00-CR-003,10.616628,-61.420142,Mid Upper Caroni,4,1.07,Yes
3/28/2025 16:00,CR-004,28-03-2025 16-00-00-CR-004,10.609654,-61.395995,Mid Caroni,2.59,-0.45,No
3/28/2025 16:00,CR-005,28-03-2025 16-00-00-CR-005,10.606111,-61.374422,Mid Lower Caroni,3.1,-0.47,No
3/28/2025 16:00,CR-006,28-03-2025 16-00-00-CR-006,10.582769,-61.341406,Lower Caroni,2.95,0.99,No
3/28/2025 16:00,CR-007,28-03-2025 16-00-00-CR-007,10.578663,-61.291224,Caroni Swamp Entrance,2.34,0.27,No
3/28/2025 16:00,CR-008,28-03-2025 16-00-00-CR-008,10.5799,-61.255061,Caroni River Mouth,2,-0.17,No
3/28/2025 17:00,CR-001,28-03-2025 17-00-00-CR-001,10.62038,-61.466257,Caroni Source,2.08,0.11,No
3/28/2025 17:00,CR-002,28-03-2025 17-00-00-CR-002,10.617247,-61.43931,Early Caroni,1.77,-0.16,No
3/28/2025 17:00,CR-003,28-03-2025 17-00-00-CR-003,10.616628,-61.420142,Mid Upper Caroni,2.56,-1.44,No
3/28/2025 17:00,CR-004,28-03-2025 17-00-00-CR-004,10.609654,-61.395995,Mid Caroni,2.14,-0.45,No
3/28/2025 17:00,CR-005,28-03-2025 17-00-00-CR-005,10.606111,-61.374422,Mid Lower Caroni,2.5,-0.6,No
3/28/2025 17:00,CR-006,28-03-2025 17-00-00-CR-006,10.582769,-61.341406,Lower Caroni,1.84,-1.11,No
3/28/2025 17:00,CR-007,28-03-2025 17-00-00-CR-007,10.578663,-61.291224,Caroni Swamp Entrance,3.53,1.19,No
3/28/2025 17:00,CR-008,28-03-2025 17-00-00-CR-008,10.5799,-61.255061,Caroni River Mouth,3.72,1.72,No
3/28/2025 18:00,CR-001,28-03-2025 18-00-00-CR-001,10.62038,-61.466257,Caroni Source,3.55,1.47,No
3/28/2025 18:00,CR-002,28-03-2025 18-00-00-CR-002,10.617247,-61.43931,Early Caroni,2.32,0.55,No
3/28/2025 18:00,CR-003,28-03-2025 18-00-00-CR-003,10.616628,-61.420142,Mid Upper Caroni,1.69,-0.87,No
3/28/2025 18:00,CR-004,28-03-2025 18-00-00-CR-004,10.609654,-61.395995,Mid Caroni,3.2,1.06,No
3/28/2025 18:00,CR-005,28-03-2025 18-00-00-CR-005,10.606111,-61.374422,Mid Lower Caroni,3.03,0.53,No
3/28/2025 18:00,CR-006,28-03-2025 18-00-00-CR-006,10.582769,-61.341406,Lower Caroni,2.03,0.19,No
3/28/2025 18:00,CR-007,28-03-2025 18-00-00-CR-007,10.578663,-61.291224,Caroni Swamp Entrance,2.87,-0.66,No
3/28/2025 18:00,CR-008,28-03-2025 18-00-00-CR-008,10.5799,-61.255061,Caroni River Mouth,1.89,-1.83,No
3/28/2025 19:00,CR-001,28-03-2025 19-00-00-CR-001,10.62038,-61.466257,Caroni Source,1.97,-1.58,No
3/28/2025 19:00,CR-002,28-03-2025 19-00-00-CR-002,10.617247,-61.43931,Early Caroni,3.47,1.15,No
3/28/2025 19:00,CR-003,28-03-2025 19-00-00-CR-003,10.616628,-61.420142,Mid Upper Caroni,3.71,2.02,No
3/28/2025 19:00,CR-004,28-03-2025 19-00-00-CR-004,10.609654,-61.395995,Mid Caroni,3.26,0.06,No
3/28/2025 19:00,CR-005,28-03-2025 19-00-00-CR-005,10.606111,-61.374422,Mid Lower Caroni,3.94,0.91,Yes
3/28/2025 19:00,CR-006,28-03-2025 19-00-00-CR-006,10.582769,-61.341406,Lower Caroni,2.39,0.36,No
3/28/2025 19:00,CR-007,28-03-2025 19-00-00-CR-007,10.578663,-61.291224,Caroni Swamp Entrance,3.59,0.72,No
3/28/2025 19:00,CR-008,28-03-2025 19-00-00-CR-008,10.5799,-61.255061,Caroni River Mouth,2.71,0.82,No
3/28/2025 20:00,CR-001,28-03-2025 20-00-00-CR-001,10.62038,-61.466257,Caroni Source,2.57,0.6,No
3/28/2025 20:00,CR-002,28-03-2025 20-00-00-CR-002,10.617247,-61.43931,Early Caroni,3.75,0.28,No
3/28/2025 20:00,CR-003,28-03-2025 20-00-00-CR-003,10.616628,-61.420142,Mid Upper Caroni,1.59,-2.12,No
3/28/2025 20:00,CR-004,28-03-2025 20-00-00-CR-004,10.609654,-61.395995,Mid Caroni,1.92,-1.34,No
3/28/2025 20:00,CR-005,28-03-2025 20-00-00-CR-005,10.606111,-61.374422,Mid Lower Caroni,1.55,-2.39,No
3/28/2025 20:00,CR-006,28-03-2025 20-00-00-CR-006,10.582769,-61.341406,Lower Caroni,3.44,1.05,No
3/28/2025 20:00,CR-007,28-03-2025 20-00-00-CR-007,10.578663,-61.291224,Caroni Swamp Entrance,2.78,-0.81,No
3/28/2025 20:00,CR-008,28-03-2025 20-00-00-CR-008,10.5799,-61.255061,Caroni River Mouth,2.13,-0.58,No
3/28/2025 21:00,CR-001,28-03-2025 21-00-00-CR-001,10.62038,-61.466257,Caroni Source,2.6,0.03,No
3/28/2025 21:00,CR-002,28-03-2025 21-00-00-CR-002,10.617247,-61.43931,Early Caroni,3.01,-0.74,No
3/28/2025 21:00,CR-003,28-03-2025 21-00-00-CR-003,10.616628,-61.420142,Mid Upper Caroni,3.64,2.05,No
3/28/2025 21:00,CR-004,28-03-2025 21-00-00-CR-004,10.609654,-61.395995,Mid Caroni,3.58,1.66,No
3/28/2025 21:00,CR-005,28-03-2025 21-00-00-CR-005,10.606111,-61.374422,Mid Lower Caroni,3.04,1.49,No
3/28/2025 21:00,CR-006,28-03-2025 21-00-00-CR-006,10.582769,-61.341406,Lower Caroni,3.72,0.28,No
3/28/2025 21:00,CR-007,28-03-2025 21-00-00-CR-007,10.578663,-61.291224,Caroni Swamp Entrance,1.99,-0.79,No
3/28/2025 21:00,CR-008,28-03-2025 21-00-00-CR-008,10.5799,-61.255061,Caroni River Mouth,3.34,1.21,No
3/28/2025 22:00,CR-001,28-03-2025 22-00-00-CR-001,10.62038,-61.466257,Caroni Source,2.73,0.13,No
3/28/2025 22:00,CR-002,28-03-2025 22-00-00-CR-002,10.617247,-61.43931,Early Caroni,3.6,0.59,No
3/28/2025 22:00,CR-003,28-03-2025 22-00-00-CR-003,10.616628,-61.420142,Mid Upper Caroni,3.35,-0.29,No
3/28/2025 22:00,CR-004,28-03-2025 22-00-00-CR-004,10.609654,-61.395995,Mid Caroni,2.33,-1.25,No
3/28/2025 22:00,CR-005,28-03-2025 22-00-00-CR-005,10.606111,-61.374422,Mid Lower Caroni,3.7,0.66,No
3/28/2025 22:00,CR-006,28-03-2025 22-00-00-CR-006,10.582769,-61.341406,Lower Caroni,3.08,-0.64,No
3/28/2025 22:00,CR-007,28-03-2025 22-00-00-CR-007,10.578663,-61.291224,Caroni Swamp Entrance,3.86,1.87,Yes
3/28/2025 22:00,CR-008,28-03-2025 22-00-00-CR-008,10.5799,-61.255061,Caroni River Mouth,3.87,0.53,Yes
3/28/2025 23:00,CR-001,28-03-2025 23-00-00-CR-001,10.62038,-61.466257,Caroni Source,1.51,-1.22,No
3/28/2025 23:00,CR-002,28-03-2025 23-00-00-CR-002,10.617247,-61.43931,Early Caroni,3.45,-0.15,No
3/28/2025 23:00,CR-003,28-03-2025 23-00-00-CR-003,10.616628,-61.420142,Mid Upper Caroni,2.96,-0.39,No
3/28/2025 23:00,CR-004,28-03-2025 23-00-00-CR-004,10.609654,-61.395995,Mid Caroni,2.95,0.62,No
3/28/2025 23:00,CR-005,28-03-2025 23-00-00-CR-005,10.606111,-61.374422,Mid Lower Caroni,3.26,-0.44,No
3/28/2025 23:00,CR-006,28-03-2025 23-00-00-CR-006,10.582769,-61.341406,Lower Caroni,2.34,-0.74,No
3/28/2025 23:00,CR-007,28-03-2025 23-00-00-CR-007,10.578663,-61.291224,Caroni Swamp Entrance,3.9,0.04,Yes
3/28/2025 23:00,CR-008,28-03-2025 23-00-00-CR-008,10.5799,-61.255061,Caroni River Mouth,1.55,-2.32,No
3/29/2025 0:00,CR-001,29-03-2025 00-00-00-CR-001,10.62038,-61.466257,Caroni Source,3.22,1.71,No
3/29/2025 0:00,CR-002,29-03-2025 00-00-00-CR-002,10.617247,-61.43931,Early Caroni,2.02,-1.43,No
3/29/2025 0:00,CR-003,29-03-2025 00-00-00-CR-003,10.616628,-61.420142,Mid Upper Caroni,1.83,-1.13,No
3/29/2025 0:00,CR-004,29-03-2025 00-00-00-CR-004,10.609654,-61.395995,Mid Caroni,1.57,-1.38,No
3/29/2025 0:00,CR-005,29-03-2025 00-00-00-CR-005,10.606111,-61.374422,Mid Lower Caroni,2.95,-0.31,No
3/29/2025 0:00,CR-006,29-03-2025 00-00-00-CR-006,10.582769,-61.341406,Lower Caroni,3.89,1.55,Yes
3/29/2025 0:00,CR-007,29-03-2025 00-00-00-CR-007,10.578663,-61.291224,Caroni Swamp Entrance,1.64,-2.26,No
3/29/2025 0:00,CR-008,29-03-2025 00-00-00-CR-008,10.5799,-61.255061,Caroni River Mouth,3.66,2.11,No
3/29/2025 1:00,CR-001,29-03-2025 01-00-00-CR-001,10.62038,-61.466257,Caroni Source,3.27,0.05,No
3/29/2025 1:00,CR-002,29-03-2025 01-00-00-CR-002,10.617247,-61.43931,Early Caroni,2.22,0.2,No
3/29/2025 1:00,CR-003,29-03-2025 01-00-00-CR-003,10.616628,-61.420142,Mid Upper Caroni,3.67,1.84,No
3/29/2025 1:00,CR-004,29-03-2025 01-00-00-CR-004,10.609654,-61.395995,Mid Caroni,3.38,1.81,No
3/29/2025 1:00,CR-005,29-03-2025 01-00-00-CR-005,10.606111,-61.374422,Mid Lower Caroni,3.14,0.19,No
3/29/2025 1:00,CR-006,29-03-2025 01-00-00-CR-006,10.582769,-61.341406,Lower Caroni,3.04,-0.85,No
3/29/2025 1:00,CR-007,29-03-2025 01-00-00-CR-007,10.578663,-61.291224,Caroni Swamp Entrance,1.76,0.12,No
3/29/2025 1:00,CR-008,29-03-2025 01-00-00-CR-008,10.5799,-61.255061,Caroni River Mouth,2.58,-1.08,No
3/29/2025 2:00,CR-001,29-03-2025 02-00-00-CR-001,10.62038,-61.466257,Caroni Source,1.77,-1.5,No
3/29/2025 2:00,CR-002,29-03-2025 02-00-00-CR-002,10.617247,-61.43931,Early Caroni,3.62,1.4,No
3/29/2025 2:00,CR-003,29-03-2025 02-00-00-CR-003,10.616628,-61.420142,Mid Upper Caroni,2.85,-0.82,No
3/29/2025 2:00,CR-004,29-03-2025 02-00-00-CR-004,10.609654,-61.395995,Mid Caroni,3.47,0.09,No
3/29/2025 2:00,CR-005,29-03-2025 02-00-00-CR-005,10.606111,-61.374422,Mid Lower Caroni,3.58,0.44,No
3/29/2025 2:00,CR-006,29-03-2025 02-00-00-CR-006,10.582769,-61.341406,Lower Caroni,3.72,0.68,No
3/29/2025 2:00,CR-007,29-03-2025 02-00-00-CR-007,10.578663,-61.291224,Caroni Swamp Entrance,1.51,-0.25,No
3/29/2025 2:00,CR-008,29-03-2025 02-00-00-CR-008,10.5799,-61.255061,Caroni River Mouth,2.42,-0.16,No
3/29/2025 3:00,CR-001,29-03-2025 03-00-00-CR-001,10.62038,-61.466257,Caroni Source,2.34,0.57,No
3/29/2025 3:00,CR-002,29-03-2025 03-00-00-CR-002,10.617247,-61.43931,Early Caroni,3.79,0.17,No
3/29/2025 3:00,CR-003,29-03-2025 03-00-00-CR-003,10.616628,-61.420142,Mid Upper Caroni,3.24,0.39,No
3/29/2025 3:00,CR-004,29-03-2025 03-00-00-CR-004,10.609654,-61.395995,Mid Caroni,3.35,-0.12,No
3/29/2025 3:00,CR-005,29-03-2025 03-00-00-CR-005,10.606111,-61.374422,Mid Lower Caroni,2.43,-1.15,No
3/29/2025 3:00,CR-006,29-03-2025 03-00-00-CR-006,10.582769,-61.341406,Lower Caroni,2.17,-1.55,No
3/29/2025 3:00,CR-007,29-03-2025 03-00-00-CR-007,10.578663,-61.291224,Caroni Swamp Entrance,3.35,1.84,No
3/29/2025 3:00,CR-008,29-03-2025 03-00-00-CR-008,10.5799,-61.255061,Caroni River Mouth,3.31,0.89,No
3/29/2025 4:00,CR-001,29-03-2025 04-00-00-CR-001,10.62038,-61.466257,Caroni Source,3.01,0.67,No
3/29/2025 4:00,CR-002,29-03-2025 04-00-00-CR-002,10.617247,-61.43931,Early Caroni,3.45,-0.34,No
3/29/2025 4:00,CR-003,29-03-2025 04-00-00-CR-003,10.616628,-61.420142,Mid Upper Caroni,2.91,-0.33,No
3/29/2025 4:00,CR-004,29-03-2025 04-00-00-CR-004,10.609654,-61.395995,Mid Caroni,2.97,-0.38,No
3/29/2025 4:00,CR-005,29-03-2025 04-00-00-CR-005,10.606111,-61.374422,Mid Lower Caroni,2.77,0.34,No
3/29/2025 4:00,CR-006,29-03-2025 04-00-00-CR-006,10.582769,-61.341406,Lower Caroni,1.94,-0.23,No
3/29/2025 4:00,CR-007,29-03-2025 04-00-00-CR-007,10.578663,-61.291224,Caroni Swamp Entrance,1.74,-1.61,No
3/29/2025 4:00,CR-008,29-03-2025 04-00-00-CR-008,10.5799,-61.255061,Caroni River Mouth,1.85,-1.46,No
3/29/2025 5:00,CR-001,29-03-2025 05-00-00-CR-001,10.62038,-61.466257,Caroni Source,1.55,-1.46,No
3/29/2025 5:00,CR-002,29-03-2025 05-00-00-CR-002,10.617247,-61.43931,Early Caroni,1.73,-1.72,No
3/29/2025 5:00,CR-003,29-03-2025 05-00-00-CR-003,10.616628,-61.420142,Mid Upper Caroni,2.1,-0.81,No
3/29/2025 5:00,CR-004,29-03-2025 05-00-00-CR-004,10.609654,-61.395995,Mid Caroni,3.55,0.58,No
3/29/2025 5:00,CR-005,29-03-2025 05-00-00-CR-005,10.606111,-61.374422,Mid Lower Caroni,1.87,-0.9,No
3/29/2025 5:00,CR-006,29-03-2025 05-00-00-CR-006,10.582769,-61.341406,Lower Caroni,3.04,1.1,No
3/29/2025 5:00,CR-007,29-03-2025 05-00-00-CR-007,10.578663,-61.291224,Caroni Swamp Entrance,2.19,0.45,No
3/29/2025 5:00,CR-008,29-03-2025 05-00-00-CR-008,10.5799,-61.255061,Caroni River Mouth,3.45,1.6,No
3/29/2025 6:00,CR-001,29-03-2025 06-00-00-CR-001,10.62038,-61.466257,Caroni Source,2.02,0.47,No
3/29/2025 6:00,CR-002,29-03-2025 06-00-00-CR-002,10.617247,-61.43931,Early Caroni,1.54,-0.19,No
3/29/2025 6:00,CR-003,29-03-2025 06-00-00-CR-003,10.616628,-61.420142,Mid Upper Caroni,3.04,0.94,No
3/29/2025 6:00,CR-004,29-03-2025 06-00-00-CR-004,10.609654,-61.395995,Mid Caroni,1.82,-1.73,No
3/29/2025 6:00,CR-005,29-03-2025 06-00-00-CR-005,10.606111,-61.374422,Mid Lower Caroni,3.66,1.79,No
3/29/2025 6:00,CR-006,29-03-2025 06-00-00-CR-006,10.582769,-61.341406,Lower Caroni,3.42,0.38,No
3/29/2025 6:00,CR-007,29-03-2025 06-00-00-CR-007,10.578663,-61.291224,Caroni Swamp Entrance,3.08,0.89,No
3/29/2025 6:00,CR-008,29-03-2025 06-00-00-CR-008,10.5799,-61.255061,Caroni River Mouth,2.41,-1.04,No
3/29/2025 7:00,CR-001,29-03-2025 07-00-00-CR-001,10.62038,-61.466257,Caroni Source,2.35,0.33,No
3/29/2025 7:00,CR-002,29-03-2025 07-00-00-CR-002,10.617247,-61.43931,Early Caroni,1.74,0.2,No
3/29/2025 7:00,CR-003,29-03-2025 07-00-00-CR-003,10.616628,-61.420142,Mid Upper Caroni,2.45,-0.59,No
3/29/2025 7:00,CR-004,29-03-2025 07-00-00-CR-004,10.609654,-61.395995,Mid Caroni,2.41,0.59,No
3/29/2025 7:00,CR-005,29-03-2025 07-00-00-CR-005,10.606111,-61.374422,Mid Lower Caroni,2.09,-1.57,No
3/29/2025 7:00,CR-006,29-03-2025 07-00-00-CR-006,10.582769,-61.341406,Lower Caroni,2.89,-0.53,No
3/29/2025 7:00,CR-007,29-03-2025 07-00-00-CR-007,10.578663,-61.291224,Caroni Swamp Entrance,1.75,-1.33,No
3/29/2025 7:00,CR-008,29-03-2025 07-00-00-CR-008,10.5799,-61.255061,Caroni River Mouth,2.61,0.2,No
3/29/2025 8:00,CR-001,29-03-2025 08-00-00-CR-001,10.62038,-61.466257,Caroni Source,3.41,1.06,No
3/29/2025 8:00,CR-002,29-03-2025 08-00-00-CR-002,10.617247,-61.43931,Early Caroni,3.43,1.69,No
3/29/2025 8:00,CR-003,29-03-2025 08-00-00-CR-003,10.616628,-61.420142,Mid Upper Caroni,2.54,0.09,No
3/29/2025 8:00,CR-004,29-03-2025 08-00-00-CR-004,10.609654,-61.395995,Mid Caroni,1.76,-0.65,No
3/29/2025 8:00,CR-005,29-03-2025 08-00-00-CR-005,10.606111,-61.374422,Mid Lower Caroni,1.6,-0.49,No
3/29/2025 8:00,CR-006,29-03-2025 08-00-00-CR-006,10.582769,-61.341406,Lower Caroni,3.34,0.45,No
3/29/2025 8:00,CR-007,29-03-2025 08-00-00-CR-007,10.578663,-61.291224,Caroni Swamp Entrance,1.52,-0.23,No
3/29/2025 8:00,CR-008,29-03-2025 08-00-00-CR-008,10.5799,-61.255061,Caroni River Mouth,2.74,0.13,No
3/29/2025 9:00,CR-001,29-03-2025 09-00-00-CR-001,10.62038,-61.466257,Caroni Source,3.01,-0.4,No
3/29/2025 9:00,CR-002,29-03-2025 09-00-00-CR-002,10.617247,-61.43931,Early Caroni,4,0.57,Yes
3/29/2025 9:00,CR-003,29-03-2025 09-00-00-CR-003,10.616628,-61.420142,Mid Upper Caroni,3,0.46,No
3/29/2025 9:00,CR-004,29-03-2025 09-00-00-CR-004,10.609654,-61.395995,Mid Caroni,2.76,1,No
3/29/2025 9:00,CR-005,29-03-2025 09-00-00-CR-005,10.606111,-61.374422,Mid Lower Caroni,1.66,0.06,No
3/29/2025 9:00,CR-006,29-03-2025 09-00-00-CR-006,10.582769,-61.341406,Lower Caroni,2.96,-0.38,No
3/29/2025 9:00,CR-007,29-03-2025 09-00-00-CR-007,10.578663,-61.291224,Caroni Swamp Entrance,1.89,0.37,No
3/29/2025 9:00,CR-008,29-03-2025 09-00-00-CR-008,10.5799,-61.255061,Caroni River Mouth,2.93,0.19,No
3/29/2025 10:00,CR-001,29-03-2025 10-00-00-CR-001,10.62038,-61.466257,Caroni Source,3.15,0.14,No
3/29/2025 10:00,CR-002,29-03-2025 10-00-00-CR-002,10.617247,-61.43931,Early Caroni,2.65,-1.35,No
3/29/2025 10:00,CR-003,29-03-2025 10-00-00-CR-003,10.616628,-61.420142,Mid Upper Caroni,2.78,-0.22,No
3/29/2025 10:00,CR-004,29-03-2025 10-00-00-CR-004,10.609654,-61.395995,Mid Caroni,2.66,-0.1,No
3/29/2025 10:00,CR-005,29-03-2025 10-00-00-CR-005,10.606111,-61.374422,Mid Lower Caroni,3.67,2.01,No
3/29/2025 10:00,CR-006,29-03-2025 10-00-00-CR-006,10.582769,-61.341406,Lower Caroni,3.51,0.55,No
3/29/2025 10:00,CR-007,29-03-2025 10-00-00-CR-007,10.578663,-61.291224,Caroni Swamp Entrance,2.05,0.16,No
3/29/2025 10:00,CR-008,29-03-2025 10-00-00-CR-008,10.5799,-61.255061,Caroni River Mouth,2.81,-0.12,No
3/29/2025 11:00,CR-001,29-03-2025 11-00-00-CR-001,10.62038,-61.466257,Caroni Source,3.51,0.36,No
3/29/2025 11:00,CR-002,29-03-2025 11-00-00-CR-002,10.617247,-61.43931,Early Caroni,1.71,-0.94,No
3/29/2025 11:00,CR-003,29-03-2025 11-00-00-CR-003,10.616628,-61.420142,Mid Upper Caroni,2.88,0.1,No
3/29/2025 11:00,CR-004,29-03-2025 11-00-00-CR-004,10.609654,-61.395995,Mid Caroni,1.86,-0.8,No
3/29/2025 11:00,CR-005,29-03-2025 11-00-00-CR-005,10.606111,-61.374422,Mid Lower Caroni,2.99,-0.68,No
3/29/2025 11:00,CR-006,29-03-2025 11-00-00-CR-006,10.582769,-61.341406,Lower Caroni,2.79,-0.72,No
3/29/2025 11:00,CR-007,29-03-2025 11-00-00-CR-007,10.578663,-61.291224,Caroni Swamp Entrance,3.17,1.12,No
3/29/2025 11:00,CR-008,29-03-2025 11-00-00-CR-008,10.5799,-61.255061,Caroni River Mouth,2.72,-0.09,No
3/29/2025 12:00,CR-001,29-03-2025 12-00-00-CR-001,10.62038,-61.466257,Caroni Source,2.09,-1.42,No
3/29/2025 12:00,CR-002,29-03-2025 12-00-00-CR-002,10.617247,-61.43931,Early Caroni,2.56,0.85,No
3/29/2025 12:00,CR-003,29-03-2025 12-00-00-CR-003,10.616628,-61.420142,Mid Upper Caroni,3.39,0.51,No
3/29/2025 12:00,CR-004,29-03-2025 12-00-00-CR-004,10.609654,-61.395995,Mid Caroni,2.75,0.89,No
3/29/2025 12:00,CR-005,29-03-2025 12-00-00-CR-005,10.606111,-61.374422,Mid Lower Caroni,3.96,0.97,Yes
3/29/2025 12:00,CR-006,29-03-2025 12-00-00-CR-006,10.582769,-61.341406,Lower Caroni,1.96,-0.83,No
3/29/2025 12:00,CR-007,29-03-2025 12-00-00-CR-007,10.578663,-61.291224,Caroni Swamp Entrance,2.6,-0.57,No
3/29/2025 12:00,CR-008,29-03-2025 12-00-00-CR-008,10.5799,-61.255061,Caroni River Mouth,2.84,0.12,No
3/29/2025 13:00,CR-001,29-03-2025 13-00-00-CR-001,10.62038,-61.466257,Caroni Source,2.03,-0.06,No
3/29/2025 13:00,CR-002,29-03-2025 13-00-00-CR-002,10.617247,-61.43931,Early Caroni,1.86,-0.7,No
3/29/2025 13:00,CR-003,29-03-2025 13-00-00-CR-003,10.616628,-61.420142,Mid Upper Caroni,1.99,-1.4,No
3/29/2025 13:00,CR-004,29-03-2025 13-00-00-CR-004,10.609654,-61.395995,Mid Caroni,1.88,-0.87,No
3/29/2025 13:00,CR-005,29-03-2025 13-00-00-CR-005,10.606111,-61.374422,Mid Lower Caroni,3.02,-0.94,No
3/29/2025 13:00,CR-006,29-03-2025 13-00-00-CR-006,10.582769,-61.341406,Lower Caroni,1.81,-0.15,No
3/29/2025 13:00,CR-007,29-03-2025 13-00-00-CR-007,10.578663,-61.291224,Caroni Swamp Entrance,1.84,-0.76,No
3/29/2025 13:00,CR-008,29-03-2025 13-00-00-CR-008,10.5799,-61.255061,Caroni River Mouth,3.63,0.79,No
3/29/2025 14:00,CR-001,29-03-2025 14-00-00-CR-001,10.62038,-61.466257,Caroni Source,2.43,0.4,No
3/29/2025 14:00,CR-002,29-03-2025 14-00-00-CR-002,10.617247,-61.43931,Early Caroni,2.49,0.63,No
3/29/2025 14:00,CR-003,29-03-2025 14-00-00-CR-003,10.616628,-61.420142,Mid Upper Caroni,3.87,1.88,Yes
3/29/2025 14:00,CR-004,29-03-2025 14-00-00-CR-004,10.609654,-61.395995,Mid Caroni,2.54,0.66,No
3/29/2025 14:00,CR-005,29-03-2025 14-00-00-CR-005,10.606111,-61.374422,Mid Lower Caroni,3.41,0.39,No
3/29/2025 14:00,CR-006,29-03-2025 14-00-00-CR-006,10.582769,-61.341406,Lower Caroni,2.68,0.87,No
3/29/2025 14:00,CR-007,29-03-2025 14-00-00-CR-007,10.578663,-61.291224,Caroni Swamp Entrance,3.93,2.09,Yes
3/29/2025 14:00,CR-008,29-03-2025 14-00-00-CR-008,10.5799,-61.255061,Caroni River Mouth,2.42,-1.21,No
3/29/2025 15:00,CR-001,29-03-2025 15-00-00-CR-001,10.62038,-61.466257,Caroni Source,2.64,0.21,No
3/29/2025 15:00,CR-002,29-03-2025 15-00-00-CR-002,10.617247,-61.43931,Early Caroni,3.9,1.41,Yes
3/29/2025 15:00,CR-003,29-03-2025 15-00-00-CR-003,10.616628,-61.420142,Mid Upper Caroni,2.6,-1.27,No
3/29/2025 15:00,CR-004,29-03-2025 15-00-00-CR-004,10.609654,-61.395995,Mid Caroni,1.65,-0.89,No
3/29/2025 15:00,CR-005,29-03-2025 15-00-00-CR-005,10.606111,-61.374422,Mid Lower Caroni,3.46,0.05,No
3/29/2025 15:00,CR-006,29-03-2025 15-00-00-CR-006,10.582769,-61.341406,Lower Caroni,2.45,-0.23,No
3/29/2025 15:00,CR-007,29-03-2025 15-00-00-CR-007,10.578663,-61.291224,Caroni Swamp Entrance,2.02,-1.91,No
3/29/2025 15:00,CR-008,29-03-2025 15-00-00-CR-008,10.5799,-61.255061,Caroni River Mouth,2.05,-0.37,No
3/29/2025 16:00,CR-001,29-03-2025 16-00-00-CR-001,10.62038,-61.466257,Caroni Source,2.83,0.19,No
3/29/2025 16:00,CR-002,29-03-2025 16-00-00-CR-002,10.617247,-61.43931,Early Caroni,2.85,-1.05,No
3/29/2025 16:00,CR-003,29-03-2025 16-00-00-CR-003,10.616628,-61.420142,Mid Upper Caroni,2.1,-0.5,No
3/29/2025 16:00,CR-004,29-03-2025 16-00-00-CR-004,10.609654,-61.395995,Mid Caroni,3.4,1.75,No
3/29/2025 16:00,CR-005,29-03-2025 16-00-00-CR-005,10.606111,-61.374422,Mid Lower Caroni,3.62,0.16,No
3/29/2025 16:00,CR-006,29-03-2025 16-00-00-CR-006,10.582769,-61.341406,Lower Caroni,1.52,-0.93,No
3/29/2025 16:00,CR-007,29-03-2025 16-00-00-CR-007,10.578663,-61.291224,Caroni Swamp Entrance,2.74,0.72,No
3/29/2025 16:00,CR-008,29-03-2025 16-00-00-CR-008,10.5799,-61.255061,Caroni River Mouth,2.15,0.1,No
3/29/2025 17:00,CR-001,29-03-2025 17-00-00-CR-001,10.62038,-61.466257,Caroni Source,3.37,0.54,No
3/29/2025 17:00,CR-002,29-03-2025 17-00-00-CR-002,10.617247,-61.43931,Early Caroni,2.02,-0.83,No
3/29/2025 17:00,CR-003,29-03-2025 17-00-00-CR-003,10.616628,-61.420142,Mid Upper Caroni,3.85,1.75,Yes
3/29/2025 17:00,CR-004,29-03-2025 17-00-00-CR-004,10.609654,-61.395995,Mid Caroni,2.63,-0.77,No
3/29/2025 17:00,CR-005,29-03-2025 17-00-00-CR-005,10.606111,-61.374422,Mid Lower Caroni,1.72,-1.9,No
3/29/2025 17:00,CR-006,29-03-2025 17-00-00-CR-006,10.582769,-61.341406,Lower Caroni,3.29,1.77,No
3/29/2025 17:00,CR-007,29-03-2025 17-00-00-CR-007,10.578663,-61.291224,Caroni Swamp Entrance,1.82,-0.92,No
3/29/2025 17:00,CR-008,29-03-2025 17-00-00-CR-008,10.5799,-61.255061,Caroni River Mouth,2.08,-0.07,No
3/29/2025 18:00,CR-001,29-03-2025 18-00-00-CR-001,10.62038,-61.466257,Caroni Source,2.8,-0.57,No
3/29/2025 18:00,CR-002,29-03-2025 18-00-00-CR-002,10.617247,-61.43931,Early Caroni,1.82,-0.2,No
3/29/2025 18:00,CR-003,29-03-2025 18-00-00-CR-003,10.616628,-61.420142,Mid Upper Caroni,3.3,-0.55,No
3/29/2025 18:00,CR-004,29-03-2025 18-00-00-CR-004,10.609654,-61.395995,Mid Caroni,3.79,1.16,No
3/29/2025 18:00,CR-005,29-03-2025 18-00-00-CR-005,10.606111,-61.374422,Mid Lower Caroni,3.84,2.12,Yes
3/29/2025 18:00,CR-006,29-03-2025 18-00-00-CR-006,10.582769,-61.341406,Lower Caroni,3.09,-0.2,No
3/29/2025 18:00,CR-007,29-03-2025 18-00-00-CR-007,10.578663,-61.291224,Caroni Swamp Entrance,2.5,0.68,No
3/29/2025 18:00,CR-008,29-03-2025 18-00-00-CR-008,10.5799,-61.255061,Caroni River Mouth,2.27,0.19,No
3/29/2025 19:00,CR-001,29-03-2025 19-00-00-CR-001,10.62038,-61.466257,Caroni Source,1.78,-1.02,No
3/29/2025 19:00,CR-002,29-03-2025 19-00-00-CR-002,10.617247,-61.43931,Early Caroni,2.3,0.48,No
3/29/2025 19:00,CR-003,29-03-2025 19-00-00-CR-003,10.616628,-61.420142,Mid Upper Caroni,2.23,-1.07,No
3/29/2025 19:00,CR-004,29-03-2025 19-00-00-CR-004,10.609654,-61.395995,Mid Caroni,1.59,-2.2,No
3/29/2025 19:00,CR-005,29-03-2025 19-00-00-CR-005,10.606111,-61.374422,Mid Lower Caroni,3.63,-0.21,No
3/29/2025 19:00,CR-006,29-03-2025 19-00-00-CR-006,10.582769,-61.341406,Lower Caroni,3.6,0.51,No
3/29/2025 19:00,CR-007,29-03-2025 19-00-00-CR-007,10.578663,-61.291224,Caroni Swamp Entrance,2.83,0.33,No
3/29/2025 19:00,CR-008,29-03-2025 19-00-00-CR-008,10.5799,-61.255061,Caroni River Mouth,3.35,1.08,No
3/29/2025 20:00,CR-001,29-03-2025 20-00-00-CR-001,10.62038,-61.466257,Caroni Source,2.78,1,No
3/29/2025 20:00,CR-002,29-03-2025 20-00-00-CR-002,10.617247,-61.43931,Early Caroni,3.46,1.16,No
3/29/2025 20:00,CR-003,29-03-2025 20-00-00-CR-003,10.616628,-61.420142,Mid Upper Caroni,1.7,-0.53,No
3/29/2025 20:00,CR-004,29-03-2025 20-00-00-CR-004,10.609654,-61.395995,Mid Caroni,3.67,2.08,No
3/29/2025 20:00,CR-005,29-03-2025 20-00-00-CR-005,10.606111,-61.374422,Mid Lower Caroni,2.63,-1,No
3/29/2025 20:00,CR-006,29-03-2025 20-00-00-CR-006,10.582769,-61.341406,Lower Caroni,2.33,-1.27,No
3/29/2025 20:00,CR-007,29-03-2025 20-00-00-CR-007,10.578663,-61.291224,Caroni Swamp Entrance,3.57,0.74,No
3/29/2025 20:00,CR-008,29-03-2025 20-00-00-CR-008,10.5799,-61.255061,Caroni River Mouth,2.19,-1.16,No
3/29/2025 21:00,CR-001,29-03-2025 21-00-00-CR-001,10.62038,-61.466257,Caroni Source,1.68,-1.1,No
3/29/2025 21:00,CR-002,29-03-2025 21-00-00-CR-002,10.617247,-61.43931,Early Caroni,4,0.54,Yes
3/29/2025 21:00,CR-003,29-03-2025 21-00-00-CR-003,10.616628,-61.420142,Mid Upper Caroni,2.4,0.7,No
3/29/2025 21:00,CR-004,29-03-2025 21-00-00-CR-004,10.609654,-61.395995,Mid Caroni,3.72,0.05,No
3/29/2025 21:00,CR-005,29-03-2025 21-00-00-CR-005,10.606111,-61.374422,Mid Lower Caroni,1.6,-1.03,No
3/29/2025 21:00,CR-006,29-03-2025 21-00-00-CR-006,10.582769,-61.341406,Lower Caroni,2.27,-0.06,No
3/29/2025 21:00,CR-007,29-03-2025 21-00-00-CR-007,10.578663,-61.291224,Caroni Swamp Entrance,3.99,0.42,Yes
3/29/2025 21:00,CR-008,29-03-2025 21-00-00-CR-008,10.5799,-61.255061,Caroni River Mouth,3.65,1.46,No
3/29/2025 22:00,CR-001,29-03-2025 22-00-00-CR-001,10.62038,-61.466257,Caroni Source,1.7,0.02,No
3/29/2025 22:00,CR-002,29-03-2025 22-00-00-CR-002,10.617247,-61.43931,Early Caroni,2.36,-1.64,No
3/29/2025 22:00,CR-003,29-03-2025 22-00-00-CR-003,10.616628,-61.420142,Mid Upper Caroni,1.71,-0.69,No
3/29/2025 22:00,CR-004,29-03-2025 22-00-00-CR-004,10.609654,-61.395995,Mid Caroni,2.29,-1.43,No
3/29/2025 22:00,CR-005,29-03-2025 22-00-00-CR-005,10.606111,-61.374422,Mid Lower Caroni,2.37,0.77,No
3/29/2025 22:00,CR-006,29-03-2025 22-00-00-CR-006,10.582769,-61.341406,Lower Caroni,1.57,-0.7,No
3/29/2025 22:00,CR-007,29-03-2025 22-00-00-CR-007,10.578663,-61.291224,Caroni Swamp Entrance,1.97,-2.02,No
3/29/2025 22:00,CR-008,29-03-2025 22-00-00-CR-008,10.5799,-61.255061,Caroni River Mouth,3.65,0,No
3/29/2025 23:00,CR-001,29-03-2025 23-00-00-CR-001,10.62038,-61.466257,Caroni Source,3.88,2.18,Yes
3/29/2025 23:00,CR-002,29-03-2025 23-00-00-CR-002,10.617247,-61.43931,Early Caroni,2.06,-0.3,No
3/29/2025 23:00,CR-003,29-03-2025 23-00-00-CR-003,10.616628,-61.420142,Mid Upper Caroni,1.61,-0.1,No
3/29/2025 23:00,CR-004,29-03-2025 23-00-00-CR-004,10.609654,-61.395995,Mid Caroni,3.48,1.19,No
3/29/2025 23:00,CR-005,29-03-2025 23-00-00-CR-005,10.606111,-61.374422,Mid Lower Caroni,3.13,0.76,No
3/29/2025 23:00,CR-006,29-03-2025 23-00-00-CR-006,10.582769,-61.341406,Lower Caroni,2.12,0.55,No
3/29/2025 23:00,CR-007,29-03-2025 23-00-00-CR-007,10.578663,-61.291224,Caroni Swamp Entrance,2.2,0.23,No
3/29/2025 23:00,CR-008,29-03-2025 23-00-00-CR-008,10.5799,-61.255061,Caroni River Mouth,3.01,-0.64,No
3/30/2025 0:00,CR-001,30-03-2025 00-00-00-CR-001,10.62038,-61.466257,Caroni Source,2.43,-1.45,No
3/30/2025 0:00,CR-002,30-03-2025 00-00-00-CR-002,10.617247,-61.43931,Early Caroni,3.91,1.85,Yes
3/30/2025 0:00,CR-003,30-03-2025 00-00-00-CR-003,10.616628,-61.420142,Mid Upper Caroni,3.1,1.49,No
3/30/2025 0:00,CR-004,30-03-2025 00-00-00-CR-004,10.609654,-61.395995,Mid Caroni,2.75,-0.73,No
3/30/2025 0:00,CR-005,30-03-2025 00-00-00-CR-005,10.606111,-61.374422,Mid Lower Caroni,1.77,-1.36,No
3/30/2025 0:00,CR-006,30-03-2025 00-00-00-CR-006,10.582769,-61.341406,Lower Caroni,2.71,0.59,No
3/30/2025 0:00,CR-007,30-03-2025 00-00-00-CR-007,10.578663,-61.291224,Caroni Swamp Entrance,1.59,-0.61,No
3/30/2025 0:00,CR-008,30-03-2025 00-00-00-CR-008,10.5799,-61.255061,Caroni River Mouth,3.4,0.39,No
3/30/2025 1:00,CR-001,30-03-2025 01-00-00-CR-001,10.62038,-61.466257,Caroni Source,2.4,-0.03,No
3/30/2025 1:00,CR-002,30-03-2025 01-00-00-CR-002,10.617247,-61.43931,Early Caroni,2.42,-1.49,No
3/30/2025 1:00,CR-003,30-03-2025 01-00-00-CR-003,10.616628,-61.420142,Mid Upper Caroni,2.88,-0.22,No
3/30/2025 1:00,CR-004,30-03-2025 01-00-00-CR-004,10.609654,-61.395995,Mid Caroni,3.3,0.55,No
3/30/2025 1:00,CR-005,30-03-2025 01-00-00-CR-005,10.606111,-61.374422,Mid Lower Caroni,3.9,2.13,Yes
3/30/2025 1:00,CR-006,30-03-2025 01-00-00-CR-006,10.582769,-61.341406,Lower Caroni,1.54,-1.17,No
3/30/2025 1:00,CR-007,30-03-2025 01-00-00-CR-007,10.578663,-61.291224,Caroni Swamp Entrance,2.68,1.09,No
3/30/2025 1:00,CR-008,30-03-2025 01-00-00-CR-008,10.5799,-61.255061,Caroni River Mouth,3.71,0.31,No
3/30/2025 2:00,CR-001,30-03-2025 02-00-00-CR-001,10.62038,-61.466257,Caroni Source,3.69,1.29,No
3/30/2025 2:00,CR-002,30-03-2025 02-00-00-CR-002,10.617247,-61.43931,Early Caroni,2.38,-0.04,No
3/30/2025 2:00,CR-003,30-03-2025 02-00-00-CR-003,10.616628,-61.420142,Mid Upper Caroni,3.26,0.38,No
3/30/2025 2:00,CR-004,30-03-2025 02-00-00-CR-004,10.609654,-61.395995,Mid Caroni,2.35,-0.95,No
3/30/2025 2:00,CR-005,30-03-2025 02-00-00-CR-005,10.606111,-61.374422,Mid Lower Caroni,3.57,-0.33,No
3/30/2025 2:00,CR-006,30-03-2025 02-00-00-CR-006,10.582769,-61.341406,Lower Caroni,3.51,1.97,No
3/30/2025 2:00,CR-007,30-03-2025 02-00-00-CR-007,10.578663,-61.291224,Caroni Swamp Entrance,2.92,0.24,No
3/30/2025 2:00,CR-008,30-03-2025 02-00-00-CR-008,10.5799,-61.255061,Caroni River Mouth,2.24,-1.47,No
3/30/2025 3:00,CR-001,30-03-2025 03-00-00-CR-001,10.62038,-61.466257,Caroni Source,1.94,-1.75,No
3/30/2025 3:00,CR-002,30-03-2025 03-00-00-CR-002,10.617247,-61.43931,Early Caroni,1.63,-0.75,No
3/30/2025 3:00,CR-003,30-03-2025 03-00-00-CR-003,10.616628,-61.420142,Mid Upper Caroni,2.65,-0.61,No
3/30/2025 3:00,CR-004,30-03-2025 03-00-00-CR-004,10.609654,-61.395995,Mid Caroni,3.54,1.19,No
3/30/2025 3:00,CR-005,30-03-2025 03-00-00-CR-005,10.606111,-61.374422,Mid Lower Caroni,3.68,0.11,No
3/30/2025 3:00,CR-006,30-03-2025 03-00-00-CR-006,10.582769,-61.341406,Lower Caroni,3.47,-0.04,No
3/30/2025 3:00,CR-007,30-03-2025 03-00-00-CR-007,10.578663,-61.291224,Caroni Swamp Entrance,2.2,-0.72,No
3/30/2025 3:00,CR-008,30-03-2025 03-00-00-CR-008,10.5799,-61.255061,Caroni River Mouth,3.81,1.57,Yes
3/30/2025 4:00,CR-001,30-03-2025 04-00-00-CR-001,10.62038,-61.466257,Caroni Source,2.66,0.72,No
3/30/2025 4:00,CR-002,30-03-2025 04-00-00-CR-002,10.617247,-61.43931,Early Caroni,3.02,1.39,No
3/30/2025 4:00,CR-003,30-03-2025 04-00-00-CR-003,10.616628,-61.420142,Mid Upper Caroni,3.11,0.46,No
3/30/2025 4:00,CR-004,30-03-2025 04-00-00-CR-004,10.609654,-61.395995,Mid Caroni,3.23,-0.31,No
3/30/2025 4:00,CR-005,30-03-2025 04-00-00-CR-005,10.606111,-61.374422,Mid Lower Caroni,2.23,-1.45,No
3/30/2025 4:00,CR-006,30-03-2025 04-00-00-CR-006,10.582769,-61.341406,Lower Caroni,3.56,0.09,No
3/30/2025 4:00,CR-007,30-03-2025 04-00-00-CR-007,10.578663,-61.291224,Caroni Swamp Entrance,1.62,-0.58,No
3/30/2025 4:00,CR-008,30-03-2025 04-00-00-CR-008,10.5799,-61.255061,Caroni River Mouth,3.11,-0.7,No
3/30/2025 5:00,CR-001,30-03-2025 05-00-00-CR-001,10.62038,-61.466257,Caroni Source,3.94,1.28,Yes
3/30/2025 5:00,CR-002,30-03-2025 05-00-00-CR-002,10.617247,-61.43931,Early Caroni,2.38,-0.64,No
3/30/2025 5:00,CR-003,30-03-2025 05-00-00-CR-003,10.616628,-61.420142,Mid Upper Caroni,2.95,-0.16,No
3/30/2025 5:00,CR-004,30-03-2025 05-00-00-CR-004,10.609654,-61.395995,Mid Caroni,1.86,-1.37,No
3/30/2025 5:00,CR-005,30-03-2025 05-00-00-CR-005,10.606111,-61.374422,Mid Lower Caroni,2.23,0,No
3/30/2025 5:00,CR-006,30-03-2025 05-00-00-CR-006,10.582769,-61.341406,Lower Caroni,1.71,-1.85,No
3/30/2025 5:00,CR-007,30-03-2025 05-00-00-CR-007,10.578663,-61.291224,Caroni Swamp Entrance,1.69,0.07,No
3/30/2025 5:00,CR-008,30-03-2025 05-00-00-CR-008,10.5799,-61.255061,Caroni River Mouth,3.08,-0.03,No
3/30/2025 6:00,CR-001,30-03-2025 06-00-00-CR-001,10.62038,-61.466257,Caroni Source,2.26,-1.68,No
3/30/2025 6:00,CR-002,30-03-2025 06-00-00-CR-002,10.617247,-61.43931,Early Caroni,3.55,1.17,No
3/30/2025 6:00,CR-003,30-03-2025 06-00-00-CR-003,10.616628,-61.420142,Mid Upper Caroni,2.93,-0.02,No
3/30/2025 6:00,CR-004,30-03-2025 06-00-00-CR-004,10.609654,-61.395995,Mid Caroni,2.38,0.52,No
3/30/2025 6:00,CR-005,30-03-2025 06-00-00-CR-005,10.606111,-61.374422,Mid Lower Caroni,2.55,0.32,No
3/30/2025 6:00,CR-006,30-03-2025 06-00-00-CR-006,10.582769,-61.341406,Lower Caroni,3.57,1.86,No
3/30/2025 6:00,CR-007,30-03-2025 06-00-00-CR-007,10.578663,-61.291224,Caroni Swamp Entrance,3.3,1.61,No
3/30/2025 6:00,CR-008,30-03-2025 06-00-00-CR-008,10.5799,-61.255061,Caroni River Mouth,2.68,-0.4,No
3/30/2025 7:00,CR-001,30-03-2025 07-00-00-CR-001,10.62038,-61.466257,Caroni Source,3.94,1.68,Yes
3/30/2025 7:00,CR-002,30-03-2025 07-00-00-CR-002,10.617247,-61.43931,Early Caroni,2.48,-1.07,No
3/30/2025 7:00,CR-003,30-03-2025 07-00-00-CR-003,10.616628,-61.420142,Mid Upper Caroni,2,-0.93,No
3/30/2025 7:00,CR-004,30-03-2025 07-00-00-CR-004,10.609654,-61.395995,Mid Caroni,2.62,0.24,No
3/30/2025 7:00,CR-005,30-03-2025 07-00-00-CR-005,10.606111,-61.374422,Mid Lower Caroni,1.87,-0.68,No
3/30/2025 7:00,CR-006,30-03-2025 07-00-00-CR-006,10.582769,-61.341406,Lower Caroni,3.39,-0.18,No
3/30/2025 7:00,CR-007,30-03-2025 07-00-00-CR-007,10.578663,-61.291224,Caroni Swamp Entrance,3.15,-0.15,No
3/30/2025 7:00,CR-008,30-03-2025 07-00-00-CR-008,10.5799,-61.255061,Caroni River Mouth,3.2,0.52,No
3/30/2025 8:00,CR-001,30-03-2025 08-00-00-CR-001,10.62038,-61.466257,Caroni Source,2.35,-1.59,No
3/30/2025 8:00,CR-002,30-03-2025 08-00-00-CR-002,10.617247,-61.43931,Early Caroni,2.82,0.34,No
3/30/2025 8:00,CR-003,30-03-2025 08-00-00-CR-003,10.616628,-61.420142,Mid Upper Caroni,2.3,0.3,No
3/30/2025 8:00,CR-004,30-03-2025 08-00-00-CR-004,10.609654,-61.395995,Mid Caroni,2.72,0.1,No
3/30/2025 8:00,CR-005,30-03-2025 08-00-00-CR-005,10.606111,-61.374422,Mid Lower Caroni,2.16,0.29,No
3/30/2025 8:00,CR-006,30-03-2025 08-00-00-CR-006,10.582769,-61.341406,Lower Caroni,3.95,0.56,Yes
3/30/2025 8:00,CR-007,30-03-2025 08-00-00-CR-007,10.578663,-61.291224,Caroni Swamp Entrance,3.14,-0.01,No
3/30/2025 8:00,CR-008,30-03-2025 08-00-00-CR-008,10.5799,-61.255061,Caroni River Mouth,3.72,0.52,No
3/30/2025 9:00,CR-001,30-03-2025 09-00-00-CR-001,10.62038,-61.466257,Caroni Source,3.61,1.26,No
3/30/2025 9:00,CR-002,30-03-2025 09-00-00-CR-002,10.617247,-61.43931,Early Caroni,2.85,0.03,No
3/30/2025 9:00,CR-003,30-03-2025 09-00-00-CR-003,10.616628,-61.420142,Mid Upper Caroni,1.64,-0.66,No
3/30/2025 9:00,CR-004,30-03-2025 09-00-00-CR-004,10.609654,-61.395995,Mid Caroni,1.7,-1.02,No
3/30/2025 9:00,CR-005,30-03-2025 09-00-00-CR-005,10.606111,-61.374422,Mid Lower Caroni,3.63,1.47,No
3/30/2025 9:00,CR-006,30-03-2025 09-00-00-CR-006,10.582769,-61.341406,Lower Caroni,2.89,-1.06,No
3/30/2025 9:00,CR-007,30-03-2025 09-00-00-CR-007,10.578663,-61.291224,Caroni Swamp Entrance,3.48,0.34,No
3/30/2025 9:00,CR-008,30-03-2025 09-00-00-CR-008,10.5799,-61.255061,Caroni River Mouth,1.67,-2.05,No
3/30/2025 10:00,CR-001,30-03-2025 10-00-00-CR-001,10.62038,-61.466257,Caroni Source,2.12,-1.49,No
3/30/2025 10:00,CR-002,30-03-2025 10-00-00-CR-002,10.617247,-61.43931,Early Caroni,2.17,-0.68,No
3/30/2025 10:00,CR-003,30-03-2025 10-00-00-CR-003,10.616628,-61.420142,Mid Upper Caroni,2.9,1.26,No
3/30/2025 10:00,CR-004,30-03-2025 10-00-00-CR-004,10.609654,-61.395995,Mid Caroni,2.28,0.58,No
3/30/2025 10:00,CR-005,30-03-2025 10-00-00-CR-005,10.606111,-61.374422,Mid Lower Caroni,3.95,0.32,Yes
3/30/2025 10:00,CR-006,30-03-2025 10-00-00-CR-006,10.582769,-61.341406,Lower Caroni,1.73,-1.16,No
3/30/2025 10:00,CR-007,30-03-2025 10-00-00-CR-007,10.578663,-61.291224,Caroni Swamp Entrance,3.93,0.45,Yes
3/30/2025 10:00,CR-008,30-03-2025 10-00-00-CR-008,10.5799,-61.255061,Caroni River Mouth,3.09,1.42,No
3/30/2025 11:00,CR-001,30-03-2025 11-00-00-CR-001,10.62038,-61.466257,Caroni Source,3.48,1.36,No
3/30/2025 11:00,CR-002,30-03-2025 11-00-00-CR-002,10.617247,-61.43931,Early Caroni,3.49,1.32,No
3/30/2025 11:00,CR-003,30-03-2025 11-00-00-CR-003,10.616628,-61.420142,Mid Upper Caroni,3.98,1.08,Yes
3/30/2025 11:00,CR-004,30-03-2025 11-00-00-CR-004,10.609654,-61.395995,Mid Caroni,1.77,-0.51,No
3/30/2025 11:00,CR-005,30-03-2025 11-00-00-CR-005,10.606111,-61.374422,Mid Lower Caroni,2.79,-1.16,No
3/30/2025 11:00,CR-006,30-03-2025 11-00-00-CR-006,10.582769,-61.341406,Lower Caroni,2.67,0.94,No
3/30/2025 11:00,CR-007,30-03-2025 11-00-00-CR-007,10.578663,-61.291224,Caroni Swamp Entrance,1.52,-2.41,No
3/30/2025 11:00,CR-008,30-03-2025 11-00-00-CR-008,10.5799,-61.255061,Caroni River Mouth,2.7,-0.39,No
3/30/2025 12:00,CR-001,30-03-2025 12-00-00-CR-001,10.62038,-61.466257,Caroni Source,3.13,-0.35,No
3/30/2025 12:00,CR-002,30-03-2025 12-00-00-CR-002,10.617247,-61.43931,Early Caroni,2.81,-0.68,No
3/30/2025 12:00,CR-003,30-03-2025 12-00-00-CR-003,10.616628,-61.420142,Mid Upper Caroni,1.66,-2.32,No
3/30/2025 12:00,CR-004,30-03-2025 12-00-00-CR-004,10.609654,-61.395995,Mid Caroni,1.58,-0.19,No
3/30/2025 12:00,CR-005,30-03-2025 12-00-00-CR-005,10.606111,-61.374422,Mid Lower Caroni,3.1,0.31,No
3/30/2025 12:00,CR-006,30-03-2025 12-00-00-CR-006,10.582769,-61.341406,Lower Caroni,2.66,-0.01,No
3/30/2025 12:00,CR-007,30-03-2025 12-00-00-CR-007,10.578663,-61.291224,Caroni Swamp Entrance,2.15,0.63,No
3/30/2025 12:00,CR-008,30-03-2025 12-00-00-CR-008,10.5799,-61.255061,Caroni River Mouth,2.76,0.06,No
3/30/2025 13:00,CR-001,30-03-2025 13-00-00-CR-001,10.62038,-61.466257,Caroni Source,2.58,-0.55,No
3/30/2025 13:00,CR-002,30-03-2025 13-00-00-CR-002,10.617247,-61.43931,Early Caroni,3.47,0.66,No
3/30/2025 13:00,CR-003,30-03-2025 13-00-00-CR-003,10.616628,-61.420142,Mid Upper Caroni,2.88,1.22,No
3/30/2025 13:00,CR-004,30-03-2025 13-00-00-CR-004,10.609654,-61.395995,Mid Caroni,3.61,2.03,No
3/30/2025 13:00,CR-005,30-03-2025 13-00-00-CR-005,10.606111,-61.374422,Mid Lower Caroni,2.74,-0.36,No
3/30/2025 13:00,CR-006,30-03-2025 13-00-00-CR-006,10.582769,-61.341406,Lower Caroni,3.57,0.91,No
3/30/2025 13:00,CR-007,30-03-2025 13-00-00-CR-007,10.578663,-61.291224,Caroni Swamp Entrance,3.02,0.87,No
3/30/2025 13:00,CR-008,30-03-2025 13-00-00-CR-008,10.5799,-61.255061,Caroni River Mouth,3.74,0.98,No
3/30/2025 14:00,CR-001,30-03-2025 14-00-00-CR-001,10.62038,-61.466257,Caroni Source,2.11,-0.47,No
3/30/2025 14:00,CR-002,30-03-2025 14-00-00-CR-002,10.617247,-61.43931,Early Caroni,3.24,-0.23,No
3/30/2025 14:00,CR-003,30-03-2025 14-00-00-CR-003,10.616628,-61.420142,Mid Upper Caroni,1.54,-1.34,No
3/30/2025 14:00,CR-004,30-03-2025 14-00-00-CR-004,10.609654,-61.395995,Mid Caroni,1.79,-1.82,No
3/30/2025 14:00,CR-005,30-03-2025 14-00-00-CR-005,10.606111,-61.374422,Mid Lower Caroni,1.6,-1.14,No
3/30/2025 14:00,CR-006,30-03-2025 14-00-00-CR-006,10.582769,-61.341406,Lower Caroni,1.62,-1.95,No
3/30/2025 14:00,CR-007,30-03-2025 14-00-00-CR-007,10.578663,-61.291224,Caroni Swamp Entrance,3.3,0.28,No
3/30/2025 14:00,CR-008,30-03-2025 14-00-00-CR-008,10.5799,-61.255061,Caroni River Mouth,2.91,-0.83,No
3/30/2025 15:00,CR-001,30-03-2025 15-00-00-CR-001,10.62038,-61.466257,Caroni Source,3.63,1.52,No
3/30/2025 15:00,CR-002,30-03-2025 15-00-00-CR-002,10.617247,-61.43931,Early Caroni,2.35,-0.89,No
3/30/2025 15:00,CR-003,30-03-2025 15-00-00-CR-003,10.616628,-61.420142,Mid Upper Caroni,1.95,0.41,No
3/30/2025 15:00,CR-004,30-03-2025 15-00-00-CR-004,10.609654,-61.395995,Mid Caroni,3.45,1.66,No
3/30/2025 15:00,CR-005,30-03-2025 15-00-00-CR-005,10.606111,-61.374422,Mid Lower Caroni,2.59,0.99,No
3/30/2025 15:00,CR-006,30-03-2025 15-00-00-CR-006,10.582769,-61.341406,Lower Caroni,1.88,0.26,No
3/30/2025 15:00,CR-007,30-03-2025 15-00-00-CR-007,10.578663,-61.291224,Caroni Swamp Entrance,3.18,-0.12,No
3/30/2025 15:00,CR-008,30-03-2025 15-00-00-CR-008,10.5799,-61.255061,Caroni River Mouth,3.48,0.57,No
3/30/2025 16:00,CR-001,30-03-2025 16-00-00-CR-001,10.62038,-61.466257,Caroni Source,3.34,-0.29,No
3/30/2025 16:00,CR-002,30-03-2025 16-00-00-CR-002,10.617247,-61.43931,Early Caroni,3.82,1.47,Yes
3/30/2025 16:00,CR-003,30-03-2025 16-00-00-CR-003,10.616628,-61.420142,Mid Upper Caroni,3.95,2,Yes
3/30/2025 16:00,CR-004,30-03-2025 16-00-00-CR-004,10.609654,-61.395995,Mid Caroni,1.78,-1.67,No
3/30/2025 16:00,CR-005,30-03-2025 16-00-00-CR-005,10.606111,-61.374422,Mid Lower Caroni,1.51,-1.08,No
3/30/2025 16:00,CR-006,30-03-2025 16-00-00-CR-006,10.582769,-61.341406,Lower Caroni,3.65,1.77,No
3/30/2025 16:00,CR-007,30-03-2025 16-00-00-CR-007,10.578663,-61.291224,Caroni Swamp Entrance,3.84,0.66,Yes
3/30/2025 16:00,CR-008,30-03-2025 16-00-00-CR-008,10.5799,-61.255061,Caroni River Mouth,3.63,0.15,No
3/30/2025 17:00,CR-001,30-03-2025 17-00-00-CR-001,10.62038,-61.466257,Caroni Source,3.38,0.04,No
3/30/2025 17:00,CR-002,30-03-2025 17-00-00-CR-002,10.617247,-61.43931,Early Caroni,2.31,-1.51,No
3/30/2025 17:00,CR-003,30-03-2025 17-00-00-CR-003,10.616628,-61.420142,Mid Upper Caroni,3.18,-0.77,No
3/30/2025 17:00,CR-004,30-03-2025 17-00-00-CR-004,10.609654,-61.395995,Mid Caroni,3.56,1.78,No
3/30/2025 17:00,CR-005,30-03-2025 17-00-00-CR-005,10.606111,-61.374422,Mid Lower Caroni,2.45,0.94,No
3/30/2025 17:00,CR-006,30-03-2025 17-00-00-CR-006,10.582769,-61.341406,Lower Caroni,2.71,-0.94,No
3/30/2025 17:00,CR-007,30-03-2025 17-00-00-CR-007,10.578663,-61.291224,Caroni Swamp Entrance,2.74,-1.1,No
3/30/2025 17:00,CR-008,30-03-2025 17-00-00-CR-008,10.5799,-61.255061,Caroni River Mouth,3.15,-0.48,No
3/30/2025 18:00,CR-001,30-03-2025 18-00-00-CR-001,10.62038,-61.466257,Caroni Source,2.42,-0.96,No
3/30/2025 18:00,CR-002,30-03-2025 18-00-00-CR-002,10.617247,-61.43931,Early Caroni,3.26,0.95,No
3/30/2025 18:00,CR-003,30-03-2025 18-00-00-CR-003,10.616628,-61.420142,Mid Upper Caroni,1.51,-1.67,No
3/30/2025 18:00,CR-004,30-03-2025 18-00-00-CR-004,10.609654,-61.395995,Mid Caroni,1.56,-2,No
3/30/2025 18:00,CR-005,30-03-2025 18-00-00-CR-005,10.606111,-61.374422,Mid Lower Caroni,3.43,0.98,No
3/30/2025 18:00,CR-006,30-03-2025 18-00-00-CR-006,10.582769,-61.341406,Lower Caroni,3.32,0.61,No
3/30/2025 18:00,CR-007,30-03-2025 18-00-00-CR-007,10.578663,-61.291224,Caroni Swamp Entrance,3.48,0.74,No
3/30/2025 18:00,CR-008,30-03-2025 18-00-00-CR-008,10.5799,-61.255061,Caroni River Mouth,2.55,-0.6,No
3/30/2025 19:00,CR-001,30-03-2025 19-00-00-CR-001,10.62038,-61.466257,Caroni Source,3.23,0.81,No
3/30/2025 19:00,CR-002,30-03-2025 19-00-00-CR-002,10.617247,-61.43931,Early Caroni,3.52,0.26,No
3/30/2025 19:00,CR-003,30-03-2025 19-00-00-CR-003,10.616628,-61.420142,Mid Upper Caroni,2.68,1.17,No
3/30/2025 19:00,CR-004,30-03-2025 19-00-00-CR-004,10.609654,-61.395995,Mid Caroni,1.55,-0.01,No
3/30/2025 19:00,CR-005,30-03-2025 19-00-00-CR-005,10.606111,-61.374422,Mid Lower Caroni,3.9,0.47,Yes
3/30/2025 19:00,CR-006,30-03-2025 19-00-00-CR-006,10.582769,-61.341406,Lower Caroni,3.12,-0.2,No
3/30/2025 19:00,CR-007,30-03-2025 19-00-00-CR-007,10.578663,-61.291224,Caroni Swamp Entrance,3,-0.48,No
3/30/2025 19:00,CR-008,30-03-2025 19-00-00-CR-008,10.5799,-61.255061,Caroni River Mouth,2.74,0.19,No
3/30/2025 20:00,CR-001,30-03-2025 20-00-00-CR-001,10.62038,-61.466257,Caroni Source,2.38,-0.85,No
3/30/2025 20:00,CR-002,30-03-2025 20-00-00-CR-002,10.617247,-61.43931,Early Caroni,3.2,-0.32,No
3/30/2025 20:00,CR-003,30-03-2025 20-00-00-CR-003,10.616628,-61.420142,Mid Upper Caroni,3.52,0.84,No
3/30/2025 20:00,CR-004,30-03-2025 20-00-00-CR-004,10.609654,-61.395995,Mid Caroni,1.78,0.23,No
3/30/2025 20:00,CR-005,30-03-2025 20-00-00-CR-005,10.606111,-61.374422,Mid Lower Caroni,1.88,-2.02,No
3/30/2025 20:00,CR-006,30-03-2025 20-00-00-CR-006,10.582769,-61.341406,Lower Caroni,2.69,-0.43,No
3/30/2025 20:00,CR-007,30-03-2025 20-00-00-CR-007,10.578663,-61.291224,Caroni Swamp Entrance,2.56,-0.44,No
3/30/2025 20:00,CR-008,30-03-2025 20-00-00-CR-008,10.5799,-61.255061,Caroni River Mouth,2.56,-0.18,No
3/30/2025 21:00,CR-001,30-03-2025 21-00-00-CR-001,10.62038,-61.466257,Caroni Source,2.59,0.21,No
3/30/2025 21:00,CR-002,30-03-2025 21-00-00-CR-002,10.617247,-61.43931,Early Caroni,2.37,-0.83,No
3/30/2025 21:00,CR-003,30-03-2025 21-00-00-CR-003,10.616628,-61.420142,Mid Upper Caroni,2.11,-1.41,No
3/30/2025 21:00,CR-004,30-03-2025 21-00-00-CR-004,10.609654,-61.395995,Mid Caroni,2.97,1.19,No
3/30/2025 21:00,CR-005,30-03-2025 21-00-00-CR-005,10.606111,-61.374422,Mid Lower Caroni,3,1.12,No
3/30/2025 21:00,CR-006,30-03-2025 21-00-00-CR-006,10.582769,-61.341406,Lower Caroni,1.95,-0.74,No
3/30/2025 21:00,CR-007,30-03-2025 21-00-00-CR-007,10.578663,-61.291224,Caroni Swamp Entrance,3.09,0.53,No
3/30/2025 21:00,CR-008,30-03-2025 21-00-00-CR-008,10.5799,-61.255061,Caroni River Mouth,3.11,0.55,No
3/30/2025 22:00,CR-001,30-03-2025 22-00-00-CR-001,10.62038,-61.466257,Caroni Source,2.73,0.14,No
3/30/2025 22:00,CR-002,30-03-2025 22-00-00-CR-002,10.617247,-61.43931,Early Caroni,1.69,-0.68,No
3/30/2025 22:00,CR-003,30-03-2025 22-00-00-CR-003,10.616628,-61.420142,Mid Upper Caroni,2.31,0.2,No
3/30/2025 22:00,CR-004,30-03-2025 22-00-00-CR-004,10.609654,-61.395995,Mid Caroni,3.47,0.5,No
3/30/2025 22:00,CR-005,30-03-2025 22-00-00-CR-005,10.606111,-61.374422,Mid Lower Caroni,2.95,-0.05,No
3/30/2025 22:00,CR-006,30-03-2025 22-00-00-CR-006,10.582769,-61.341406,Lower Caroni,2.08,0.13,No
3/30/2025 22:00,CR-007,30-03-2025 22-00-00-CR-007,10.578663,-61.291224,Caroni Swamp Entrance,1.55,-1.54,No
3/30/2025 22:00,CR-008,30-03-2025 22-00-00-CR-008,10.5799,-61.255061,Caroni River Mouth,3.38,0.27,No
3/30/2025 23:00,CR-001,30-03-2025 23-00-00-CR-001,10.62038,-61.466257,Caroni Source,3.79,1.06,No
3/30/2025 23:00,CR-002,30-03-2025 23-00-00-CR-002,10.617247,-61.43931,Early Caroni,1.66,-0.03,No
3/30/2025 23:00,CR-003,30-03-2025 23-00-00-CR-003,10.616628,-61.420142,Mid Upper Caroni,3.36,1.05,No
3/30/2025 23:00,CR-004,30-03-2025 23-00-00-CR-004,10.609654,-61.395995,Mid Caroni,1.55,-1.92,No
3/30/2025 23:00,CR-005,30-03-2025 23-00-00-CR-005,10.606111,-61.374422,Mid Lower Caroni,1.9,-1.05,No
3/30/2025 23:00,CR-006,30-03-2025 23-00-00-CR-006,10.582769,-61.341406,Lower Caroni,2.09,0.01,No
3/30/2025 23:00,CR-007,30-03-2025 23-00-00-CR-007,10.578663,-61.291224,Caroni Swamp Entrance,3.03,1.48,No
3/30/2025 23:00,CR-008,30-03-2025 23-00-00-CR-008,10.5799,-61.255061,Caroni River Mouth,3.92,0.54,Yes
3/31/2025 0:00,CR-001,31-03-2025 00-00-00-CR-001,10.62038,-61.466257,Caroni Source,2.6,-1.19,No
3/31/2025 0:00,CR-002,31-03-2025 00-00-00-CR-002,10.617247,-61.43931,Early Caroni,3.43,1.77,No
3/31/2025 0:00,CR-003,31-03-2025 00-00-00-CR-003,10.616628,-61.420142,Mid Upper Caroni,3.83,0.47,Yes
3/31/2025 0:00,CR-004,31-03-2025 00-00-00-CR-004,10.609654,-61.395995,Mid Caroni,3.67,2.12,No
3/31/2025 0:00,CR-005,31-03-2025 00-00-00-CR-005,10.606111,-61.374422,Mid Lower Caroni,3.13,1.23,No
3/31/2025 0:00,CR-006,31-03-2025 00-00-00-CR-006,10.582769,-61.341406,Lower Caroni,3.43,1.34,No
3/31/2025 0:00,CR-007,31-03-2025 00-00-00-CR-007,10.578663,-61.291224,Caroni Swamp Entrance,3.27,0.24,No
3/31/2025 0:00,CR-008,31-03-2025 00-00-00-CR-008,10.5799,-61.255061,Caroni River Mouth,3.06,-0.86,No
3/31/2025 1:00,CR-001,31-03-2025 01-00-00-CR-001,10.62038,-61.466257,Caroni Source,2.13,-0.47,No
3/31/2025 1:00,CR-002,31-03-2025 01-00-00-CR-002,10.617247,-61.43931,Early Caroni,3.61,0.18,No
3/31/2025 1:00,CR-003,31-03-2025 01-00-00-CR-003,10.616628,-61.420142,Mid Upper Caroni,3.95,0.12,Yes
3/31/2025 1:00,CR-004,31-03-2025 01-00-00-CR-004,10.609654,-61.395995,Mid Caroni,1.88,-1.79,No
3/31/2025 1:00,CR-005,31-03-2025 01-00-00-CR-005,10.606111,-61.374422,Mid Lower Caroni,3.46,0.33,No
3/31/2025 1:00,CR-006,31-03-2025 01-00-00-CR-006,10.582769,-61.341406,Lower Caroni,2.92,-0.51,No
3/31/2025 1:00,CR-007,31-03-2025 01-00-00-CR-007,10.578663,-61.291224,Caroni Swamp Entrance,1.59,-1.68,No
3/31/2025 1:00,CR-008,31-03-2025 01-00-00-CR-008,10.5799,-61.255061,Caroni River Mouth,2.34,-0.72,No
3/31/2025 2:00,CR-001,31-03-2025 02-00-00-CR-001,10.62038,-61.466257,Caroni Source,3.71,1.58,No
3/31/2025 2:00,CR-002,31-03-2025 02-00-00-CR-002,10.617247,-61.43931,Early Caroni,2.56,-1.05,No
3/31/2025 2:00,CR-003,31-03-2025 02-00-00-CR-003,10.616628,-61.420142,Mid Upper Caroni,2.5,-1.45,No
3/31/2025 2:00,CR-004,31-03-2025 02-00-00-CR-004,10.609654,-61.395995,Mid Caroni,3.91,2.03,Yes
3/31/2025 2:00,CR-005,31-03-2025 02-00-00-CR-005,10.606111,-61.374422,Mid Lower Caroni,2.36,-1.1,No
3/31/2025 2:00,CR-006,31-03-2025 02-00-00-CR-006,10.582769,-61.341406,Lower Caroni,3.23,0.31,No
3/31/2025 2:00,CR-007,31-03-2025 02-00-00-CR-007,10.578663,-61.291224,Caroni Swamp Entrance,1.91,0.32,No
3/31/2025 2:00,CR-008,31-03-2025 02-00-00-CR-008,10.5799,-61.255061,Caroni River Mouth,2.63,0.29,No
3/31/2025 3:00,CR-001,31-03-2025 03-00-00-CR-001,10.62038,-61.466257,Caroni Source,3.44,-0.27,No
3/31/2025 3:00,CR-002,31-03-2025 03-00-00-CR-002,10.617247,-61.43931,Early Caroni,3.39,0.83,No
3/31/2025 3:00,CR-003,31-03-2025 03-00-00-CR-003,10.616628,-61.420142,Mid Upper Caroni,2.4,-0.1,No
3/31/2025 3:00,CR-004,31-03-2025 03-00-00-CR-004,10.609654,-61.395995,Mid Caroni,2.83,-1.08,No
3/31/2025 3:00,CR-005,31-03-2025 03-00-00-CR-005,10.606111,-61.374422,Mid Lower Caroni,1.67,-0.69,No
3/31/2025 3:00,CR-006,31-03-2025 03-00-00-CR-006,10.582769,-61.341406,Lower Caroni,3.01,-0.22,No
3/31/2025 3:00,CR-007,31-03-2025 03-00-00-CR-007,10.578663,-61.291224,Caroni Swamp Entrance,3.93,2.02,Yes
3/31/2025 3:00,CR-008,31-03-2025 03-00-00-CR-008,10.5799,-61.255061,Caroni River Mouth,2.5,-0.13,No
3/31/2025 4:00,CR-001,31-03-2025 04-00-00-CR-001,10.62038,-61.466257,Caroni Source,3.67,0.23,No
3/31/2025 4:00,CR-002,31-03-2025 04-00-00-CR-002,10.617247,-61.43931,Early Caroni,3.77,0.38,No
3/31/2025 4:00,CR-003,31-03-2025 04-00-00-CR-003,10.616628,-61.420142,Mid Upper Caroni,3.12,0.72,No
3/31/2025 4:00,CR-004,31-03-2025 04-00-00-CR-004,10.609654,-61.395995,Mid Caroni,3.34,0.51,No
3/31/2025 4:00,CR-005,31-03-2025 04-00-00-CR-005,10.606111,-61.374422,Mid Lower Caroni,2.06,0.39,No
3/31/2025 4:00,CR-006,31-03-2025 04-00-00-CR-006,10.582769,-61.341406,Lower Caroni,2.53,-0.48,No
3/31/2025 4:00,CR-007,31-03-2025 04-00-00-CR-007,10.578663,-61.291224,Caroni Swamp Entrance,2.47,-1.46,No
3/31/2025 4:00,CR-008,31-03-2025 04-00-00-CR-008,10.5799,-61.255061,Caroni River Mouth,2.01,-0.49,No
3/31/2025 5:00,CR-001,31-03-2025 05-00-00-CR-001,10.62038,-61.466257,Caroni Source,3.87,0.2,Yes
3/31/2025 5:00,CR-002,31-03-2025 05-00-00-CR-002,10.617247,-61.43931,Early Caroni,3.37,-0.4,No
3/31/2025 5:00,CR-003,31-03-2025 05-00-00-CR-003,10.616628,-61.420142,Mid Upper Caroni,3.12,0,No
3/31/2025 5:00,CR-004,31-03-2025 05-00-00-CR-004,10.609654,-61.395995,Mid Caroni,2.13,-1.21,No
3/31/2025 5:00,CR-005,31-03-2025 05-00-00-CR-005,10.606111,-61.374422,Mid Lower Caroni,1.59,-0.47,No
3/31/2025 5:00,CR-006,31-03-2025 05-00-00-CR-006,10.582769,-61.341406,Lower Caroni,3.47,0.94,No
3/31/2025 5:00,CR-007,31-03-2025 05-00-00-CR-007,10.578663,-61.291224,Caroni Swamp Entrance,1.91,-0.56,No
3/31/2025 5:00,CR-008,31-03-2025 05-00-00-CR-008,10.5799,-61.255061,Caroni River Mouth,3.23,1.22,No
3/31/2025 6:00,CR-001,31-03-2025 06-00-00-CR-001,10.62038,-61.466257,Caroni Source,3.2,-0.67,No
3/31/2025 6:00,CR-002,31-03-2025 06-00-00-CR-002,10.617247,-61.43931,Early Caroni,3.96,0.59,Yes
3/31/2025 6:00,CR-003,31-03-2025 06-00-00-CR-003,10.616628,-61.420142,Mid Upper Caroni,2.74,-0.38,No
3/31/2025 6:00,CR-004,31-03-2025 06-00-00-CR-004,10.609654,-61.395995,Mid Caroni,2.8,0.67,No
3/31/2025 6:00,CR-005,31-03-2025 06-00-00-CR-005,10.606111,-61.374422,Mid Lower Caroni,3.24,1.65,No
3/31/2025 6:00,CR-006,31-03-2025 06-00-00-CR-006,10.582769,-61.341406,Lower Caroni,1.8,-1.67,No
3/31/2025 6:00,CR-007,31-03-2025 06-00-00-CR-007,10.578663,-61.291224,Caroni Swamp Entrance,2.18,0.27,No
3/31/2025 6:00,CR-008,31-03-2025 06-00-00-CR-008,10.5799,-61.255061,Caroni River Mouth,2.93,-0.3,No
3/31/2025 7:00,CR-001,31-03-2025 07-00-00-CR-001,10.62038,-61.466257,Caroni Source,2.8,-0.4,No
3/31/2025 7:00,CR-002,31-03-2025 07-00-00-CR-002,10.617247,-61.43931,Early Caroni,2.74,-1.22,No
3/31/2025 7:00,CR-003,31-03-2025 07-00-00-CR-003,10.616628,-61.420142,Mid Upper Caroni,2.35,-0.39,No
3/31/2025 7:00,CR-004,31-03-2025 07-00-00-CR-004,10.609654,-61.395995,Mid Caroni,3.81,1.01,Yes
3/31/2025 7:00,CR-005,31-03-2025 07-00-00-CR-005,10.606111,-61.374422,Mid Lower Caroni,3.95,0.71,Yes
3/31/2025 7:00,CR-006,31-03-2025 07-00-00-CR-006,10.582769,-61.341406,Lower Caroni,2.4,0.6,No
3/31/2025 7:00,CR-007,31-03-2025 07-00-00-CR-007,10.578663,-61.291224,Caroni Swamp Entrance,2.81,0.63,No
3/31/2025 7:00,CR-008,31-03-2025 07-00-00-CR-008,10.5799,-61.255061,Caroni River Mouth,3.26,0.33,No
3/31/2025 8:00,CR-001,31-03-2025 08-00-00-CR-001,10.62038,-61.466257,Caroni Source,3,0.2,No
3/31/2025 8:00,CR-002,31-03-2025 08-00-00-CR-002,10.617247,-61.43931,Early Caroni,2.63,-0.11,No
3/31/2025 8:00,CR-003,31-03-2025 08-00-00-CR-003,10.616628,-61.420142,Mid Upper Caroni,2.67,0.32,No
3/31/2025 8:00,CR-004,31-03-2025 08-00-00-CR-004,10.609654,-61.395995,Mid Caroni,3.69,-0.12,No
3/31/2025 8:00,CR-005,31-03-2025 08-00-00-CR-005,10.606111,-61.374422,Mid Lower Caroni,3.68,-0.27,No
3/31/2025 8:00,CR-006,31-03-2025 08-00-00-CR-006,10.582769,-61.341406,Lower Caroni,3.25,0.85,No
3/31/2025 8:00,CR-007,31-03-2025 08-00-00-CR-007,10.578663,-61.291224,Caroni Swamp Entrance,3.88,1.07,Yes
3/31/2025 8:00,CR-008,31-03-2025 08-00-00-CR-008,10.5799,-61.255061,Caroni River Mouth,1.87,-1.39,No
3/31/2025 9:00,CR-001,31-03-2025 09-00-00-CR-001,10.62038,-61.466257,Caroni Source,1.96,-1.04,No
3/31/2025 9:00,CR-002,31-03-2025 09-00-00-CR-002,10.617247,-61.43931,Early Caroni,2.73,0.1,No
3/31/2025 9:00,CR-003,31-03-2025 09-00-00-CR-003,10.616628,-61.420142,Mid Upper Caroni,3.7,1.03,No
3/31/2025 9:00,CR-004,31-03-2025 09-00-00-CR-004,10.609654,-61.395995,Mid Caroni,3.14,-0.55,No
3/31/2025 9:00,CR-005,31-03-2025 09-00-00-CR-005,10.606111,-61.374422,Mid Lower Caroni,1.61,-2.07,No
3/31/2025 9:00,CR-006,31-03-2025 09-00-00-CR-006,10.582769,-61.341406,Lower Caroni,2.87,-0.38,No
3/31/2025 9:00,CR-007,31-03-2025 09-00-00-CR-007,10.578663,-61.291224,Caroni Swamp Entrance,3.87,-0.01,Yes
3/31/2025 9:00,CR-008,31-03-2025 09-00-00-CR-008,10.5799,-61.255061,Caroni River Mouth,2.28,0.41,No
3/31/2025 10:00,CR-001,31-03-2025 10-00-00-CR-001,10.62038,-61.466257,Caroni Source,2.38,0.42,No
3/31/2025 10:00,CR-002,31-03-2025 10-00-00-CR-002,10.617247,-61.43931,Early Caroni,3.29,0.56,No
3/31/2025 10:00,CR-003,31-03-2025 10-00-00-CR-003,10.616628,-61.420142,Mid Upper Caroni,1.83,-1.87,No
3/31/2025 10:00,CR-004,31-03-2025 10-00-00-CR-004,10.609654,-61.395995,Mid Caroni,3.12,-0.02,No
3/31/2025 10:00,CR-005,31-03-2025 10-00-00-CR-005,10.606111,-61.374422,Mid Lower Caroni,2.06,0.45,No
3/31/2025 10:00,CR-006,31-03-2025 10-00-00-CR-006,10.582769,-61.341406,Lower Caroni,3.09,0.22,No
3/31/2025 10:00,CR-007,31-03-2025 10-00-00-CR-007,10.578663,-61.291224,Caroni Swamp Entrance,2.23,-1.64,No
3/31/2025 10:00,CR-008,31-03-2025 10-00-00-CR-008,10.5799,-61.255061,Caroni River Mouth,3.71,1.43,No
3/31/2025 11:00,CR-001,31-03-2025 11-00-00-CR-001,10.62038,-61.466257,Caroni Source,2.37,-0.01,No
3/31/2025 11:00,CR-002,31-03-2025 11-00-00-CR-002,10.617247,-61.43931,Early Caroni,3.98,0.69,Yes
3/31/2025 11:00,CR-003,31-03-2025 11-00-00-CR-003,10.616628,-61.420142,Mid Upper Caroni,1.68,-0.15,No
3/31/2025 11:00,CR-004,31-03-2025 11-00-00-CR-004,10.609654,-61.395995,Mid Caroni,2.3,-0.82,No
3/31/2025 11:00,CR-005,31-03-2025 11-00-00-CR-005,10.606111,-61.374422,Mid Lower Caroni,2.76,0.7,No
3/31/2025 11:00,CR-006,31-03-2025 11-00-00-CR-006,10.582769,-61.341406,Lower Caroni,2.41,-0.68,No
3/31/2025 11:00,CR-007,31-03-2025 11-00-00-CR-007,10.578663,-61.291224,Caroni Swamp Entrance,2.26,0.03,No
3/31/2025 11:00,CR-008,31-03-2025 11-00-00-CR-008,10.5799,-61.255061,Caroni River Mouth,2.33,-1.38,No
3/31/2025 12:00,CR-001,31-03-2025 12-00-00-CR-001,10.62038,-61.466257,Caroni Source,3.26,0.89,No
3/31/2025 12:00,CR-002,31-03-2025 12-00-00-CR-002,10.617247,-61.43931,Early Caroni,2.18,-1.8,No
3/31/2025 12:00,CR-003,31-03-2025 12-00-00-CR-003,10.616628,-61.420142,Mid Upper Caroni,1.75,0.07,No
3/31/2025 12:00,CR-004,31-03-2025 12-00-00-CR-004,10.609654,-61.395995,Mid Caroni,2.59,0.29,No
3/31/2025 12:00,CR-005,31-03-2025 12-00-00-CR-005,10.606111,-61.374422,Mid Lower Caroni,2.89,0.13,No
3/31/2025 12:00,CR-006,31-03-2025 12-00-00-CR-006,10.582769,-61.341406,Lower Caroni,3.32,0.91,No
3/31/2025 12:00,CR-007,31-03-2025 12-00-00-CR-007,10.578663,-61.291224,Caroni Swamp Entrance,3.96,1.7,Yes
3/31/2025 12:00,CR-008,31-03-2025 12-00-00-CR-008,10.5799,-61.255061,Caroni River Mouth,1.89,-0.44,No
3/31/2025 13:00,CR-001,31-03-2025 13-00-00-CR-001,10.62038,-61.466257,Caroni Source,3.51,0.25,No
3/31/2025 13:00,CR-002,31-03-2025 13-00-00-CR-002,10.617247,-61.43931,Early Caroni,2.75,0.57,No
3/31/2025 13:00,CR-003,31-03-2025 13-00-00-CR-003,10.616628,-61.420142,Mid Upper Caroni,3.25,1.5,No
3/31/2025 13:00,CR-004,31-03-2025 13-00-00-CR-004,10.609654,-61.395995,Mid Caroni,3.21,0.62,No
3/31/2025 13:00,CR-005,31-03-2025 13-00-00-CR-005,10.606111,-61.374422,Mid Lower Caroni,2.32,-0.57,No
3/31/2025 13:00,CR-006,31-03-2025 13-00-00-CR-006,10.582769,-61.341406,Lower Caroni,2.33,-0.99,No
3/31/2025 13:00,CR-007,31-03-2025 13-00-00-CR-007,10.578663,-61.291224,Caroni Swamp Entrance,3.33,-0.63,No
3/31/2025 13:00,CR-008,31-03-2025 13-00-00-CR-008,10.5799,-61.255061,Caroni River Mouth,1.52,-0.37,No
3/31/2025 14:00,CR-001,31-03-2025 14-00-00-CR-001,10.62038,-61.466257,Caroni Source,1.81,-1.7,No
3/31/2025 14:00,CR-002,31-03-2025 14-00-00-CR-002,10.617247,-61.43931,Early Caroni,3.24,0.49,No
3/31/2025 14:00,CR-003,31-03-2025 14-00-00-CR-003,10.616628,-61.420142,Mid Upper Caroni,2.59,-0.66,No
3/31/2025 14:00,CR-004,31-03-2025 14-00-00-CR-004,10.609654,-61.395995,Mid Caroni,2.83,-0.38,No
3/31/2025 14:00,CR-005,31-03-2025 14-00-00-CR-005,10.606111,-61.374422,Mid Lower Caroni,2.07,-0.25,No
3/31/2025 14:00,CR-006,31-03-2025 14-00-00-CR-006,10.582769,-61.341406,Lower Caroni,3.98,1.65,Yes
3/31/2025 14:00,CR-007,31-03-2025 14-00-00-CR-007,10.578663,-61.291224,Caroni Swamp Entrance,2.63,-0.7,No
3/31/2025 14:00,CR-008,31-03-2025 14-00-00-CR-008,10.5799,-61.255061,Caroni River Mouth,3.12,1.6,No
3/31/2025 15:00,CR-001,31-03-2025 15-00-00-CR-001,10.62038,-61.466257,Caroni Source,1.56,-0.25,No
3/31/2025 15:00,CR-002,31-03-2025 15-00-00-CR-002,10.617247,-61.43931,Early Caroni,3.45,0.21,No
3/31/2025 15:00,CR-003,31-03-2025 15-00-00-CR-003,10.616628,-61.420142,Mid Upper Caroni,3.41,0.82,No
3/31/2025 15:00,CR-004,31-03-2025 15-00-00-CR-004,10.609654,-61.395995,Mid Caroni,3.36,0.53,No
3/31/2025 15:00,CR-005,31-03-2025 15-00-00-CR-005,10.606111,-61.374422,Mid Lower Caroni,2.95,0.88,No
3/31/2025 15:00,CR-006,31-03-2025 15-00-00-CR-006,10.582769,-61.341406,Lower Caroni,3.25,-0.73,No
3/31/2025 15:00,CR-007,31-03-2025 15-00-00-CR-007,10.578663,-61.291224,Caroni Swamp Entrance,3.13,0.5,No
3/31/2025 15:00,CR-008,31-03-2025 15-00-00-CR-008,10.5799,-61.255061,Caroni River Mouth,2.31,-0.81,No
3/31/2025 16:00,CR-001,31-03-2025 16-00-00-CR-001,10.62038,-61.466257,Caroni Source,2.41,0.85,No
3/31/2025 16:00,CR-002,31-03-2025 16-00-00-CR-002,10.617247,-61.43931,Early Caroni,2.11,-1.34,No
3/31/2025 16:00,CR-003,31-03-2025 16-00-00-CR-003,10.616628,-61.420142,Mid Upper Caroni,1.97,-1.44,No
3/31/2025 16:00,CR-004,31-03-2025 16-00-00-CR-004,10.609654,-61.395995,Mid Caroni,2.52,-0.84,No
3/31/2025 16:00,CR-005,31-03-2025 16-00-00-CR-005,10.606111,-61.374422,Mid Lower Caroni,2.63,-0.32,No
3/31/2025 16:00,CR-006,31-03-2025 16-00-00-CR-006,10.582769,-61.341406,Lower Caroni,3.81,0.56,Yes
3/31/2025 16:00,CR-007,31-03-2025 16-00-00-CR-007,10.578663,-61.291224,Caroni Swamp Entrance,1.97,-1.16,No
3/31/2025 16:00,CR-008,31-03-2025 16-00-00-CR-008,10.5799,-61.255061,Caroni River Mouth,2.45,0.14,No
3/31/2025 17:00,CR-001,31-03-2025 17-00-00-CR-001,10.62038,-61.466257,Caroni Source,3.41,1,No
3/31/2025 17:00,CR-002,31-03-2025 17-00-00-CR-002,10.617247,-61.43931,Early Caroni,3.49,1.38,No
3/31/2025 17:00,CR-003,31-03-2025 17-00-00-CR-003,10.616628,-61.420142,Mid Upper Caroni,2.79,0.82,No
3/31/2025 17:00,CR-004,31-03-2025 17-00-00-CR-004,10.609654,-61.395995,Mid Caroni,2.74,0.22,No
3/31/2025 17:00,CR-005,31-03-2025 17-00-00-CR-005,10.606111,-61.374422,Mid Lower Caroni,3.85,1.22,Yes
3/31/2025 17:00,CR-006,31-03-2025 17-00-00-CR-006,10.582769,-61.341406,Lower Caroni,2.92,-0.89,No
3/31/2025 17:00,CR-007,31-03-2025 17-00-00-CR-007,10.578663,-61.291224,Caroni Swamp Entrance,2.66,0.69,No
3/31/2025 17:00,CR-008,31-03-2025 17-00-00-CR-008,10.5799,-61.255061,Caroni River Mouth,2.35,-0.1,No
3/31/2025 18:00,CR-001,31-03-2025 18-00-00-CR-001,10.62038,-61.466257,Caroni Source,2.21,-1.2,No
3/31/2025 18:00,CR-002,31-03-2025 18-00-00-CR-002,10.617247,-61.43931,Early Caroni,2.55,-0.94,No
3/31/2025 18:00,CR-003,31-03-2025 18-00-00-CR-003,10.616628,-61.420142,Mid Upper Caroni,2.35,-0.44,No
3/31/2025 18:00,CR-004,31-03-2025 18-00-00-CR-004,10.609654,-61.395995,Mid Caroni,2.89,0.15,No
3/31/2025 18:00,CR-005,31-03-2025 18-00-00-CR-005,10.606111,-61.374422,Mid Lower Caroni,2.21,-1.64,No
3/31/2025 18:00,CR-006,31-03-2025 18-00-00-CR-006,10.582769,-61.341406,Lower Caroni,2.61,-0.31,No
3/31/2025 18:00,CR-007,31-03-2025 18-00-00-CR-007,10.578663,-61.291224,Caroni Swamp Entrance,3.55,0.89,No
3/31/2025 18:00,CR-008,31-03-2025 18-00-00-CR-008,10.5799,-61.255061,Caroni River Mouth,3.12,0.77,No
3/31/2025 19:00,CR-001,31-03-2025 19-00-00-CR-001,10.62038,-61.466257,Caroni Source,2.71,0.5,No
3/31/2025 19:00,CR-002,31-03-2025 19-00-00-CR-002,10.617247,-61.43931,Early Caroni,2.97,0.42,No
3/31/2025 19:00,CR-003,31-03-2025 19-00-00-CR-003,10.616628,-61.420142,Mid Upper Caroni,2.01,-0.34,No
3/31/2025 19:00,CR-004,31-03-2025 19-00-00-CR-004,10.609654,-61.395995,Mid Caroni,3.71,0.82,No
3/31/2025 19:00,CR-005,31-03-2025 19-00-00-CR-005,10.606111,-61.374422,Mid Lower Caroni,3.57,1.36,No
3/31/2025 19:00,CR-006,31-03-2025 19-00-00-CR-006,10.582769,-61.341406,Lower Caroni,3.5,0.89,No
3/31/2025 19:00,CR-007,31-03-2025 19-00-00-CR-007,10.578663,-61.291224,Caroni Swamp Entrance,3.76,0.21,No
3/31/2025 19:00,CR-008,31-03-2025 19-00-00-CR-008,10.5799,-61.255061,Caroni River Mouth,1.73,-1.39,No
3/31/2025 20:00,CR-001,31-03-2025 20-00-00-CR-001,10.62038,-61.466257,Caroni Source,2.44,-0.27,No
3/31/2025 20:00,CR-002,31-03-2025 20-00-00-CR-002,10.617247,-61.43931,Early Caroni,2.74,-0.23,No
3/31/2025 20:00,CR-003,31-03-2025 20-00-00-CR-003,10.616628,-61.420142,Mid Upper Caroni,3.38,1.37,No
3/31/2025 20:00,CR-004,31-03-2025 20-00-00-CR-004,10.609654,-61.395995,Mid Caroni,2.1,-1.61,No
3/31/2025 20:00,CR-005,31-03-2025 20-00-00-CR-005,10.606111,-61.374422,Mid Lower Caroni,2.91,-0.66,No
3/31/2025 20:00,CR-006,31-03-2025 20-00-00-CR-006,10.582769,-61.341406,Lower Caroni,3.78,0.28,No
3/31/2025 20:00,CR-007,31-03-2025 20-00-00-CR-007,10.578663,-61.291224,Caroni Swamp Entrance,2.07,-1.69,No
3/31/2025 20:00,CR-008,31-03-2025 20-00-00-CR-008,10.5799,-61.255061,Caroni River Mouth,3.26,1.53,No
3/31/2025 21:00,CR-001,31-03-2025 21-00-00-CR-001,10.62038,-61.466257,Caroni Source,1.94,-0.5,No
3/31/2025 21:00,CR-002,31-03-2025 21-00-00-CR-002,10.617247,-61.43931,Early Caroni,3.71,0.97,No
3/31/2025 21:00,CR-003,31-03-2025 21-00-00-CR-003,10.616628,-61.420142,Mid Upper Caroni,2.91,-0.47,No
3/31/2025 21:00,CR-004,31-03-2025 21-00-00-CR-004,10.609654,-61.395995,Mid Caroni,2.83,0.73,No
3/31/2025 21:00,CR-005,31-03-2025 21-00-00-CR-005,10.606111,-61.374422,Mid Lower Caroni,2.57,-0.34,No
3/31/2025 21:00,CR-006,31-03-2025 21-00-00-CR-006,10.582769,-61.341406,Lower Caroni,3.78,0,No
3/31/2025 21:00,CR-007,31-03-2025 21-00-00-CR-007,10.578663,-61.291224,Caroni Swamp Entrance,3.55,1.48,No
3/31/2025 21:00,CR-008,31-03-2025 21-00-00-CR-008,10.5799,-61.255061,Caroni River Mouth,2.24,-1.02,No
3/31/2025 22:00,CR-001,31-03-2025 22-00-00-CR-001,10.62038,-61.466257,Caroni Source,3.24,1.3,No
3/31/2025 22:00,CR-002,31-03-2025 22-00-00-CR-002,10.617247,-61.43931,Early Caroni,3.67,-0.04,No
3/31/2025 22:00,CR-003,31-03-2025 22-00-00-CR-003,10.616628,-61.420142,Mid Upper Caroni,3.54,0.63,No
3/31/2025 22:00,CR-004,31-03-2025 22-00-00-CR-004,10.609654,-61.395995,Mid Caroni,3.44,0.61,No
3/31/2025 22:00,CR-005,31-03-2025 22-00-00-CR-005,10.606111,-61.374422,Mid Lower Caroni,1.89,-0.68,No
3/31/2025 22:00,CR-006,31-03-2025 22-00-00-CR-006,10.582769,-61.341406,Lower Caroni,2.4,-1.38,No
3/31/2025 22:00,CR-007,31-03-2025 22-00-00-CR-007,10.578663,-61.291224,Caroni Swamp Entrance,1.85,-1.7,No
3/31/2025 22:00,CR-008,31-03-2025 22-00-00-CR-008,10.5799,-61.255061,Caroni River Mouth,2.95,0.71,No
3/31/2025 23:00,CR-001,31-03-2025 23-00-00-CR-001,10.62038,-61.466257,Caroni Source,2.61,-0.63,No
3/31/2025 23:00,CR-002,31-03-2025 23-00-00-CR-002,10.617247,-61.43931,Early Caroni,3.97,0.3,Yes
3/31/2025 23:00,CR-003,31-03-2025 23-00-00-CR-003,10.616628,-61.420142,Mid Upper Caroni,2.9,-0.64,No
3/31/2025 23:00,CR-004,31-03-2025 23-00-00-CR-004,10.609654,-61.395995,Mid Caroni,1.64,-1.8,No
3/31/2025 23:00,CR-005,31-03-2025 23-00-00-CR-005,10.606111,-61.374422,Mid Lower Caroni,3.53,1.64,No
3/31/2025 23:00,CR-006,31-03-2025 23-00-00-CR-006,10.582769,-61.341406,Lower Caroni,1.73,-0.67,No
3/31/2025 23:00,CR-007,31-03-2025 23-00-00-CR-007,10.578663,-61.291224,Caroni Swamp Entrance,3.23,1.38,No
3/31/2025 23:00,CR-008,31-03-2025 23-00-00-CR-008,10.5799,-61.255061,Caroni River Mouth,3.14,0.19,No
