Timestamp,Sensor ID,Time_Sensor_ID,Latitude,Longitude,Location,Predicted Rainfall (mm),Actual Rainfall (mm),Predicted Windspeed (km/h),Actual Windspeed (km/h),Predicted Temperature (°C),Actual Temperature (°C),Predicted Humidity (%),Actual Humidity (%),Predicted Storm,Actual Storm
04/12/2025 9:00,CR-001,2025-04-12 09:00:00-CR-001,10.6406,-61.3994,St. Augustine,0.83,0.8,11,10.5,26.6,26.7,71.1,72,No,No
04/12/2025 9:00,CR-001,2025-04-12 09:00:15-CR-001,10.6406,-61.3994,St. Augustine,0.82,0.79,14.2,13.3,28,27.9,84.7,85.1,No,No
04/12/2025 9:00,CR-001,2025-04-12 09:00:30-CR-001,10.6406,-61.3994,St. Augustine,0.96,1.02,10.9,11,26.8,26.7,83.4,82.2,No,No
04/12/2025 9:00,CR-001,2025-04-12 09:00:45-CR-001,10.6406,-61.3994,St. Augustine,1.11,1.11,13,12.9,27.7,27.9,71.9,71.6,No,No
04/12/2025 9:01,CR-001,2025-04-12 09:01:00-CR-001,10.6406,-61.3994,St. Augustine,0.61,0.63,14.2,13.9,26.6,26.8,81.5,82.7,No,No
04/12/2025 9:01,CR-001,2025-04-12 09:01:15-CR-001,10.6406,-61.3994,St. Augustine,1.3,1.31,14.3,14.7,26.5,26.8,84.5,85,No,No
04/12/2025 9:01,CR-001,2025-04-12 09:01:30-CR-001,10.6406,-61.3994,St. Augustine,1.43,1.48,12.3,11.4,27,27.4,77.7,77.8,No,No
04/12/2025 9:01,CR-001,2025-04-12 09:01:45-CR-001,10.6406,-61.3994,St. Augustine,1.12,1.17,13.5,13.6,26,26.3,70.9,71.2,No,No
04/12/2025 9:02,CR-001,2025-04-12 09:02:00-CR-001,10.6406,-61.3994,St. Augustine,1.49,1.42,10.9,10.8,26.5,26.2,75.9,75,No,No
04/12/2025 9:02,CR-001,2025-04-12 09:02:15-CR-001,10.6406,-61.3994,St. Augustine,1.13,1.12,12.1,11.9,27.4,27.2,73.9,73.1,No,No
04/12/2025 9:02,CR-001,2025-04-12 09:02:30-CR-001,10.6406,-61.3994,St. Augustine,0.86,0.8,10.9,11.2,27.9,28,74.1,72.1,No,No
04/12/2025 9:02,CR-001,2025-04-12 09:02:45-CR-001,10.6406,-61.3994,St. Augustine,1.12,1.06,13.1,14.2,28,28.1,81.8,81.3,No,No
04/12/2025 9:03,CR-001,2025-04-12 09:03:00-CR-001,10.6406,-61.3994,St. Augustine,1.07,1.04,14.1,14,27.7,27.7,80.5,79.1,No,No
04/12/2025 9:03,CR-001,2025-04-12 09:03:15-CR-001,10.6406,-61.3994,St. Augustine,0.51,0.53,11.1,11.1,26.8,27.2,82,80.8,No,No
04/12/2025 9:03,CR-001,2025-04-12 09:03:30-CR-001,10.6406,-61.3994,St. Augustine,1.36,1.39,10.5,10.2,26.7,26.8,77.4,77.4,No,No
04/12/2025 9:03,CR-001,2025-04-12 09:03:45-CR-001,10.6406,-61.3994,St. Augustine,1.08,1.09,10.1,10.5,26.9,26.8,79,79,No,No
04/12/2025 9:04,CR-001,2025-04-12 09:04:00-CR-001,10.6406,-61.3994,St. Augustine,0.59,0.59,13.7,13.6,26.9,26.7,79.7,79.4,No,No
04/12/2025 9:04,CR-001,2025-04-12 09:04:15-CR-001,10.6406,-61.3994,St. Augustine,1.3,1.32,11.3,11.3,26.9,26.6,84.9,83.9,No,No
04/12/2025 9:04,CR-001,2025-04-12 09:04:30-CR-001,10.6406,-61.3994,St. Augustine,0.94,0.92,13.2,13.7,26.1,26.4,84.7,85.4,No,No
04/12/2025 9:04,CR-001,2025-04-12 09:04:45-CR-001,10.6406,-61.3994,St. Augustine,0.65,0.67,10,10.6,27.4,27.4,84.1,85.3,No,No
04/12/2025 9:05,CR-001,2025-04-12 09:05:00-CR-001,10.6406,-61.3994,St. Augustine,1.4,1.38,11.7,11.7,27.4,27.4,84.8,85.2,No,No
04/12/2025 9:05,CR-001,2025-04-12 09:05:15-CR-001,10.6406,-61.3994,St. Augustine,0.68,0.59,10.8,11.5,26.8,27,79.4,77.5,No,No
04/12/2025 9:05,CR-001,2025-04-12 09:05:30-CR-001,10.6406,-61.3994,St. Augustine,1.11,1.14,10.4,9.9,26.4,26.6,81.3,82.9,No,No
04/12/2025 9:05,CR-001,2025-04-12 09:05:45-CR-001,10.6406,-61.3994,St. Augustine,1.05,1.08,10.7,11.5,27.7,27.8,73.8,72.8,No,No
04/12/2025 9:06,CR-001,2025-04-12 09:06:00-CR-001,10.6406,-61.3994,St. Augustine,1.04,0.98,11.1,9.8,26.9,26.7,84.6,83.5,No,No
04/12/2025 9:06,CR-001,2025-04-12 09:06:15-CR-001,10.6406,-61.3994,St. Augustine,1.15,1.16,10.7,11.3,27.5,27.5,70.1,71.8,No,No
04/12/2025 9:06,CR-001,2025-04-12 09:06:30-CR-001,10.6406,-61.3994,St. Augustine,1.34,1.35,11.8,11.7,27,27.6,80.1,81.2,No,No
04/12/2025 9:06,CR-001,2025-04-12 09:06:45-CR-001,10.6406,-61.3994,St. Augustine,0.79,0.78,11.1,10.8,27.2,27.1,79.2,80.1,No,No
04/12/2025 9:07,CR-001,2025-04-12 09:07:00-CR-001,10.6406,-61.3994,St. Augustine,0.79,0.84,13.3,13.1,27.6,27.5,75.4,74.3,No,No
04/12/2025 9:07,CR-001,2025-04-12 09:07:15-CR-001,10.6406,-61.3994,St. Augustine,1.38,1.34,13.8,13.4,26.2,25.9,76.7,74.6,No,No
04/12/2025 9:07,CR-001,2025-04-12 09:07:30-CR-001,10.6406,-61.3994,St. Augustine,1.11,1.09,13.4,14,26.3,26.6,70,69.5,No,No
04/12/2025 9:07,CR-001,2025-04-12 09:07:45-CR-001,10.6406,-61.3994,St. Augustine,1.32,1.23,13,12.2,27.5,27.7,74.4,74.2,Yes,No
04/12/2025 9:08,CR-001,2025-04-12 09:08:00-CR-001,10.6406,-61.3994,St. Augustine,0.75,0.65,10.2,10.9,27.1,27.1,77.9,77,Yes,No
04/12/2025 9:08,CR-001,2025-04-12 09:08:15-CR-001,10.6406,-61.3994,St. Augustine,1.38,1.43,10.3,10.6,27.7,27.8,77,77.4,Yes,No
04/12/2025 9:08,CR-001,2025-04-12 09:08:30-CR-001,10.6406,-61.3994,St. Augustine,1.09,1.12,12.9,13.2,26.4,26.2,83.5,83,Yes,No
04/12/2025 9:08,CR-001,2025-04-12 09:08:45-CR-001,10.6406,-61.3994,St. Augustine,1.27,1.21,13.3,14.2,27.2,27.3,83.2,82.9,Yes,No
04/12/2025 9:09,CR-001,2025-04-12 09:09:00-CR-001,10.6406,-61.3994,St. Augustine,0.66,0.64,14.8,14.9,27.7,27.7,71,72.3,Yes,No
04/12/2025 9:09,CR-001,2025-04-12 09:09:15-CR-001,10.6406,-61.3994,St. Augustine,1.21,1.27,13,12.4,26.1,25.9,70.8,72.4,Yes,No
04/12/2025 9:09,CR-001,2025-04-12 09:09:30-CR-001,10.6406,-61.3994,St. Augustine,0.82,0.82,14.8,15.1,27,26.9,73.7,71.9,Yes,No
04/12/2025 9:09,CR-001,2025-04-12 09:09:45-CR-001,10.6406,-61.3994,St. Augustine,0.66,0.65,12.7,12.9,27.7,27.9,78.2,79.2,Yes,No
04/12/2025 9:10,CR-001,2025-04-12 09:10:00-CR-001,10.6406,-61.3994,St. Augustine,0.73,0.8,11.5,11.9,27.1,26.8,84.7,85.7,Yes,No
04/12/2025 9:10,CR-001,2025-04-12 09:10:15-CR-001,10.6406,-61.3994,St. Augustine,0.94,1.1,14.7,16.9,27.1,27.3,75.7,79.3,Yes,Yes
04/12/2025 9:10,CR-001,2025-04-12 09:10:30-CR-001,10.6406,-61.3994,St. Augustine,0.7,0.79,10.8,12.7,27.5,27.5,84.5,88.4,Yes,Yes
04/12/2025 9:10,CR-001,2025-04-12 09:10:45-CR-001,10.6406,-61.3994,St. Augustine,1.13,1.31,10.1,11.6,27.6,27.1,71.5,77.8,Yes,Yes
04/12/2025 9:11,CR-001,2025-04-12 09:11:00-CR-001,10.6406,-61.3994,St. Augustine,1.44,1.57,10.8,13.5,26.4,26,70.8,76.6,Yes,Yes
04/12/2025 9:11,CR-001,2025-04-12 09:11:15-CR-001,10.6406,-61.3994,St. Augustine,0.6,0.68,13.1,15.4,27,27.1,73.6,77.3,Yes,Yes
04/12/2025 9:11,CR-001,2025-04-12 09:11:30-CR-001,10.6406,-61.3994,St. Augustine,1.33,1.39,12,13.9,26,25.8,72.7,75.5,Yes,Yes
04/12/2025 9:11,CR-001,2025-04-12 09:11:45-CR-001,10.6406,-61.3994,St. Augustine,1.3,1.35,10.5,12.8,26.3,26.2,72.6,78.5,Yes,Yes
04/12/2025 9:12,CR-001,2025-04-12 09:12:00-CR-001,10.6406,-61.3994,St. Augustine,1.42,1.49,13.4,15.2,26.5,26.2,84.2,89.2,Yes,Yes
04/12/2025 9:12,CR-001,2025-04-12 09:12:15-CR-001,10.6406,-61.3994,St. Augustine,1.15,1.21,13.8,15.7,27.1,26.9,76.3,81.3,Yes,Yes
04/12/2025 9:12,CR-001,2025-04-12 09:12:30-CR-001,10.6406,-61.3994,St. Augustine,0.51,0.59,11,12.5,27.5,27.4,71.5,75.4,Yes,Yes
04/12/2025 9:12,CR-001,2025-04-12 09:12:45-CR-001,10.6406,-61.3994,St. Augustine,1.25,1.31,10.1,12.6,28,28.1,82.9,88.3,Yes,Yes
04/12/2025 9:13,CR-001,2025-04-12 09:13:00-CR-001,10.6406,-61.3994,St. Augustine,0.53,0.65,14.6,17,27.9,27.7,71.5,76.2,Yes,Yes
04/12/2025 9:13,CR-001,2025-04-12 09:13:15-CR-001,10.6406,-61.3994,St. Augustine,0.59,0.84,14.4,16.7,27.2,27.1,78.4,85.2,Yes,Yes
04/12/2025 9:13,CR-001,2025-04-12 09:13:30-CR-001,10.6406,-61.3994,St. Augustine,1.23,1.33,14,15.5,26.1,26,83.8,87.4,Yes,Yes
04/12/2025 9:13,CR-001,2025-04-12 09:13:45-CR-001,10.6406,-61.3994,St. Augustine,1.36,1.54,12.4,14.8,27.9,28,75.5,78.9,Yes,Yes
04/12/2025 9:14,CR-001,2025-04-12 09:14:00-CR-001,10.6406,-61.3994,St. Augustine,1.16,1.36,13,14.9,26.8,26.8,70.4,75.5,Yes,Yes
04/12/2025 9:14,CR-001,2025-04-12 09:14:15-CR-001,10.6406,-61.3994,St. Augustine,1.33,1.46,10.7,12,26.5,26.2,76.1,79.9,Yes,Yes
04/12/2025 9:14,CR-001,2025-04-12 09:14:30-CR-001,10.6406,-61.3994,St. Augustine,1.04,1.25,12.6,14.8,27.1,26.8,79.1,84,Yes,Yes
04/12/2025 9:14,CR-001,2025-04-12 09:14:45-CR-001,10.6406,-61.3994,St. Augustine,0.66,0.77,13,14.4,27.3,27.2,80.6,86.8,Yes,Yes
04/12/2025 9:15,CR-001,2025-04-12 09:15:00-CR-001,10.6406,-61.3994,St. Augustine,0.84,0.93,13.5,15.1,28,27.7,74.6,80.1,Yes,Yes
04/12/2025 9:15,CR-001,2025-04-12 09:15:15-CR-001,10.6406,-61.3994,St. Augustine,0.82,0.97,13.5,14.5,27.4,27.2,76.1,80.4,Yes,Yes
04/12/2025 9:15,CR-001,2025-04-12 09:15:30-CR-001,10.6406,-61.3994,St. Augustine,0.62,0.76,10.7,12.3,27.1,26.9,78,82.3,Yes,Yes
04/12/2025 9:15,CR-001,2025-04-12 09:15:45-CR-001,10.6406,-61.3994,St. Augustine,1.48,1.6,14.1,16.9,27.7,27.5,76.9,82.2,Yes,Yes
04/12/2025 9:16,CR-001,2025-04-12 09:16:00-CR-001,10.6406,-61.3994,St. Augustine,1.44,1.54,12.3,14.4,26.8,26.8,71.4,75.8,Yes,Yes
04/12/2025 9:16,CR-001,2025-04-12 09:16:15-CR-001,10.6406,-61.3994,St. Augustine,1.11,1.17,12,13.2,27.6,27.2,80.9,84.9,Yes,Yes
04/12/2025 9:16,CR-001,2025-04-12 09:16:30-CR-001,10.6406,-61.3994,St. Augustine,0.6,0.7,11.3,12.7,27.5,27.4,74.6,79.8,Yes,Yes
04/12/2025 9:16,CR-001,2025-04-12 09:16:45-CR-001,10.6406,-61.3994,St. Augustine,1.16,1.26,12.9,15.2,26,25.7,81.6,86.4,Yes,Yes
04/12/2025 9:17,CR-001,2025-04-12 09:17:00-CR-001,10.6406,-61.3994,St. Augustine,1.25,1.39,13.7,15.7,26.5,26.5,73.3,77.6,Yes,Yes
04/12/2025 9:17,CR-001,2025-04-12 09:17:15-CR-001,10.6406,-61.3994,St. Augustine,0.99,1.19,13.9,15.7,27.1,26.8,81.3,86.3,Yes,Yes
04/12/2025 9:17,CR-001,2025-04-12 09:17:30-CR-001,10.6406,-61.3994,St. Augustine,0.95,1.05,14.8,16.8,27.1,26.7,73.2,77.8,Yes,Yes
04/12/2025 9:17,CR-001,2025-04-12 09:17:45-CR-001,10.6406,-61.3994,St. Augustine,1.2,1.3,10.4,12.4,27.6,27.2,70.9,76.3,Yes,Yes
04/12/2025 9:18,CR-001,2025-04-12 09:18:00-CR-001,10.6406,-61.3994,St. Augustine,0.84,1,14.7,17,27.4,27.4,81,85.5,Yes,Yes
04/12/2025 9:18,CR-001,2025-04-12 09:18:15-CR-001,10.6406,-61.3994,St. Augustine,0.76,0.9,11.1,12.8,27.1,26.6,75.1,80.1,Yes,Yes
04/12/2025 9:18,CR-001,2025-04-12 09:18:30-CR-001,10.6406,-61.3994,St. Augustine,0.61,0.79,10.6,13.2,27.8,28.1,84.5,89.3,Yes,Yes
04/12/2025 9:18,CR-001,2025-04-12 09:18:45-CR-001,10.6406,-61.3994,St. Augustine,0.78,0.91,11.5,13.2,26.9,26.5,73.8,78.7,Yes,Yes
04/12/2025 9:19,CR-001,2025-04-12 09:19:00-CR-001,10.6406,-61.3994,St. Augustine,0.75,0.82,12.6,14.8,26.7,26.6,75.4,80.4,Yes,Yes
04/12/2025 9:19,CR-001,2025-04-12 09:19:15-CR-001,10.6406,-61.3994,St. Augustine,1.19,1.28,14.8,16.1,26.9,26.7,75.9,80.4,Yes,Yes
04/12/2025 9:19,CR-001,2025-04-12 09:19:30-CR-001,10.6406,-61.3994,St. Augustine,1.21,1.25,12.1,13.8,26.5,26.3,78,83.4,Yes,Yes
04/12/2025 9:19,CR-001,2025-04-12 09:19:45-CR-001,10.6406,-61.3994,St. Augustine,0.89,0.9,10.1,11.1,26.6,26.1,74.8,78.2,Yes,Yes
04/12/2025 9:20,CR-001,2025-04-12 09:20:00-CR-001,10.6406,-61.3994,St. Augustine,0.84,0.93,14.4,16.3,26.9,26.8,79.5,84,Yes,Yes
04/12/2025 9:20,CR-001,2025-04-12 09:20:15-CR-001,10.6406,-61.3994,St. Augustine,0.6,0.74,14.3,16.7,27.8,27.5,78.7,84.2,Yes,Yes
04/12/2025 9:20,CR-001,2025-04-12 09:20:30-CR-001,10.6406,-61.3994,St. Augustine,1.06,1.12,13.9,16.1,27.3,27,74.7,80.1,Yes,Yes
04/12/2025 9:20,CR-001,2025-04-12 09:20:45-CR-001,10.6406,-61.3994,St. Augustine,1.42,1.52,13.1,14.7,27.8,27.4,82.5,87.1,Yes,Yes
04/12/2025 9:21,CR-001,2025-04-12 09:21:00-CR-001,10.6406,-61.3994,St. Augustine,1.13,1.11,12.8,15,27.7,27.6,73.8,79.4,Yes,Yes
04/12/2025 9:21,CR-001,2025-04-12 09:21:15-CR-001,10.6406,-61.3994,St. Augustine,1.09,1.29,11.4,13.7,26,25.8,82.8,87.3,Yes,Yes
04/12/2025 9:21,CR-001,2025-04-12 09:21:30-CR-001,10.6406,-61.3994,St. Augustine,1.39,1.46,10.4,12.5,27,27.2,77.2,81.6,Yes,Yes
04/12/2025 9:21,CR-001,2025-04-12 09:21:45-CR-001,10.6406,-61.3994,St. Augustine,1.07,1.17,13.1,14.2,26.6,26.6,70.6,75.1,Yes,Yes
04/12/2025 9:22,CR-001,2025-04-12 09:22:00-CR-001,10.6406,-61.3994,St. Augustine,1.4,1.53,13.9,16.3,27.1,27,70.6,75.1,Yes,Yes
04/12/2025 9:22,CR-001,2025-04-12 09:22:15-CR-001,10.6406,-61.3994,St. Augustine,0.98,1.08,14.6,16.4,27.3,26.8,73.6,78.1,Yes,Yes
04/12/2025 9:22,CR-001,2025-04-12 09:22:30-CR-001,10.6406,-61.3994,St. Augustine,0.91,1.02,13.8,15,27.4,27.3,71.9,75.2,Yes,Yes
04/12/2025 9:22,CR-001,2025-04-12 09:22:45-CR-001,10.6406,-61.3994,St. Augustine,0.95,1.02,11.3,13.5,26.3,26.2,83.9,88.7,Yes,Yes
04/12/2025 9:23,CR-001,2025-04-12 09:23:00-CR-001,10.6406,-61.3994,St. Augustine,1.42,1.48,13.5,15.1,26.1,25.9,82,87.9,Yes,Yes
04/12/2025 9:23,CR-001,2025-04-12 09:23:15-CR-001,10.6406,-61.3994,St. Augustine,0.82,0.96,10.6,12,26.3,26.2,75.1,79.2,Yes,Yes
04/12/2025 9:23,CR-001,2025-04-12 09:23:30-CR-001,10.6406,-61.3994,St. Augustine,1.13,1.3,11.9,14.6,26.6,26.6,80.3,86.9,Yes,Yes
04/12/2025 9:23,CR-001,2025-04-12 09:23:45-CR-001,10.6406,-61.3994,St. Augustine,1.38,1.5,11,13.1,27.4,27.1,70.4,75.8,Yes,Yes
04/12/2025 9:24,CR-001,2025-04-12 09:24:00-CR-001,10.6406,-61.3994,St. Augustine,0.77,0.82,13.2,15,28,27.9,77.3,83.1,Yes,Yes
04/12/2025 9:24,CR-001,2025-04-12 09:24:15-CR-001,10.6406,-61.3994,St. Augustine,1.46,1.57,13.3,15.1,26.6,26.7,84,91.6,Yes,Yes
04/12/2025 9:24,CR-001,2025-04-12 09:24:30-CR-001,10.6406,-61.3994,St. Augustine,1.35,1.53,14.8,16.2,27.7,27.6,84.6,90,Yes,Yes
04/12/2025 9:24,CR-001,2025-04-12 09:24:45-CR-001,10.6406,-61.3994,St. Augustine,0.64,0.73,14.4,16.2,26.3,26,77.5,83.9,Yes,Yes
04/12/2025 9:25,CR-001,2025-04-12 09:25:00-CR-001,10.6406,-61.3994,St. Augustine,0.7,0.77,13.2,14,26.9,26.5,74.8,79.1,Yes,Yes
04/12/2025 9:25,CR-001,2025-04-12 09:25:15-CR-001,10.6406,-61.3994,St. Augustine,0.61,0.7,14.3,16,26.5,26.3,80.3,85.8,Yes,Yes
04/12/2025 9:25,CR-001,2025-04-12 09:25:30-CR-001,10.6406,-61.3994,St. Augustine,0.63,0.76,14,17,26.2,25.8,70.2,73.5,Yes,Yes
04/12/2025 9:25,CR-001,2025-04-12 09:25:45-CR-001,10.6406,-61.3994,St. Augustine,0.95,1.04,10.4,11.8,26.6,26.6,76.7,81.6,Yes,Yes
04/12/2025 9:26,CR-001,2025-04-12 09:26:00-CR-001,10.6406,-61.3994,St. Augustine,1.23,1.34,14.9,15.8,26.2,25.7,75,80.4,Yes,Yes
04/12/2025 9:26,CR-001,2025-04-12 09:26:15-CR-001,10.6406,-61.3994,St. Augustine,0.79,0.96,11.7,14,26.1,26,72.3,77.2,Yes,Yes
04/12/2025 9:26,CR-001,2025-04-12 09:26:30-CR-001,10.6406,-61.3994,St. Augustine,1.16,1.31,10.9,12.6,27.5,27.2,73.8,79.1,Yes,Yes
04/12/2025 9:26,CR-001,2025-04-12 09:26:45-CR-001,10.6406,-61.3994,St. Augustine,0.65,0.73,14.2,16.5,27.6,27.5,76.1,79.7,Yes,Yes
04/12/2025 9:27,CR-001,2025-04-12 09:27:00-CR-001,10.6406,-61.3994,St. Augustine,0.89,0.99,14.6,15.9,27.1,26.8,76.2,81,Yes,Yes
04/12/2025 9:27,CR-001,2025-04-12 09:27:15-CR-001,10.6406,-61.3994,St. Augustine,0.79,0.9,11.5,13.4,26.3,26,84.1,89.3,Yes,Yes
04/12/2025 9:27,CR-001,2025-04-12 09:27:30-CR-001,10.6406,-61.3994,St. Augustine,0.77,0.84,12.1,14,27.1,26.8,74.2,79.7,Yes,Yes
04/12/2025 9:27,CR-001,2025-04-12 09:27:45-CR-001,10.6406,-61.3994,St. Augustine,1.06,1.12,10.2,13,26.8,26.4,70.6,74.6,Yes,Yes
04/12/2025 9:28,CR-001,2025-04-12 09:28:00-CR-001,10.6406,-61.3994,St. Augustine,0.9,1.02,12,14.1,26.2,26.4,73.4,76.8,Yes,Yes
04/12/2025 9:28,CR-001,2025-04-12 09:28:15-CR-001,10.6406,-61.3994,St. Augustine,0.65,0.79,13.1,14.6,26.4,26.3,81.2,84.8,Yes,Yes
04/12/2025 9:28,CR-001,2025-04-12 09:28:30-CR-001,10.6406,-61.3994,St. Augustine,1.47,1.66,11.7,14,27.8,27.7,75.6,81.5,Yes,Yes
04/12/2025 9:28,CR-001,2025-04-12 09:28:45-CR-001,10.6406,-61.3994,St. Augustine,1.13,1.13,12.7,13.4,26.2,25.7,75.9,82.2,Yes,Yes
04/12/2025 9:29,CR-001,2025-04-12 09:29:00-CR-001,10.6406,-61.3994,St. Augustine,1.3,1.41,13.7,16.4,26.5,26,78.1,82.9,Yes,Yes
04/12/2025 9:29,CR-001,2025-04-12 09:29:15-CR-001,10.6406,-61.3994,St. Augustine,1.09,1.19,12.9,14.4,26.4,26,79.3,83,Yes,Yes
04/12/2025 9:29,CR-001,2025-04-12 09:29:30-CR-001,10.6406,-61.3994,St. Augustine,1.48,1.58,11.6,12.7,27.5,27.4,82.3,86.9,Yes,Yes
04/12/2025 9:29,CR-001,2025-04-12 09:29:45-CR-001,10.6406,-61.3994,St. Augustine,0.74,0.92,10.5,12.9,26.1,25.5,84.5,90.7,Yes,Yes
04/12/2025 9:30,CR-001,2025-04-12 09:30:00-CR-001,10.6406,-61.3994,St. Augustine,1.23,1.29,11.6,13.9,26.1,25.9,71.6,78.9,Yes,Yes
04/12/2025 9:00,CR-002,2025-04-12 09:00:00-CR-002,10.5682,-61.3702,Cunupia,1.09,1.04,10.8,11,26.8,27.1,75.1,76.1,No,No
04/12/2025 9:00,CR-002,2025-04-12 09:00:15-CR-002,10.5682,-61.3702,Cunupia,1.43,1.4,14.2,14.5,27.4,27.4,72.1,71.9,No,No
04/12/2025 9:00,CR-002,2025-04-12 09:00:30-CR-002,10.5682,-61.3702,Cunupia,1.01,1.04,12.2,12.4,27.5,27.6,74,72.6,No,No
04/12/2025 9:00,CR-002,2025-04-12 09:00:45-CR-002,10.5682,-61.3702,Cunupia,0.72,0.75,10.4,10.8,27.7,27.6,81,82.4,No,No
04/12/2025 9:01,CR-002,2025-04-12 09:01:00-CR-002,10.5682,-61.3702,Cunupia,0.52,0.49,10.7,11,27.8,28.3,79.3,79.4,No,No
04/12/2025 9:01,CR-002,2025-04-12 09:01:15-CR-002,10.5682,-61.3702,Cunupia,0.91,0.88,13.3,13.4,27.1,27.1,74.8,72.7,No,No
04/12/2025 9:01,CR-002,2025-04-12 09:01:30-CR-002,10.5682,-61.3702,Cunupia,1.08,1.08,12.7,12,27.6,27.9,73.8,75.6,No,No
04/12/2025 9:01,CR-002,2025-04-12 09:01:45-CR-002,10.5682,-61.3702,Cunupia,0.99,0.99,10.8,11,27.2,27.1,78.5,80.1,No,No
04/12/2025 9:02,CR-002,2025-04-12 09:02:00-CR-002,10.5682,-61.3702,Cunupia,1.02,1.03,15,15.6,26.1,26.4,84,84.3,No,No
04/12/2025 9:02,CR-002,2025-04-12 09:02:15-CR-002,10.5682,-61.3702,Cunupia,1.12,1.12,14.3,13.9,26.1,26.2,82.4,82.4,No,No
04/12/2025 9:02,CR-002,2025-04-12 09:02:30-CR-002,10.5682,-61.3702,Cunupia,0.65,0.75,11,11,26.6,26.7,80.7,80.8,No,No
04/12/2025 9:02,CR-002,2025-04-12 09:02:45-CR-002,10.5682,-61.3702,Cunupia,0.78,0.75,13.7,13.9,26.8,26.9,82.3,82,No,No
04/12/2025 9:03,CR-002,2025-04-12 09:03:00-CR-002,10.5682,-61.3702,Cunupia,0.67,0.67,13.4,12.8,26.5,26.5,79.5,81,No,No
04/12/2025 9:03,CR-002,2025-04-12 09:03:15-CR-002,10.5682,-61.3702,Cunupia,0.72,0.66,12.1,10.9,26.6,26.5,73.4,72.5,No,No
04/12/2025 9:03,CR-002,2025-04-12 09:03:30-CR-002,10.5682,-61.3702,Cunupia,0.9,0.87,10.9,10.2,26.9,27.2,78.1,80.1,No,No
04/12/2025 9:03,CR-002,2025-04-12 09:03:45-CR-002,10.5682,-61.3702,Cunupia,0.9,0.86,11,11.1,27.7,27.6,78.2,78,No,No
04/12/2025 9:04,CR-002,2025-04-12 09:04:00-CR-002,10.5682,-61.3702,Cunupia,1.18,1.31,10.1,10.3,26.3,26.2,75.8,77.1,No,No
04/12/2025 9:04,CR-002,2025-04-12 09:04:15-CR-002,10.5682,-61.3702,Cunupia,1.06,1,12.9,13.5,27.4,27.4,75.7,76.5,No,No
04/12/2025 9:04,CR-002,2025-04-12 09:04:30-CR-002,10.5682,-61.3702,Cunupia,1.32,1.3,10.4,10.2,27.8,27.8,75.2,75.5,No,No
04/12/2025 9:04,CR-002,2025-04-12 09:04:45-CR-002,10.5682,-61.3702,Cunupia,0.75,0.69,10.5,10,27.5,27.6,76.6,75.2,No,No
04/12/2025 9:05,CR-002,2025-04-12 09:05:00-CR-002,10.5682,-61.3702,Cunupia,1.35,1.36,10.7,11.1,26.8,26.6,80.3,81.7,No,No
04/12/2025 9:05,CR-002,2025-04-12 09:05:15-CR-002,10.5682,-61.3702,Cunupia,0.73,0.65,13.1,12.7,27.1,26.8,80.5,81.2,No,No
04/12/2025 9:05,CR-002,2025-04-12 09:05:30-CR-002,10.5682,-61.3702,Cunupia,1.14,1.18,11.3,11.4,27,27.1,72.5,72.2,No,No
04/12/2025 9:05,CR-002,2025-04-12 09:05:45-CR-002,10.5682,-61.3702,Cunupia,1.19,1.3,11.7,11.2,26.8,27,73.6,73.9,No,No
04/12/2025 9:06,CR-002,2025-04-12 09:06:00-CR-002,10.5682,-61.3702,Cunupia,1.47,1.53,14.9,14.7,26,26.3,79.9,79.7,No,No
04/12/2025 9:06,CR-002,2025-04-12 09:06:15-CR-002,10.5682,-61.3702,Cunupia,0.82,0.83,12.7,11.1,26.3,26.5,80.1,79.9,No,No
04/12/2025 9:06,CR-002,2025-04-12 09:06:30-CR-002,10.5682,-61.3702,Cunupia,0.95,0.94,14.5,13.3,27.2,27.2,75.4,74.5,No,No
04/12/2025 9:06,CR-002,2025-04-12 09:06:45-CR-002,10.5682,-61.3702,Cunupia,1.31,1.28,11.4,11.1,27.9,27.9,82.4,81.3,No,No
04/12/2025 9:07,CR-002,2025-04-12 09:07:00-CR-002,10.5682,-61.3702,Cunupia,0.59,0.55,12,11.9,27.3,27.6,73.9,72.7,No,No
04/12/2025 9:07,CR-002,2025-04-12 09:07:15-CR-002,10.5682,-61.3702,Cunupia,0.78,0.83,12.7,12.8,27.6,27.5,75,74.9,No,No
04/12/2025 9:07,CR-002,2025-04-12 09:07:30-CR-002,10.5682,-61.3702,Cunupia,1.37,1.28,12.4,12.7,27.5,27.4,82.7,82.3,No,No
04/12/2025 9:07,CR-002,2025-04-12 09:07:45-CR-002,10.5682,-61.3702,Cunupia,1.5,1.5,11.8,11.4,26.6,26.3,70.5,69.3,Yes,No
04/12/2025 9:08,CR-002,2025-04-12 09:08:00-CR-002,10.5682,-61.3702,Cunupia,1.36,1.37,10.2,10.3,27.2,27.2,80.1,81.1,Yes,No
04/12/2025 9:08,CR-002,2025-04-12 09:08:15-CR-002,10.5682,-61.3702,Cunupia,0.68,0.69,13.1,14.1,26.1,26.1,75.2,72.9,Yes,No
04/12/2025 9:08,CR-002,2025-04-12 09:08:30-CR-002,10.5682,-61.3702,Cunupia,1.41,1.42,11.3,11.7,26.5,26.4,77.9,77.5,Yes,No
04/12/2025 9:08,CR-002,2025-04-12 09:08:45-CR-002,10.5682,-61.3702,Cunupia,0.53,0.52,13,12.8,27.1,27.2,71.8,74,Yes,No
04/12/2025 9:09,CR-002,2025-04-12 09:09:00-CR-002,10.5682,-61.3702,Cunupia,0.62,0.58,11.9,11.9,27.5,27.4,72.5,71.7,Yes,No
04/12/2025 9:09,CR-002,2025-04-12 09:09:15-CR-002,10.5682,-61.3702,Cunupia,1.21,1.26,11.8,11.5,27.3,27.2,79,79.8,Yes,No
04/12/2025 9:09,CR-002,2025-04-12 09:09:30-CR-002,10.5682,-61.3702,Cunupia,1.33,1.24,14.5,14.8,26.9,26.9,84.8,84.3,Yes,No
04/12/2025 9:09,CR-002,2025-04-12 09:09:45-CR-002,10.5682,-61.3702,Cunupia,1.16,1.08,14.8,15,26.8,26.7,71.2,69.8,Yes,No
04/12/2025 9:10,CR-002,2025-04-12 09:10:00-CR-002,10.5682,-61.3702,Cunupia,0.84,0.88,10.4,9.8,26.9,27.1,82.5,83.5,Yes,No
04/12/2025 9:10,CR-002,2025-04-12 09:10:15-CR-002,10.5682,-61.3702,Cunupia,0.62,0.75,13.6,16.3,27.5,27.4,80.7,86.9,Yes,Yes
04/12/2025 9:10,CR-002,2025-04-12 09:10:30-CR-002,10.5682,-61.3702,Cunupia,1.04,1.2,13.3,16,27.3,27.3,82.9,88.4,Yes,Yes
04/12/2025 9:10,CR-002,2025-04-12 09:10:45-CR-002,10.5682,-61.3702,Cunupia,0.55,0.64,13.9,15.5,26.7,26.4,82.8,88.9,Yes,Yes
04/12/2025 9:11,CR-002,2025-04-12 09:11:00-CR-002,10.5682,-61.3702,Cunupia,1.26,1.38,13.9,17,27.3,27.4,73.3,79.4,Yes,Yes
04/12/2025 9:11,CR-002,2025-04-12 09:11:15-CR-002,10.5682,-61.3702,Cunupia,1.19,1.42,13.2,16.1,27,27.1,82.9,87.9,Yes,Yes
04/12/2025 9:11,CR-002,2025-04-12 09:11:30-CR-002,10.5682,-61.3702,Cunupia,0.72,0.84,12.6,14.6,27.5,27.3,84.6,89.7,Yes,Yes
04/12/2025 9:11,CR-002,2025-04-12 09:11:45-CR-002,10.5682,-61.3702,Cunupia,1.06,1.2,11,12.5,26.1,25.8,82.1,85.7,Yes,Yes
04/12/2025 9:12,CR-002,2025-04-12 09:12:00-CR-002,10.5682,-61.3702,Cunupia,1.03,1.18,14.7,16.6,26.6,26.5,72,75.5,Yes,Yes
04/12/2025 9:12,CR-002,2025-04-12 09:12:15-CR-002,10.5682,-61.3702,Cunupia,1.18,1.27,14.2,15.7,27.7,27.4,70.9,76.1,Yes,Yes
04/12/2025 9:12,CR-002,2025-04-12 09:12:30-CR-002,10.5682,-61.3702,Cunupia,1.42,1.57,13.1,14.5,26.5,26.1,76.5,80.2,Yes,Yes
04/12/2025 9:12,CR-002,2025-04-12 09:12:45-CR-002,10.5682,-61.3702,Cunupia,0.7,0.8,12,14.2,27.3,27,74.8,79.1,Yes,Yes
04/12/2025 9:13,CR-002,2025-04-12 09:13:00-CR-002,10.5682,-61.3702,Cunupia,1.01,1.06,14.8,16.2,28,28,80.2,86.3,Yes,Yes
04/12/2025 9:13,CR-002,2025-04-12 09:13:15-CR-002,10.5682,-61.3702,Cunupia,1.05,1.15,12.2,14.3,27.8,27.4,71.9,76.6,Yes,Yes
04/12/2025 9:13,CR-002,2025-04-12 09:13:30-CR-002,10.5682,-61.3702,Cunupia,1.46,1.56,10.4,12.8,26.4,26.2,77.2,83.3,Yes,Yes
04/12/2025 9:13,CR-002,2025-04-12 09:13:45-CR-002,10.5682,-61.3702,Cunupia,1.45,1.54,12.2,13.9,26.7,26.6,75.1,81.2,Yes,Yes
04/12/2025 9:14,CR-002,2025-04-12 09:14:00-CR-002,10.5682,-61.3702,Cunupia,0.86,0.93,10.9,12.5,26.5,26.2,72.7,77.5,Yes,Yes
04/12/2025 9:14,CR-002,2025-04-12 09:14:15-CR-002,10.5682,-61.3702,Cunupia,0.82,0.88,11.5,13.9,26.1,26.1,81.5,86,Yes,Yes
04/12/2025 9:14,CR-002,2025-04-12 09:14:30-CR-002,10.5682,-61.3702,Cunupia,1.26,1.38,11.6,13.2,26.7,26.1,75.7,81,Yes,Yes
04/12/2025 9:14,CR-002,2025-04-12 09:14:45-CR-002,10.5682,-61.3702,Cunupia,1.17,1.34,13.5,16.1,27.9,28,76.4,80.4,Yes,Yes
04/12/2025 9:15,CR-002,2025-04-12 09:15:00-CR-002,10.5682,-61.3702,Cunupia,0.57,0.58,10.6,13,26.3,25.9,82.3,87.4,Yes,Yes
04/12/2025 9:15,CR-002,2025-04-12 09:15:15-CR-002,10.5682,-61.3702,Cunupia,0.95,1.07,11.3,13.5,26.3,26.1,78.9,84.2,Yes,Yes
04/12/2025 9:15,CR-002,2025-04-12 09:15:30-CR-002,10.5682,-61.3702,Cunupia,1.37,1.47,11.4,12.8,27.6,27.5,70.4,75.7,Yes,Yes
04/12/2025 9:15,CR-002,2025-04-12 09:15:45-CR-002,10.5682,-61.3702,Cunupia,1.38,1.55,12.1,14.3,26.1,26.2,80.1,84.2,Yes,Yes
04/12/2025 9:16,CR-002,2025-04-12 09:16:00-CR-002,10.5682,-61.3702,Cunupia,1.14,1.33,10.5,12.8,26.8,26.6,72,77.6,Yes,Yes
04/12/2025 9:16,CR-002,2025-04-12 09:16:15-CR-002,10.5682,-61.3702,Cunupia,0.64,0.86,11.4,13.9,27.4,27.1,81.2,85.8,Yes,Yes
04/12/2025 9:16,CR-002,2025-04-12 09:16:30-CR-002,10.5682,-61.3702,Cunupia,1.23,1.39,14.9,16.6,26.7,26.1,74.4,78.7,Yes,Yes
04/12/2025 9:16,CR-002,2025-04-12 09:16:45-CR-002,10.5682,-61.3702,Cunupia,0.77,0.84,10.3,12.6,27.5,27.5,78.2,83.3,Yes,Yes
04/12/2025 9:17,CR-002,2025-04-12 09:17:00-CR-002,10.5682,-61.3702,Cunupia,0.78,0.84,14.5,16.7,27.3,27.1,77.9,83.9,Yes,Yes
04/12/2025 9:17,CR-002,2025-04-12 09:17:15-CR-002,10.5682,-61.3702,Cunupia,1.1,1.19,13.9,15.4,26.5,26.2,80.4,84.6,Yes,Yes
04/12/2025 9:17,CR-002,2025-04-12 09:17:30-CR-002,10.5682,-61.3702,Cunupia,0.68,0.84,13.5,15.1,26.5,26.2,83.7,91.5,Yes,Yes
04/12/2025 9:17,CR-002,2025-04-12 09:17:45-CR-002,10.5682,-61.3702,Cunupia,0.85,0.94,12,14,26.9,26.9,82,87.7,Yes,Yes
04/12/2025 9:18,CR-002,2025-04-12 09:18:00-CR-002,10.5682,-61.3702,Cunupia,0.66,0.73,12.2,14.4,27.9,27.4,72.8,78.5,Yes,Yes
04/12/2025 9:18,CR-002,2025-04-12 09:18:15-CR-002,10.5682,-61.3702,Cunupia,1.07,1.06,11.5,12.5,26.2,26.3,82.2,88,Yes,Yes
04/12/2025 9:18,CR-002,2025-04-12 09:18:30-CR-002,10.5682,-61.3702,Cunupia,0.99,1.13,12.6,14.2,27.3,26.8,83,88,Yes,Yes
04/12/2025 9:18,CR-002,2025-04-12 09:18:45-CR-002,10.5682,-61.3702,Cunupia,1.2,1.33,14.8,17.6,27.8,27.5,83.3,89.2,Yes,Yes
04/12/2025 9:19,CR-002,2025-04-12 09:19:00-CR-002,10.5682,-61.3702,Cunupia,1.49,1.65,10.5,12.8,26.1,25.8,74.7,79,Yes,Yes
04/12/2025 9:19,CR-002,2025-04-12 09:19:15-CR-002,10.5682,-61.3702,Cunupia,1.32,1.41,10.5,12.6,26,26.1,82.1,86.8,Yes,Yes
04/12/2025 9:19,CR-002,2025-04-12 09:19:30-CR-002,10.5682,-61.3702,Cunupia,0.82,0.93,13.6,16.2,27.5,27.3,70,73.4,Yes,Yes
04/12/2025 9:19,CR-002,2025-04-12 09:19:45-CR-002,10.5682,-61.3702,Cunupia,1.15,1.17,12.9,15,27.8,27.7,72.7,79,Yes,Yes
04/12/2025 9:20,CR-002,2025-04-12 09:20:00-CR-002,10.5682,-61.3702,Cunupia,0.64,0.72,11.9,13.7,27.3,27.2,77,79.1,Yes,Yes
04/12/2025 9:20,CR-002,2025-04-12 09:20:15-CR-002,10.5682,-61.3702,Cunupia,1.31,1.42,12.2,13.9,26.1,25.6,79.9,82.8,Yes,Yes
04/12/2025 9:20,CR-002,2025-04-12 09:20:30-CR-002,10.5682,-61.3702,Cunupia,1.25,1.33,14.4,16.4,26.1,25.7,75.2,81.3,Yes,Yes
04/12/2025 9:20,CR-002,2025-04-12 09:20:45-CR-002,10.5682,-61.3702,Cunupia,1.39,1.5,10.4,11.9,26.5,26.2,76.1,81.9,Yes,Yes
04/12/2025 9:21,CR-002,2025-04-12 09:21:00-CR-002,10.5682,-61.3702,Cunupia,1.27,1.38,10.1,12,26.2,25.7,74.2,79.2,Yes,Yes
04/12/2025 9:21,CR-002,2025-04-12 09:21:15-CR-002,10.5682,-61.3702,Cunupia,1,1.09,11.4,13.8,27.3,26.8,84.3,89.2,Yes,Yes
04/12/2025 9:21,CR-002,2025-04-12 09:21:30-CR-002,10.5682,-61.3702,Cunupia,0.94,1.05,13.4,14.9,27.4,27.2,71,74.8,Yes,Yes
04/12/2025 9:21,CR-002,2025-04-12 09:21:45-CR-002,10.5682,-61.3702,Cunupia,0.66,0.65,14.7,16.7,26.7,26.5,78.2,83.3,Yes,Yes
04/12/2025 9:22,CR-002,2025-04-12 09:22:00-CR-002,10.5682,-61.3702,Cunupia,1.3,1.32,12.2,14,26.1,25.7,83.3,87.8,Yes,Yes
04/12/2025 9:22,CR-002,2025-04-12 09:22:15-CR-002,10.5682,-61.3702,Cunupia,0.79,0.82,13,15,26.6,26.7,71.7,75,Yes,Yes
04/12/2025 9:22,CR-002,2025-04-12 09:22:30-CR-002,10.5682,-61.3702,Cunupia,1.24,1.33,10.8,12.9,26.8,26.8,76.5,82.3,Yes,Yes
04/12/2025 9:22,CR-002,2025-04-12 09:22:45-CR-002,10.5682,-61.3702,Cunupia,1.11,1.27,11.2,12.9,27.7,27.8,71.5,77.9,Yes,Yes
04/12/2025 9:23,CR-002,2025-04-12 09:23:00-CR-002,10.5682,-61.3702,Cunupia,0.99,1.04,10.6,11.7,27.9,27.6,78.2,84.4,Yes,Yes
04/12/2025 9:23,CR-002,2025-04-12 09:23:15-CR-002,10.5682,-61.3702,Cunupia,1.14,1.32,11.1,13.8,27.9,27.6,84,89.2,Yes,Yes
04/12/2025 9:23,CR-002,2025-04-12 09:23:30-CR-002,10.5682,-61.3702,Cunupia,0.54,0.69,14.4,15.9,27.1,26.8,78.5,83.8,Yes,Yes
04/12/2025 9:23,CR-002,2025-04-12 09:23:45-CR-002,10.5682,-61.3702,Cunupia,0.78,0.78,13.2,15.2,27.1,27.1,79.2,85.1,Yes,Yes
04/12/2025 9:24,CR-002,2025-04-12 09:24:00-CR-002,10.5682,-61.3702,Cunupia,0.87,1.03,14.7,16.7,26.4,25.9,78,83.8,Yes,Yes
04/12/2025 9:24,CR-002,2025-04-12 09:24:15-CR-002,10.5682,-61.3702,Cunupia,1.47,1.61,14.6,16.5,27.5,27.2,70.1,74.5,Yes,Yes
04/12/2025 9:24,CR-002,2025-04-12 09:24:30-CR-002,10.5682,-61.3702,Cunupia,0.8,0.93,13.2,14.7,27.3,27,71.6,76.7,Yes,Yes
04/12/2025 9:24,CR-002,2025-04-12 09:24:45-CR-002,10.5682,-61.3702,Cunupia,0.68,0.79,12.6,14.3,26.8,26.4,83.9,88.6,Yes,Yes
04/12/2025 9:25,CR-002,2025-04-12 09:25:00-CR-002,10.5682,-61.3702,Cunupia,1.23,1.32,11.8,14.6,28,28.2,82.8,86.4,Yes,Yes
04/12/2025 9:25,CR-002,2025-04-12 09:25:15-CR-002,10.5682,-61.3702,Cunupia,1,0.96,14.3,15.6,26.3,26.3,79.9,85.5,Yes,Yes
04/12/2025 9:25,CR-002,2025-04-12 09:25:30-CR-002,10.5682,-61.3702,Cunupia,0.72,0.83,12.8,15.4,26.7,26.5,72.2,77.2,Yes,Yes
04/12/2025 9:25,CR-002,2025-04-12 09:25:45-CR-002,10.5682,-61.3702,Cunupia,0.6,0.7,13.7,15.6,27.7,27.3,73.4,78.3,Yes,Yes
04/12/2025 9:26,CR-002,2025-04-12 09:26:00-CR-002,10.5682,-61.3702,Cunupia,0.8,0.87,11.6,13.4,27.1,27,75.4,79.4,Yes,Yes
04/12/2025 9:26,CR-002,2025-04-12 09:26:15-CR-002,10.5682,-61.3702,Cunupia,0.85,0.96,14.9,16.5,27.2,26.8,73.7,79.4,Yes,Yes
04/12/2025 9:26,CR-002,2025-04-12 09:26:30-CR-002,10.5682,-61.3702,Cunupia,1.45,1.55,10.5,12.1,27.7,27.6,71.6,76.9,Yes,Yes
04/12/2025 9:26,CR-002,2025-04-12 09:26:45-CR-002,10.5682,-61.3702,Cunupia,0.61,0.71,10.8,12.1,26.7,26.5,80.6,84.4,Yes,Yes
04/12/2025 9:27,CR-002,2025-04-12 09:27:00-CR-002,10.5682,-61.3702,Cunupia,0.65,0.62,11.6,13.6,26.1,26,79.9,85.3,Yes,Yes
04/12/2025 9:27,CR-002,2025-04-12 09:27:15-CR-002,10.5682,-61.3702,Cunupia,0.88,0.94,11.4,13.8,26.7,26.7,83.8,88.5,Yes,Yes
04/12/2025 9:27,CR-002,2025-04-12 09:27:30-CR-002,10.5682,-61.3702,Cunupia,1.08,1.06,10.4,13,27.3,27,73.3,77.4,Yes,Yes
04/12/2025 9:27,CR-002,2025-04-12 09:27:45-CR-002,10.5682,-61.3702,Cunupia,1.09,1.11,11.6,14.1,27.5,27.4,73.3,78.5,Yes,Yes
04/12/2025 9:28,CR-002,2025-04-12 09:28:00-CR-002,10.5682,-61.3702,Cunupia,1.29,1.39,13.8,15.6,26.8,26.8,71.5,76.3,Yes,Yes
04/12/2025 9:28,CR-002,2025-04-12 09:28:15-CR-002,10.5682,-61.3702,Cunupia,1.38,1.44,14.9,16,26.8,27,82.5,85.6,Yes,Yes
04/12/2025 9:28,CR-002,2025-04-12 09:28:30-CR-002,10.5682,-61.3702,Cunupia,1.06,1.1,12.5,14.3,27.8,27.5,77.5,83,Yes,Yes
04/12/2025 9:28,CR-002,2025-04-12 09:28:45-CR-002,10.5682,-61.3702,Cunupia,0.89,1.06,12.1,14.3,27.9,27.8,79.2,83.7,Yes,Yes
04/12/2025 9:29,CR-002,2025-04-12 09:29:00-CR-002,10.5682,-61.3702,Cunupia,0.5,0.54,14.4,15.9,26.7,26.6,76.1,82.5,Yes,Yes
04/12/2025 9:29,CR-002,2025-04-12 09:29:15-CR-002,10.5682,-61.3702,Cunupia,0.69,0.78,13.3,15.1,26.3,25.9,79.4,85.6,Yes,Yes
04/12/2025 9:29,CR-002,2025-04-12 09:29:30-CR-002,10.5682,-61.3702,Cunupia,0.93,0.99,10.4,12,27.1,26.6,71.1,76.9,Yes,Yes
04/12/2025 9:29,CR-002,2025-04-12 09:29:45-CR-002,10.5682,-61.3702,Cunupia,0.76,0.87,14.4,17.5,26.8,26.7,71.1,78.3,Yes,Yes
04/12/2025 9:30,CR-002,2025-04-12 09:30:00-CR-002,10.5682,-61.3702,Cunupia,0.86,0.96,11.7,13.9,27.6,27.5,81.9,85.8,Yes,Yes
04/12/2025 9:00,CR-003,2025-04-12 09:00:00-CR-003,10.5957,-61.3376,Piarco,1.42,1.3,12.6,13.2,27.7,28,76.7,76.1,No,No
04/12/2025 9:00,CR-003,2025-04-12 09:00:15-CR-003,10.5957,-61.3376,Piarco,0.74,0.79,12.1,12.5,27,27.1,81.1,81.4,No,No
04/12/2025 9:00,CR-003,2025-04-12 09:00:30-CR-003,10.5957,-61.3376,Piarco,1.41,1.32,12.1,11.7,27.7,28.1,77.4,78.3,No,No
04/12/2025 9:00,CR-003,2025-04-12 09:00:45-CR-003,10.5957,-61.3376,Piarco,0.52,0.52,14.5,15.1,27.6,27.8,71.3,72.1,No,No
04/12/2025 9:01,CR-003,2025-04-12 09:01:00-CR-003,10.5957,-61.3376,Piarco,0.83,0.83,12.1,12.1,27.1,26.9,81.1,80.9,No,No
04/12/2025 9:01,CR-003,2025-04-12 09:01:15-CR-003,10.5957,-61.3376,Piarco,1.4,1.4,12.2,10.6,27.7,27.8,84.7,85.4,No,No
04/12/2025 9:01,CR-003,2025-04-12 09:01:30-CR-003,10.5957,-61.3376,Piarco,0.86,0.85,10.6,10.5,27.2,27.4,84.7,82.3,No,No
04/12/2025 9:01,CR-003,2025-04-12 09:01:45-CR-003,10.5957,-61.3376,Piarco,0.6,0.67,13.8,14,27.4,27.3,74.4,73.6,No,No
04/12/2025 9:02,CR-003,2025-04-12 09:02:00-CR-003,10.5957,-61.3376,Piarco,0.73,0.78,13.2,13.8,26.2,26.2,79.5,78.7,No,No
04/12/2025 9:02,CR-003,2025-04-12 09:02:15-CR-003,10.5957,-61.3376,Piarco,0.63,0.64,12.3,12.3,26.5,26.3,81.1,80.8,No,No
04/12/2025 9:02,CR-003,2025-04-12 09:02:30-CR-003,10.5957,-61.3376,Piarco,1.08,1.07,11.9,12,26.8,26.9,70.4,69.1,No,No
04/12/2025 9:02,CR-003,2025-04-12 09:02:45-CR-003,10.5957,-61.3376,Piarco,0.56,0.53,15,15.3,26.4,26.6,82.3,83.1,No,No
04/12/2025 9:03,CR-003,2025-04-12 09:03:00-CR-003,10.5957,-61.3376,Piarco,0.89,0.83,13.4,13.2,27.6,27.4,79.1,78.2,No,No
04/12/2025 9:03,CR-003,2025-04-12 09:03:15-CR-003,10.5957,-61.3376,Piarco,1.01,1.02,10.3,10.6,26,25.9,75.5,76.3,No,No
04/12/2025 9:03,CR-003,2025-04-12 09:03:30-CR-003,10.5957,-61.3376,Piarco,1.39,1.35,13,12.6,26.2,26,72.6,73.1,No,No
04/12/2025 9:03,CR-003,2025-04-12 09:03:45-CR-003,10.5957,-61.3376,Piarco,0.53,0.45,10.3,10.6,27.1,27,84,84.5,No,No
04/12/2025 9:04,CR-003,2025-04-12 09:04:00-CR-003,10.5957,-61.3376,Piarco,0.55,0.57,12.7,12.3,26.1,26,71.7,70.6,No,No
04/12/2025 9:04,CR-003,2025-04-12 09:04:15-CR-003,10.5957,-61.3376,Piarco,0.76,0.7,11.4,12,27.8,27.6,70.5,69.7,No,No
04/12/2025 9:04,CR-003,2025-04-12 09:04:30-CR-003,10.5957,-61.3376,Piarco,1.4,1.45,13.4,13.9,27.6,27.3,84.7,84.1,No,No
04/12/2025 9:04,CR-003,2025-04-12 09:04:45-CR-003,10.5957,-61.3376,Piarco,0.69,0.66,10.2,10.2,26.2,26.5,73.8,74.5,No,No
04/12/2025 9:05,CR-003,2025-04-12 09:05:00-CR-003,10.5957,-61.3376,Piarco,0.89,0.91,12.7,12.3,27.5,27.3,70.1,69.4,No,No
04/12/2025 9:05,CR-003,2025-04-12 09:05:15-CR-003,10.5957,-61.3376,Piarco,1.07,1.17,10.8,11.5,26.6,26.6,77.4,78,No,No
04/12/2025 9:05,CR-003,2025-04-12 09:05:30-CR-003,10.5957,-61.3376,Piarco,0.72,0.68,12.4,11.9,26.9,26.7,72.6,71.8,No,No
04/12/2025 9:05,CR-003,2025-04-12 09:05:45-CR-003,10.5957,-61.3376,Piarco,0.87,1.01,13.7,13.9,27.2,27.6,75.2,75.2,No,No
04/12/2025 9:06,CR-003,2025-04-12 09:06:00-CR-003,10.5957,-61.3376,Piarco,1.48,1.46,13.1,13.1,27.6,27.1,81.8,81.4,No,No
04/12/2025 9:06,CR-003,2025-04-12 09:06:15-CR-003,10.5957,-61.3376,Piarco,1.24,1.31,12.7,12.5,26.8,27,71.2,69.7,No,No
04/12/2025 9:06,CR-003,2025-04-12 09:06:30-CR-003,10.5957,-61.3376,Piarco,1.04,1.04,10.9,11.1,27.8,27.6,70.8,70.9,No,No
04/12/2025 9:06,CR-003,2025-04-12 09:06:45-CR-003,10.5957,-61.3376,Piarco,1.09,1.05,10.5,10.4,27.6,27.5,79.6,78.6,No,No
04/12/2025 9:07,CR-003,2025-04-12 09:07:00-CR-003,10.5957,-61.3376,Piarco,0.54,0.51,14.7,15.7,27.7,27.4,79.7,79.1,No,No
04/12/2025 9:07,CR-003,2025-04-12 09:07:15-CR-003,10.5957,-61.3376,Piarco,1.16,1.2,14.2,14.2,26.6,26.5,70,70.6,No,No
04/12/2025 9:07,CR-003,2025-04-12 09:07:30-CR-003,10.5957,-61.3376,Piarco,0.93,0.95,13.2,13.6,28,28.1,70.1,70.4,No,No
04/12/2025 9:07,CR-003,2025-04-12 09:07:45-CR-003,10.5957,-61.3376,Piarco,1.43,1.45,12.8,13.1,27.8,27.8,76,74.9,Yes,No
04/12/2025 9:08,CR-003,2025-04-12 09:08:00-CR-003,10.5957,-61.3376,Piarco,1.08,1.03,11.3,11.3,27.5,27.4,81.6,81.4,Yes,No
04/12/2025 9:08,CR-003,2025-04-12 09:08:15-CR-003,10.5957,-61.3376,Piarco,0.73,0.79,11.8,12.6,27.8,27.8,83,81.4,Yes,No
04/12/2025 9:08,CR-003,2025-04-12 09:08:30-CR-003,10.5957,-61.3376,Piarco,1.39,1.46,11.3,11.2,27.8,27.9,78.7,77.5,Yes,No
04/12/2025 9:08,CR-003,2025-04-12 09:08:45-CR-003,10.5957,-61.3376,Piarco,1.22,1.26,10.9,11.4,27.7,27.5,77.8,77.4,Yes,No
04/12/2025 9:09,CR-003,2025-04-12 09:09:00-CR-003,10.5957,-61.3376,Piarco,1.35,1.4,10.5,9.5,26.8,27,74.4,76.7,Yes,No
04/12/2025 9:09,CR-003,2025-04-12 09:09:15-CR-003,10.5957,-61.3376,Piarco,1.31,1.29,11.6,10.1,27.4,27.5,83.9,84.3,Yes,No
04/12/2025 9:09,CR-003,2025-04-12 09:09:30-CR-003,10.5957,-61.3376,Piarco,0.62,0.57,14.6,14.9,27.9,28.2,83.2,82.8,Yes,No
04/12/2025 9:09,CR-003,2025-04-12 09:09:45-CR-003,10.5957,-61.3376,Piarco,1.47,1.44,13.2,13.4,27.7,27.9,75.4,76.9,Yes,No
04/12/2025 9:10,CR-003,2025-04-12 09:10:00-CR-003,10.5957,-61.3376,Piarco,0.93,0.93,12,11.6,27,26.9,83.5,83.9,Yes,No
04/12/2025 9:10,CR-003,2025-04-12 09:10:15-CR-003,10.5957,-61.3376,Piarco,1.34,1.4,11.5,14.2,27,26.4,77.6,81.6,Yes,Yes
04/12/2025 9:10,CR-003,2025-04-12 09:10:30-CR-003,10.5957,-61.3376,Piarco,1.23,1.31,14.2,17.7,26.7,26.5,72,76.4,Yes,Yes
04/12/2025 9:10,CR-003,2025-04-12 09:10:45-CR-003,10.5957,-61.3376,Piarco,0.64,0.77,12.8,15.1,26.4,26.3,75.6,79.9,Yes,Yes
04/12/2025 9:11,CR-003,2025-04-12 09:11:00-CR-003,10.5957,-61.3376,Piarco,1.27,1.43,13.2,15.3,27.1,26.9,72.9,77.7,Yes,Yes
04/12/2025 9:11,CR-003,2025-04-12 09:11:15-CR-003,10.5957,-61.3376,Piarco,1,1.11,10.6,12.4,27.6,27.4,75.1,79.3,Yes,Yes
04/12/2025 9:11,CR-003,2025-04-12 09:11:30-CR-003,10.5957,-61.3376,Piarco,0.96,0.97,13.8,15.3,27.9,27.6,70.5,74.1,Yes,Yes
04/12/2025 9:11,CR-003,2025-04-12 09:11:45-CR-003,10.5957,-61.3376,Piarco,0.62,0.72,12.4,14.1,27.4,27.3,73.2,76.5,Yes,Yes
04/12/2025 9:12,CR-003,2025-04-12 09:12:00-CR-003,10.5957,-61.3376,Piarco,0.5,0.64,10.1,12.3,26.7,26.2,83.7,90,Yes,Yes
04/12/2025 9:12,CR-003,2025-04-12 09:12:15-CR-003,10.5957,-61.3376,Piarco,1.37,1.5,13.4,16.3,27.5,27.1,80.2,85,Yes,Yes
04/12/2025 9:12,CR-003,2025-04-12 09:12:30-CR-003,10.5957,-61.3376,Piarco,1.22,1.22,11.8,13.4,26.8,26.6,79.7,84.7,Yes,Yes
04/12/2025 9:12,CR-003,2025-04-12 09:12:45-CR-003,10.5957,-61.3376,Piarco,1.17,1.28,10.6,12.7,26,25.8,80.6,83.6,Yes,Yes
04/12/2025 9:13,CR-003,2025-04-12 09:13:00-CR-003,10.5957,-61.3376,Piarco,0.57,0.69,14.9,16.3,27.6,27.2,77.1,82.7,Yes,Yes
04/12/2025 9:13,CR-003,2025-04-12 09:13:15-CR-003,10.5957,-61.3376,Piarco,0.8,0.87,12.5,14.3,26.5,26.2,74.3,79.1,Yes,Yes
04/12/2025 9:13,CR-003,2025-04-12 09:13:30-CR-003,10.5957,-61.3376,Piarco,0.78,0.94,13.4,15.4,27.5,27.2,82.4,88.6,Yes,Yes
04/12/2025 9:13,CR-003,2025-04-12 09:13:45-CR-003,10.5957,-61.3376,Piarco,1.29,1.37,13.7,16,26.4,25.9,75.4,80,Yes,Yes
04/12/2025 9:14,CR-003,2025-04-12 09:14:00-CR-003,10.5957,-61.3376,Piarco,0.63,0.71,11.2,12.6,27.9,27.3,82.1,87.6,Yes,Yes
04/12/2025 9:14,CR-003,2025-04-12 09:14:15-CR-003,10.5957,-61.3376,Piarco,1.16,1.28,14.9,15.3,27.2,26.8,73.7,79,Yes,Yes
04/12/2025 9:14,CR-003,2025-04-12 09:14:30-CR-003,10.5957,-61.3376,Piarco,1.13,1.28,12.1,13.7,26.8,26.7,76.7,82.2,Yes,Yes
04/12/2025 9:14,CR-003,2025-04-12 09:14:45-CR-003,10.5957,-61.3376,Piarco,0.76,0.87,11.2,13,26.3,25.6,78.2,83.5,Yes,Yes
04/12/2025 9:15,CR-003,2025-04-12 09:15:00-CR-003,10.5957,-61.3376,Piarco,1.17,1.25,12.5,13.9,26.3,26.4,83.4,88.2,Yes,Yes
04/12/2025 9:15,CR-003,2025-04-12 09:15:15-CR-003,10.5957,-61.3376,Piarco,0.8,0.92,14.2,15.5,26.3,26.5,83.4,90.2,Yes,Yes
04/12/2025 9:15,CR-003,2025-04-12 09:15:30-CR-003,10.5957,-61.3376,Piarco,1.47,1.54,12.9,14.1,27.2,27,82.6,87.4,Yes,Yes
04/12/2025 9:15,CR-003,2025-04-12 09:15:45-CR-003,10.5957,-61.3376,Piarco,1.41,1.52,10.5,12.2,26.1,26.1,77.9,82.9,Yes,Yes
04/12/2025 9:16,CR-003,2025-04-12 09:16:00-CR-003,10.5957,-61.3376,Piarco,0.86,0.91,10.9,12.9,27.4,27.1,74.4,79,Yes,Yes
04/12/2025 9:16,CR-003,2025-04-12 09:16:15-CR-003,10.5957,-61.3376,Piarco,1.13,1.22,11.7,13.7,26.7,26.2,76.4,79.4,Yes,Yes
04/12/2025 9:16,CR-003,2025-04-12 09:16:30-CR-003,10.5957,-61.3376,Piarco,0.55,0.64,13.3,15.6,27.6,27.6,77.5,83.2,Yes,Yes
04/12/2025 9:16,CR-003,2025-04-12 09:16:45-CR-003,10.5957,-61.3376,Piarco,1,1.14,14.2,16.1,27.6,27.4,70.3,76.7,Yes,Yes
04/12/2025 9:17,CR-003,2025-04-12 09:17:00-CR-003,10.5957,-61.3376,Piarco,0.51,0.62,11.4,13.4,26.8,26.4,70.4,77.1,Yes,Yes
04/12/2025 9:17,CR-003,2025-04-12 09:17:15-CR-003,10.5957,-61.3376,Piarco,0.89,1,14.3,16.1,26.7,26.5,77.5,84.6,Yes,Yes
04/12/2025 9:17,CR-003,2025-04-12 09:17:30-CR-003,10.5957,-61.3376,Piarco,1.09,1.2,12.9,14.4,27.7,27.2,78.3,83.1,Yes,Yes
04/12/2025 9:17,CR-003,2025-04-12 09:17:45-CR-003,10.5957,-61.3376,Piarco,0.53,0.61,12.4,13.6,26.8,26.4,70.9,75.9,Yes,Yes
04/12/2025 9:18,CR-003,2025-04-12 09:18:00-CR-003,10.5957,-61.3376,Piarco,1.32,1.49,10.4,12.6,27.2,27.1,80.5,86.5,Yes,Yes
04/12/2025 9:18,CR-003,2025-04-12 09:18:15-CR-003,10.5957,-61.3376,Piarco,0.99,1.05,12.7,14.8,27.7,27.5,77.9,83.2,Yes,Yes
04/12/2025 9:18,CR-003,2025-04-12 09:18:30-CR-003,10.5957,-61.3376,Piarco,0.65,0.76,14.3,15.7,27.4,27.2,71.1,77.2,Yes,Yes
04/12/2025 9:18,CR-003,2025-04-12 09:18:45-CR-003,10.5957,-61.3376,Piarco,1.15,1.24,11.1,12.1,26.9,26.6,81.6,84.8,Yes,Yes
04/12/2025 9:19,CR-003,2025-04-12 09:19:00-CR-003,10.5957,-61.3376,Piarco,0.85,0.9,14.5,17,27.5,27.3,76.6,81.1,Yes,Yes
04/12/2025 9:19,CR-003,2025-04-12 09:19:15-CR-003,10.5957,-61.3376,Piarco,0.61,0.75,12.5,15.4,26.8,26.6,72.5,76.9,Yes,Yes
04/12/2025 9:19,CR-003,2025-04-12 09:19:30-CR-003,10.5957,-61.3376,Piarco,0.69,0.86,11.5,12,27.7,28.1,73.5,78,Yes,Yes
04/12/2025 9:19,CR-003,2025-04-12 09:19:45-CR-003,10.5957,-61.3376,Piarco,1.06,1.11,12.5,15.1,26.6,26.6,72,76.4,Yes,Yes
04/12/2025 9:20,CR-003,2025-04-12 09:20:00-CR-003,10.5957,-61.3376,Piarco,1.47,1.55,14.4,15.4,27.1,27,72.2,77.1,Yes,Yes
04/12/2025 9:20,CR-003,2025-04-12 09:20:15-CR-003,10.5957,-61.3376,Piarco,1.08,1.14,14.2,16.3,27.3,27.5,84.7,90,Yes,Yes
04/12/2025 9:20,CR-003,2025-04-12 09:20:30-CR-003,10.5957,-61.3376,Piarco,0.55,0.65,11.5,13.6,27.9,27.8,70.1,77.2,Yes,Yes
04/12/2025 9:20,CR-003,2025-04-12 09:20:45-CR-003,10.5957,-61.3376,Piarco,0.72,0.76,13.3,15.4,26.4,26,74.5,79.4,Yes,Yes
04/12/2025 9:21,CR-003,2025-04-12 09:21:00-CR-003,10.5957,-61.3376,Piarco,1.21,1.24,14.8,16.2,26.9,26.6,74.5,79.8,Yes,Yes
04/12/2025 9:21,CR-003,2025-04-12 09:21:15-CR-003,10.5957,-61.3376,Piarco,0.63,0.74,14,15.8,27.3,27.1,84.6,89.9,Yes,Yes
04/12/2025 9:21,CR-003,2025-04-12 09:21:30-CR-003,10.5957,-61.3376,Piarco,0.87,1,10.1,11.8,27.9,27.6,71.2,75.2,Yes,Yes
04/12/2025 9:21,CR-003,2025-04-12 09:21:45-CR-003,10.5957,-61.3376,Piarco,1.22,1.28,12.8,14.2,26.4,25.7,78.6,83,Yes,Yes
04/12/2025 9:22,CR-003,2025-04-12 09:22:00-CR-003,10.5957,-61.3376,Piarco,1.37,1.45,10.6,11.9,27.3,27.1,76.9,80.3,Yes,Yes
04/12/2025 9:22,CR-003,2025-04-12 09:22:15-CR-003,10.5957,-61.3376,Piarco,0.99,1.14,13,14.5,27.3,27,82,87.3,Yes,Yes
04/12/2025 9:22,CR-003,2025-04-12 09:22:30-CR-003,10.5957,-61.3376,Piarco,1.12,1.16,10.6,13.7,26.2,26.2,77.3,82.4,Yes,Yes
04/12/2025 9:22,CR-003,2025-04-12 09:22:45-CR-003,10.5957,-61.3376,Piarco,0.82,0.96,11,11.8,26.2,25.6,82.9,87.5,Yes,Yes
04/12/2025 9:23,CR-003,2025-04-12 09:23:00-CR-003,10.5957,-61.3376,Piarco,0.69,0.72,10.1,11.7,27,26.8,83.1,88.9,Yes,Yes
04/12/2025 9:23,CR-003,2025-04-12 09:23:15-CR-003,10.5957,-61.3376,Piarco,0.71,0.79,14.4,16,27.7,27.9,75.4,79.5,Yes,Yes
04/12/2025 9:23,CR-003,2025-04-12 09:23:30-CR-003,10.5957,-61.3376,Piarco,1.29,1.47,11,12.7,27.7,27.7,83.4,88.9,Yes,Yes
04/12/2025 9:23,CR-003,2025-04-12 09:23:45-CR-003,10.5957,-61.3376,Piarco,0.93,1.03,10.1,10.8,26.2,26,74.7,78.5,Yes,Yes
04/12/2025 9:24,CR-003,2025-04-12 09:24:00-CR-003,10.5957,-61.3376,Piarco,1.39,1.5,12.1,13.8,26.9,26.7,79.7,85.2,Yes,Yes
04/12/2025 9:24,CR-003,2025-04-12 09:24:15-CR-003,10.5957,-61.3376,Piarco,1.23,1.31,13.4,14.9,27,26.6,73.2,79.6,Yes,Yes
04/12/2025 9:24,CR-003,2025-04-12 09:24:30-CR-003,10.5957,-61.3376,Piarco,0.51,0.51,11.3,13.1,26.1,26.2,74.4,80.1,Yes,Yes
04/12/2025 9:24,CR-003,2025-04-12 09:24:45-CR-003,10.5957,-61.3376,Piarco,1.5,1.58,11.4,13.4,26.3,25.8,80.1,85.3,Yes,Yes
04/12/2025 9:25,CR-003,2025-04-12 09:25:00-CR-003,10.5957,-61.3376,Piarco,1.15,1.34,13.5,15.7,26.3,25.8,77.8,81.6,Yes,Yes
04/12/2025 9:25,CR-003,2025-04-12 09:25:15-CR-003,10.5957,-61.3376,Piarco,1.25,1.36,14.6,16.6,27.7,27.5,78.6,85.1,Yes,Yes
04/12/2025 9:25,CR-003,2025-04-12 09:25:30-CR-003,10.5957,-61.3376,Piarco,0.92,1.03,12.5,15.4,27.3,27,73.7,76.8,Yes,Yes
04/12/2025 9:25,CR-003,2025-04-12 09:25:45-CR-003,10.5957,-61.3376,Piarco,0.86,1,10.9,12.5,27.9,27.6,80.2,85.5,Yes,Yes
04/12/2025 9:26,CR-003,2025-04-12 09:26:00-CR-003,10.5957,-61.3376,Piarco,1.38,1.51,10.4,12.8,28,27.4,72.6,78.1,Yes,Yes
04/12/2025 9:26,CR-003,2025-04-12 09:26:15-CR-003,10.5957,-61.3376,Piarco,0.58,0.79,11.8,14,27.1,27.1,70.8,76.1,Yes,Yes
04/12/2025 9:26,CR-003,2025-04-12 09:26:30-CR-003,10.5957,-61.3376,Piarco,0.89,0.98,13.1,16.1,26.5,26.2,73.5,78.2,Yes,Yes
04/12/2025 9:26,CR-003,2025-04-12 09:26:45-CR-003,10.5957,-61.3376,Piarco,0.67,0.81,14.8,16.5,26,26,80.8,86.8,Yes,Yes
04/12/2025 9:27,CR-003,2025-04-12 09:27:00-CR-003,10.5957,-61.3376,Piarco,0.67,0.69,11.9,14.3,26,25.9,83,87.6,Yes,Yes
04/12/2025 9:27,CR-003,2025-04-12 09:27:15-CR-003,10.5957,-61.3376,Piarco,1.2,1.35,13.3,14.9,26.1,26,79.3,82.9,Yes,Yes
04/12/2025 9:27,CR-003,2025-04-12 09:27:30-CR-003,10.5957,-61.3376,Piarco,0.57,0.77,13.8,16.1,27.3,26.9,78,82.2,Yes,Yes
04/12/2025 9:27,CR-003,2025-04-12 09:27:45-CR-003,10.5957,-61.3376,Piarco,0.67,0.75,10.8,12.2,26.7,26.3,81.8,86.4,Yes,Yes
04/12/2025 9:28,CR-003,2025-04-12 09:28:00-CR-003,10.5957,-61.3376,Piarco,0.54,0.64,12.1,14.3,26.6,26.9,78.4,84,Yes,Yes
04/12/2025 9:28,CR-003,2025-04-12 09:28:15-CR-003,10.5957,-61.3376,Piarco,1.21,1.31,10.5,12.2,26.3,26,84.8,89.9,Yes,Yes
04/12/2025 9:28,CR-003,2025-04-12 09:28:30-CR-003,10.5957,-61.3376,Piarco,0.86,0.94,12.9,15,27.5,27.7,75,80,Yes,Yes
04/12/2025 9:28,CR-003,2025-04-12 09:28:45-CR-003,10.5957,-61.3376,Piarco,1.01,1.19,14.9,17.1,26.8,26.7,71.1,77.1,Yes,Yes
04/12/2025 9:29,CR-003,2025-04-12 09:29:00-CR-003,10.5957,-61.3376,Piarco,1.16,1.21,11.1,12.9,27.8,27.5,77.3,81.4,Yes,Yes
04/12/2025 9:29,CR-003,2025-04-12 09:29:15-CR-003,10.5957,-61.3376,Piarco,1,1.11,14,17.1,27.9,27.9,77.5,81.3,Yes,Yes
04/12/2025 9:29,CR-003,2025-04-12 09:29:30-CR-003,10.5957,-61.3376,Piarco,0.71,0.81,11.8,14.3,27,26.6,76,80.1,Yes,Yes
04/12/2025 9:29,CR-003,2025-04-12 09:29:45-CR-003,10.5957,-61.3376,Piarco,0.51,0.61,13.6,15.7,26.5,26.3,77,82.1,Yes,Yes
04/12/2025 9:30,CR-003,2025-04-12 09:30:00-CR-003,10.5957,-61.3376,Piarco,1.25,1.36,12.5,14.1,27.5,27.2,78.7,84.8,Yes,Yes
04/12/2025 9:00,CR-004,2025-04-12 09:00:00-CR-004,10.5989,-61.3222,St. Helena,0.95,0.97,14.4,14.8,26,25.8,70.7,69.9,No,No
04/12/2025 9:00,CR-004,2025-04-12 09:00:15-CR-004,10.5989,-61.3222,St. Helena,1.42,1.44,13.1,13.5,26.4,26.3,75.5,77.3,No,No
04/12/2025 9:00,CR-004,2025-04-12 09:00:30-CR-004,10.5989,-61.3222,St. Helena,0.95,1.05,14.9,14.7,26.8,26.7,77.3,78.1,No,No
04/12/2025 9:00,CR-004,2025-04-12 09:00:45-CR-004,10.5989,-61.3222,St. Helena,1.34,1.4,12,11.7,26.8,27,82.3,82.3,No,No
04/12/2025 9:01,CR-004,2025-04-12 09:01:00-CR-004,10.5989,-61.3222,St. Helena,1.03,0.98,10.9,10.8,26.7,26.7,74.1,74.3,No,No
04/12/2025 9:01,CR-004,2025-04-12 09:01:15-CR-004,10.5989,-61.3222,St. Helena,0.9,0.87,14.1,14.8,27.4,27.8,71.7,70.6,No,No
04/12/2025 9:01,CR-004,2025-04-12 09:01:30-CR-004,10.5989,-61.3222,St. Helena,1.02,1.01,11.7,12.2,27.8,27.8,76.6,77.9,No,No
04/12/2025 9:01,CR-004,2025-04-12 09:01:45-CR-004,10.5989,-61.3222,St. Helena,0.54,0.57,13.2,13.9,27,26.8,83.4,85,No,No
04/12/2025 9:02,CR-004,2025-04-12 09:02:00-CR-004,10.5989,-61.3222,St. Helena,1.25,1.22,12.6,12.9,27.4,27.8,78.2,76.3,No,No
04/12/2025 9:02,CR-004,2025-04-12 09:02:15-CR-004,10.5989,-61.3222,St. Helena,1.04,1,13.1,13.1,27,26.7,71.8,73,No,No
04/12/2025 9:02,CR-004,2025-04-12 09:02:30-CR-004,10.5989,-61.3222,St. Helena,0.92,0.9,14.3,14.9,26.1,26.3,84.1,85.5,No,No
04/12/2025 9:02,CR-004,2025-04-12 09:02:45-CR-004,10.5989,-61.3222,St. Helena,1.37,1.34,10.5,10.5,26.6,26.2,79.1,79.8,No,No
04/12/2025 9:03,CR-004,2025-04-12 09:03:00-CR-004,10.5989,-61.3222,St. Helena,1.42,1.44,14.6,15.1,26.2,26.4,80.2,76.9,No,No
04/12/2025 9:03,CR-004,2025-04-12 09:03:15-CR-004,10.5989,-61.3222,St. Helena,1.21,1.22,11.8,11.1,27.1,27.2,80,81,No,No
04/12/2025 9:03,CR-004,2025-04-12 09:03:30-CR-004,10.5989,-61.3222,St. Helena,0.77,0.79,13.9,15.1,28,28,84.6,85.9,No,No
04/12/2025 9:03,CR-004,2025-04-12 09:03:45-CR-004,10.5989,-61.3222,St. Helena,0.68,0.7,11,11.6,27.6,27.5,82.3,83,No,No
04/12/2025 9:04,CR-004,2025-04-12 09:04:00-CR-004,10.5989,-61.3222,St. Helena,0.5,0.51,12.7,11.9,27.3,27.3,80.3,81,No,No
04/12/2025 9:04,CR-004,2025-04-12 09:04:15-CR-004,10.5989,-61.3222,St. Helena,0.6,0.5,13.5,12.3,28,27.9,76.3,75.4,No,No
04/12/2025 9:04,CR-004,2025-04-12 09:04:30-CR-004,10.5989,-61.3222,St. Helena,0.91,0.91,10.4,10.1,26.2,26.1,77,76.8,No,No
04/12/2025 9:04,CR-004,2025-04-12 09:04:45-CR-004,10.5989,-61.3222,St. Helena,0.97,1.02,12.6,12.4,26.2,26.2,75,75,No,No
04/12/2025 9:05,CR-004,2025-04-12 09:05:00-CR-004,10.5989,-61.3222,St. Helena,0.55,0.55,13.1,14.5,26.7,26.3,74,72.7,No,No
04/12/2025 9:05,CR-004,2025-04-12 09:05:15-CR-004,10.5989,-61.3222,St. Helena,0.75,0.79,14.4,13.4,27.5,27.4,76.8,75,No,No
04/12/2025 9:05,CR-004,2025-04-12 09:05:30-CR-004,10.5989,-61.3222,St. Helena,0.66,0.68,13.6,14.2,26.1,26.1,77.4,75.9,No,No
04/12/2025 9:05,CR-004,2025-04-12 09:05:45-CR-004,10.5989,-61.3222,St. Helena,1.12,1.15,14.3,13.7,27.3,27.3,76.1,75,No,No
04/12/2025 9:06,CR-004,2025-04-12 09:06:00-CR-004,10.5989,-61.3222,St. Helena,0.55,0.57,14.5,14.7,27.7,27.7,83.2,82.1,No,No
04/12/2025 9:06,CR-004,2025-04-12 09:06:15-CR-004,10.5989,-61.3222,St. Helena,1.39,1.33,11.5,11.1,27.8,27.6,80.3,79.7,No,No
04/12/2025 9:06,CR-004,2025-04-12 09:06:30-CR-004,10.5989,-61.3222,St. Helena,1.03,1.01,10.7,10.9,27,27.3,71.9,70.9,No,No
04/12/2025 9:06,CR-004,2025-04-12 09:06:45-CR-004,10.5989,-61.3222,St. Helena,0.64,0.6,12.4,12.5,26.5,26.5,78.7,80.8,No,No
04/12/2025 9:07,CR-004,2025-04-12 09:07:00-CR-004,10.5989,-61.3222,St. Helena,0.69,0.61,12.7,12.4,26.6,26.4,79.7,78.8,No,No
04/12/2025 9:07,CR-004,2025-04-12 09:07:15-CR-004,10.5989,-61.3222,St. Helena,1.2,1.14,14.9,14.7,27,26.9,71,71.4,No,No
04/12/2025 9:07,CR-004,2025-04-12 09:07:30-CR-004,10.5989,-61.3222,St. Helena,0.96,1.05,12.2,12.1,26.7,26.8,76.3,75.1,No,No
04/12/2025 9:07,CR-004,2025-04-12 09:07:45-CR-004,10.5989,-61.3222,St. Helena,0.86,0.89,10.5,10.1,27.3,27.2,79.5,79.8,Yes,No
04/12/2025 9:08,CR-004,2025-04-12 09:08:00-CR-004,10.5989,-61.3222,St. Helena,1.1,1.1,13.4,13.1,27.9,27.9,75.9,77,Yes,No
04/12/2025 9:08,CR-004,2025-04-12 09:08:15-CR-004,10.5989,-61.3222,St. Helena,0.97,1,12.2,11.6,26.2,26.7,84,85.3,Yes,No
04/12/2025 9:08,CR-004,2025-04-12 09:08:30-CR-004,10.5989,-61.3222,St. Helena,0.92,1,11.5,11.1,27.1,27,83.5,84.6,Yes,No
04/12/2025 9:08,CR-004,2025-04-12 09:08:45-CR-004,10.5989,-61.3222,St. Helena,0.59,0.66,13.8,13.2,26.8,26.5,80.5,81.7,Yes,No
04/12/2025 9:09,CR-004,2025-04-12 09:09:00-CR-004,10.5989,-61.3222,St. Helena,1.02,1.05,13.4,13.5,26.7,26.6,70.7,72.7,Yes,No
04/12/2025 9:09,CR-004,2025-04-12 09:09:15-CR-004,10.5989,-61.3222,St. Helena,0.98,0.93,13.9,13.4,26.3,26.3,72.2,73.3,Yes,No
04/12/2025 9:09,CR-004,2025-04-12 09:09:30-CR-004,10.5989,-61.3222,St. Helena,1,1.1,11.4,10.7,27.3,27.3,76.2,75.8,Yes,No
04/12/2025 9:09,CR-004,2025-04-12 09:09:45-CR-004,10.5989,-61.3222,St. Helena,0.7,0.64,13.9,14.7,27.5,27.8,73,71.1,Yes,No
04/12/2025 9:10,CR-004,2025-04-12 09:10:00-CR-004,10.5989,-61.3222,St. Helena,0.99,0.91,10.6,11,26.7,26.7,71.8,72.5,Yes,No
04/12/2025 9:10,CR-004,2025-04-12 09:10:15-CR-004,10.5989,-61.3222,St. Helena,0.69,0.83,11.9,14.1,26.2,26,81.1,86.6,Yes,Yes
04/12/2025 9:10,CR-004,2025-04-12 09:10:30-CR-004,10.5989,-61.3222,St. Helena,0.67,0.8,14.4,16.3,27.1,26.4,84.6,91.4,Yes,Yes
04/12/2025 9:10,CR-004,2025-04-12 09:10:45-CR-004,10.5989,-61.3222,St. Helena,1.01,1.12,11.1,12.8,27.4,27.3,70.2,75.7,Yes,Yes
04/12/2025 9:11,CR-004,2025-04-12 09:11:00-CR-004,10.5989,-61.3222,St. Helena,0.67,0.8,14.9,17.5,27.5,27.4,80.9,85.8,Yes,Yes
04/12/2025 9:11,CR-004,2025-04-12 09:11:15-CR-004,10.5989,-61.3222,St. Helena,1.17,1.3,14,17,26,25.7,74,79.3,Yes,Yes
04/12/2025 9:11,CR-004,2025-04-12 09:11:30-CR-004,10.5989,-61.3222,St. Helena,1.24,1.4,12.6,14.1,27.2,26.8,84,89.7,Yes,Yes
04/12/2025 9:11,CR-004,2025-04-12 09:11:45-CR-004,10.5989,-61.3222,St. Helena,0.55,0.74,12.3,14.1,27.3,26.9,80,86.4,Yes,Yes
04/12/2025 9:12,CR-004,2025-04-12 09:12:00-CR-004,10.5989,-61.3222,St. Helena,0.86,0.91,11.8,13.3,26.8,26.6,77.3,82.4,Yes,Yes
04/12/2025 9:12,CR-004,2025-04-12 09:12:15-CR-004,10.5989,-61.3222,St. Helena,1.08,1.25,11,13.4,27.2,26.7,81.4,88,Yes,Yes
04/12/2025 9:12,CR-004,2025-04-12 09:12:30-CR-004,10.5989,-61.3222,St. Helena,0.62,0.8,10.2,11.8,26.5,26.3,77.9,82.2,Yes,Yes
04/12/2025 9:12,CR-004,2025-04-12 09:12:45-CR-004,10.5989,-61.3222,St. Helena,1.47,1.54,10.8,13.2,27.9,27.8,79.4,83.9,Yes,Yes
04/12/2025 9:13,CR-004,2025-04-12 09:13:00-CR-004,10.5989,-61.3222,St. Helena,0.82,0.99,10.7,12.2,27,26.9,81.7,85.9,Yes,Yes
04/12/2025 9:13,CR-004,2025-04-12 09:13:15-CR-004,10.5989,-61.3222,St. Helena,0.98,0.97,12,14.2,27.2,27,70.4,75.9,Yes,Yes
04/12/2025 9:13,CR-004,2025-04-12 09:13:30-CR-004,10.5989,-61.3222,St. Helena,1.21,1.31,12.1,14.2,26.7,26.6,80.7,84.2,Yes,Yes
04/12/2025 9:13,CR-004,2025-04-12 09:13:45-CR-004,10.5989,-61.3222,St. Helena,1.2,1.28,10.8,12.4,27.7,27.3,82.4,88.3,Yes,Yes
04/12/2025 9:14,CR-004,2025-04-12 09:14:00-CR-004,10.5989,-61.3222,St. Helena,1.3,1.37,15,16.7,27.4,27.3,80.3,86.2,Yes,Yes
04/12/2025 9:14,CR-004,2025-04-12 09:14:15-CR-004,10.5989,-61.3222,St. Helena,0.89,0.95,11.2,13.4,27.1,27,76.5,84,Yes,Yes
04/12/2025 9:14,CR-004,2025-04-12 09:14:30-CR-004,10.5989,-61.3222,St. Helena,0.66,0.72,14.9,16.3,27.8,27.6,81.9,87.8,Yes,Yes
04/12/2025 9:14,CR-004,2025-04-12 09:14:45-CR-004,10.5989,-61.3222,St. Helena,1.09,1.21,12.1,14.4,26.3,26.1,84.9,88.8,Yes,Yes
04/12/2025 9:15,CR-004,2025-04-12 09:15:00-CR-004,10.5989,-61.3222,St. Helena,0.78,0.88,14.5,16.2,27.3,27.1,75.9,80.2,Yes,Yes
04/12/2025 9:15,CR-004,2025-04-12 09:15:15-CR-004,10.5989,-61.3222,St. Helena,0.97,1.02,13.7,15.4,27.7,27.5,81.7,85.9,Yes,Yes
04/12/2025 9:15,CR-004,2025-04-12 09:15:30-CR-004,10.5989,-61.3222,St. Helena,0.66,0.74,10.4,12.4,27.4,27.3,70.7,76.2,Yes,Yes
04/12/2025 9:15,CR-004,2025-04-12 09:15:45-CR-004,10.5989,-61.3222,St. Helena,1.43,1.48,13,15.4,27.4,27.5,74.7,79.3,Yes,Yes
04/12/2025 9:16,CR-004,2025-04-12 09:16:00-CR-004,10.5989,-61.3222,St. Helena,1.44,1.59,13.6,15.5,27.7,27.4,74.3,78.9,Yes,Yes
04/12/2025 9:16,CR-004,2025-04-12 09:16:15-CR-004,10.5989,-61.3222,St. Helena,0.71,0.79,10.4,12.6,27.3,27.1,74,78.6,Yes,Yes
04/12/2025 9:16,CR-004,2025-04-12 09:16:30-CR-004,10.5989,-61.3222,St. Helena,0.78,0.87,13.3,15,26.5,26.3,70.5,74.8,Yes,Yes
04/12/2025 9:16,CR-004,2025-04-12 09:16:45-CR-004,10.5989,-61.3222,St. Helena,0.51,0.72,14.6,17.2,27.2,26.8,70.2,75.8,Yes,Yes
04/12/2025 9:17,CR-004,2025-04-12 09:17:00-CR-004,10.5989,-61.3222,St. Helena,1.16,1.28,13.5,15.9,26.3,26.4,76.9,82.7,Yes,Yes
04/12/2025 9:17,CR-004,2025-04-12 09:17:15-CR-004,10.5989,-61.3222,St. Helena,1.22,1.35,10.4,11.8,27.1,26.9,76.4,81.1,Yes,Yes
04/12/2025 9:17,CR-004,2025-04-12 09:17:30-CR-004,10.5989,-61.3222,St. Helena,1.26,1.29,14.8,17,26.5,26.1,75,79.8,Yes,Yes
04/12/2025 9:17,CR-004,2025-04-12 09:17:45-CR-004,10.5989,-61.3222,St. Helena,0.97,1.07,10.6,12.4,27.3,27.4,70.8,75.1,Yes,Yes
04/12/2025 9:18,CR-004,2025-04-12 09:18:00-CR-004,10.5989,-61.3222,St. Helena,1.08,1.11,10.3,11.8,27.9,27.9,73.2,78.5,Yes,Yes
04/12/2025 9:18,CR-004,2025-04-12 09:18:15-CR-004,10.5989,-61.3222,St. Helena,1.37,1.56,10.1,11.2,26.2,25.9,76.3,81.4,Yes,Yes
04/12/2025 9:18,CR-004,2025-04-12 09:18:30-CR-004,10.5989,-61.3222,St. Helena,0.81,0.96,11.5,13.8,27.5,27.4,80.4,84.2,Yes,Yes
04/12/2025 9:18,CR-004,2025-04-12 09:18:45-CR-004,10.5989,-61.3222,St. Helena,0.53,0.59,12.4,14,26.3,25.8,75.1,81.2,Yes,Yes
04/12/2025 9:19,CR-004,2025-04-12 09:19:00-CR-004,10.5989,-61.3222,St. Helena,1.36,1.48,14.7,16.5,26.1,26.1,76.7,81.9,Yes,Yes
04/12/2025 9:19,CR-004,2025-04-12 09:19:15-CR-004,10.5989,-61.3222,St. Helena,0.9,1.01,12,13.8,28,28,79.6,84.9,Yes,Yes
04/12/2025 9:19,CR-004,2025-04-12 09:19:30-CR-004,10.5989,-61.3222,St. Helena,0.6,0.73,14.2,15.3,26.7,26.4,75.7,79.1,Yes,Yes
04/12/2025 9:19,CR-004,2025-04-12 09:19:45-CR-004,10.5989,-61.3222,St. Helena,1.43,1.51,11.7,13.9,27.7,27.4,84.2,90.6,Yes,Yes
04/12/2025 9:20,CR-004,2025-04-12 09:20:00-CR-004,10.5989,-61.3222,St. Helena,1.06,1.13,12.7,15,26.4,26.2,70.9,76,Yes,Yes
04/12/2025 9:20,CR-004,2025-04-12 09:20:15-CR-004,10.5989,-61.3222,St. Helena,1.12,1.28,13.2,15,26.9,26.8,83.9,88.5,Yes,Yes
04/12/2025 9:20,CR-004,2025-04-12 09:20:30-CR-004,10.5989,-61.3222,St. Helena,1.08,1.21,12.6,14.4,26.4,26.3,71.4,77.9,Yes,Yes
04/12/2025 9:20,CR-004,2025-04-12 09:20:45-CR-004,10.5989,-61.3222,St. Helena,0.69,0.79,14.4,16.7,27.9,27.3,72.5,77.8,Yes,Yes
04/12/2025 9:21,CR-004,2025-04-12 09:21:00-CR-004,10.5989,-61.3222,St. Helena,1.28,1.48,14.6,17.1,26.3,26.5,72.2,77,Yes,Yes
04/12/2025 9:21,CR-004,2025-04-12 09:21:15-CR-004,10.5989,-61.3222,St. Helena,0.7,0.74,13.5,15.3,27.7,27.3,81.6,87.8,Yes,Yes
04/12/2025 9:21,CR-004,2025-04-12 09:21:30-CR-004,10.5989,-61.3222,St. Helena,0.88,1.06,12.3,13.8,27,26.6,81.8,88.5,Yes,Yes
04/12/2025 9:21,CR-004,2025-04-12 09:21:45-CR-004,10.5989,-61.3222,St. Helena,0.58,0.56,12.8,14.3,27.5,27.3,74.6,80.9,Yes,Yes
04/12/2025 9:22,CR-004,2025-04-12 09:22:00-CR-004,10.5989,-61.3222,St. Helena,1.09,1.2,10.1,12.6,26.2,25.7,77.8,83.8,Yes,Yes
04/12/2025 9:22,CR-004,2025-04-12 09:22:15-CR-004,10.5989,-61.3222,St. Helena,1.42,1.55,13.4,15.1,27.6,27.6,78,83.2,Yes,Yes
04/12/2025 9:22,CR-004,2025-04-12 09:22:30-CR-004,10.5989,-61.3222,St. Helena,0.87,0.91,12.8,14.6,26.5,26.1,72.1,77.8,Yes,Yes
04/12/2025 9:22,CR-004,2025-04-12 09:22:45-CR-004,10.5989,-61.3222,St. Helena,0.53,0.61,12.3,14.1,27.5,27.2,76.5,81.7,Yes,Yes
04/12/2025 9:23,CR-004,2025-04-12 09:23:00-CR-004,10.5989,-61.3222,St. Helena,0.59,0.79,12.5,13.9,27.3,26.9,80.2,84.9,Yes,Yes
04/12/2025 9:23,CR-004,2025-04-12 09:23:15-CR-004,10.5989,-61.3222,St. Helena,1.07,1.21,11.8,14.7,26.8,26.5,79.1,84,Yes,Yes
04/12/2025 9:23,CR-004,2025-04-12 09:23:30-CR-004,10.5989,-61.3222,St. Helena,1.33,1.38,11.9,14.1,27.5,26.9,70.2,76.5,Yes,Yes
04/12/2025 9:23,CR-004,2025-04-12 09:23:45-CR-004,10.5989,-61.3222,St. Helena,0.95,1.06,12.3,14,26.2,26.3,71.9,77.7,Yes,Yes
04/12/2025 9:24,CR-004,2025-04-12 09:24:00-CR-004,10.5989,-61.3222,St. Helena,1.2,1.29,14.4,15.7,27.9,27.6,73.6,78.1,Yes,Yes
04/12/2025 9:24,CR-004,2025-04-12 09:24:15-CR-004,10.5989,-61.3222,St. Helena,0.58,0.69,10.3,13.1,26.2,25.8,76.7,81.6,Yes,Yes
04/12/2025 9:24,CR-004,2025-04-12 09:24:30-CR-004,10.5989,-61.3222,St. Helena,0.58,0.69,13,15.6,27.4,27.4,74,79.6,Yes,Yes
04/12/2025 9:24,CR-004,2025-04-12 09:24:45-CR-004,10.5989,-61.3222,St. Helena,0.6,0.77,11.2,12.4,27.3,26.9,70.6,75.3,Yes,Yes
04/12/2025 9:25,CR-004,2025-04-12 09:25:00-CR-004,10.5989,-61.3222,St. Helena,0.71,0.91,11.3,13.5,26.8,26.6,79.6,84.7,Yes,Yes
04/12/2025 9:25,CR-004,2025-04-12 09:25:15-CR-004,10.5989,-61.3222,St. Helena,1,1.16,11.3,14.6,27.1,26.9,83.9,89.2,Yes,Yes
04/12/2025 9:25,CR-004,2025-04-12 09:25:30-CR-004,10.5989,-61.3222,St. Helena,1.34,1.46,11.7,14.4,26.7,26.3,76.7,83.2,Yes,Yes
04/12/2025 9:25,CR-004,2025-04-12 09:25:45-CR-004,10.5989,-61.3222,St. Helena,0.91,1.03,11.4,13.2,26.1,26.2,77.2,82,Yes,Yes
04/12/2025 9:26,CR-004,2025-04-12 09:26:00-CR-004,10.5989,-61.3222,St. Helena,0.65,0.77,11.3,13.4,26.4,26.3,77.6,81.3,Yes,Yes
04/12/2025 9:26,CR-004,2025-04-12 09:26:15-CR-004,10.5989,-61.3222,St. Helena,0.6,0.73,14.1,15.9,28,28,72.1,76.9,Yes,Yes
04/12/2025 9:26,CR-004,2025-04-12 09:26:30-CR-004,10.5989,-61.3222,St. Helena,0.52,0.61,12.2,14.1,26.5,26.3,73.3,77.4,Yes,Yes
04/12/2025 9:26,CR-004,2025-04-12 09:26:45-CR-004,10.5989,-61.3222,St. Helena,1.16,1.25,12.5,14.4,26.3,26.2,70.5,76,Yes,Yes
04/12/2025 9:27,CR-004,2025-04-12 09:27:00-CR-004,10.5989,-61.3222,St. Helena,1.01,1.13,14.1,15.6,27.4,27.1,72.5,77,Yes,Yes
04/12/2025 9:27,CR-004,2025-04-12 09:27:15-CR-004,10.5989,-61.3222,St. Helena,0.88,0.94,10.6,12.3,27.2,27.2,74.9,79.1,Yes,Yes
04/12/2025 9:27,CR-004,2025-04-12 09:27:30-CR-004,10.5989,-61.3222,St. Helena,0.58,0.68,10.3,11.9,27.9,27.6,82.8,88.5,Yes,Yes
04/12/2025 9:27,CR-004,2025-04-12 09:27:45-CR-004,10.5989,-61.3222,St. Helena,1.36,1.46,13.8,16.7,26.3,26.2,83,87.3,Yes,Yes
04/12/2025 9:28,CR-004,2025-04-12 09:28:00-CR-004,10.5989,-61.3222,St. Helena,1.33,1.38,13.3,15,26.3,26.3,83.3,88.4,Yes,Yes
04/12/2025 9:28,CR-004,2025-04-12 09:28:15-CR-004,10.5989,-61.3222,St. Helena,1.04,1.22,13.6,16,27.7,27.4,72.7,77,Yes,Yes
04/12/2025 9:28,CR-004,2025-04-12 09:28:30-CR-004,10.5989,-61.3222,St. Helena,0.85,1,10.9,12.7,27.2,27,79.3,83.8,Yes,Yes
04/12/2025 9:28,CR-004,2025-04-12 09:28:45-CR-004,10.5989,-61.3222,St. Helena,0.6,0.79,11.8,13.9,27.3,27,79.9,85.9,Yes,Yes
04/12/2025 9:29,CR-004,2025-04-12 09:29:00-CR-004,10.5989,-61.3222,St. Helena,0.88,0.93,14,16.6,26.7,26.4,84.9,88.4,Yes,Yes
04/12/2025 9:29,CR-004,2025-04-12 09:29:15-CR-004,10.5989,-61.3222,St. Helena,1.22,1.25,12.5,14.2,27.5,27.4,74.3,78.9,Yes,Yes
04/12/2025 9:29,CR-004,2025-04-12 09:29:30-CR-004,10.5989,-61.3222,St. Helena,0.69,0.74,11.7,13.7,26.1,25.9,78.1,82.1,Yes,Yes
04/12/2025 9:29,CR-004,2025-04-12 09:29:45-CR-004,10.5989,-61.3222,St. Helena,0.71,0.77,12.2,14.5,26.2,26.3,83.1,88.8,Yes,Yes
04/12/2025 9:30,CR-004,2025-04-12 09:30:00-CR-004,10.5989,-61.3222,St. Helena,1.13,1.16,11.4,13.5,27.2,27.2,81,84.3,Yes,Yes
04/12/2025 9:00,CR-005,2025-04-12 09:00:00-CR-005,10.5164,-61.4115,Chaguanas,1.44,1.41,11.4,11.6,26.6,26.8,78.8,79.4,No,No
04/12/2025 9:00,CR-005,2025-04-12 09:00:15-CR-005,10.5164,-61.4115,Chaguanas,0.7,0.59,12.3,13,26.9,26.9,76.3,76.9,No,No
04/12/2025 9:00,CR-005,2025-04-12 09:00:30-CR-005,10.5164,-61.4115,Chaguanas,0.68,0.68,14.6,13.8,26.7,26.8,72.9,71.3,No,No
04/12/2025 9:00,CR-005,2025-04-12 09:00:45-CR-005,10.5164,-61.4115,Chaguanas,0.82,0.86,11.9,11.6,27.8,27.7,72,72.7,No,No
04/12/2025 9:01,CR-005,2025-04-12 09:01:00-CR-005,10.5164,-61.4115,Chaguanas,1.08,1.08,10.4,10.3,27.7,27,71.6,73.6,No,No
04/12/2025 9:01,CR-005,2025-04-12 09:01:15-CR-005,10.5164,-61.4115,Chaguanas,0.96,0.95,13.9,14,27.4,27.2,80.8,80.2,No,No
04/12/2025 9:01,CR-005,2025-04-12 09:01:30-CR-005,10.5164,-61.4115,Chaguanas,1.41,1.41,13.6,13.1,27.5,27.7,83.1,83.8,No,No
04/12/2025 9:01,CR-005,2025-04-12 09:01:45-CR-005,10.5164,-61.4115,Chaguanas,1.34,1.33,13.7,13.2,27.7,27.7,75,75.5,No,No
04/12/2025 9:02,CR-005,2025-04-12 09:02:00-CR-005,10.5164,-61.4115,Chaguanas,1.41,1.43,10.9,11.4,27.1,27.3,71.9,71.5,No,No
04/12/2025 9:02,CR-005,2025-04-12 09:02:15-CR-005,10.5164,-61.4115,Chaguanas,1.43,1.37,12.2,12.2,27.7,28.2,73.1,74.8,No,No
04/12/2025 9:02,CR-005,2025-04-12 09:02:30-CR-005,10.5164,-61.4115,Chaguanas,0.67,0.67,13.6,13.3,26.6,26.6,71.8,70.4,No,No
04/12/2025 9:02,CR-005,2025-04-12 09:02:45-CR-005,10.5164,-61.4115,Chaguanas,1.26,1.41,10.1,10.7,26.6,26.8,73.8,73.6,No,No
04/12/2025 9:03,CR-005,2025-04-12 09:03:00-CR-005,10.5164,-61.4115,Chaguanas,1.11,1.02,13.7,14.1,26.5,26,72.6,71.3,No,No
04/12/2025 9:03,CR-005,2025-04-12 09:03:15-CR-005,10.5164,-61.4115,Chaguanas,1.16,1.18,14.1,14.3,26.8,26.9,83.6,82.6,No,No
04/12/2025 9:03,CR-005,2025-04-12 09:03:30-CR-005,10.5164,-61.4115,Chaguanas,0.98,0.99,15,15.1,26.7,26.1,79.9,77.7,No,No
04/12/2025 9:03,CR-005,2025-04-12 09:03:45-CR-005,10.5164,-61.4115,Chaguanas,0.83,0.8,12.6,12.5,27.7,27.5,84.8,83.1,No,No
04/12/2025 9:04,CR-005,2025-04-12 09:04:00-CR-005,10.5164,-61.4115,Chaguanas,1.29,1.2,14.6,14.7,27.7,27.7,83.1,83.1,No,No
04/12/2025 9:04,CR-005,2025-04-12 09:04:15-CR-005,10.5164,-61.4115,Chaguanas,0.58,0.53,13.6,14.3,26,26.4,75.8,75.6,No,No
04/12/2025 9:04,CR-005,2025-04-12 09:04:30-CR-005,10.5164,-61.4115,Chaguanas,0.88,0.93,10.2,10,26.7,26.4,78.7,78.5,No,No
04/12/2025 9:04,CR-005,2025-04-12 09:04:45-CR-005,10.5164,-61.4115,Chaguanas,0.91,0.99,13.1,13.5,26.2,26.4,81.5,81.8,No,No
04/12/2025 9:05,CR-005,2025-04-12 09:05:00-CR-005,10.5164,-61.4115,Chaguanas,0.65,0.7,11.4,11.5,27.2,27.3,71.3,74,No,No
04/12/2025 9:05,CR-005,2025-04-12 09:05:15-CR-005,10.5164,-61.4115,Chaguanas,1.12,1.1,12.9,13.2,26.3,26.5,74.4,74.3,No,No
04/12/2025 9:05,CR-005,2025-04-12 09:05:30-CR-005,10.5164,-61.4115,Chaguanas,1.1,1.1,10.3,9.5,26.9,27,83.6,83.6,No,No
04/12/2025 9:05,CR-005,2025-04-12 09:05:45-CR-005,10.5164,-61.4115,Chaguanas,1.07,1.05,11.4,11.6,26.3,26.5,73.7,74.5,No,No
04/12/2025 9:06,CR-005,2025-04-12 09:06:00-CR-005,10.5164,-61.4115,Chaguanas,0.84,0.79,14.2,14.2,27.6,27.7,78.3,79.5,No,No
04/12/2025 9:06,CR-005,2025-04-12 09:06:15-CR-005,10.5164,-61.4115,Chaguanas,1.08,1.13,13.3,13.5,26.7,27.1,84.6,85.4,No,No
04/12/2025 9:06,CR-005,2025-04-12 09:06:30-CR-005,10.5164,-61.4115,Chaguanas,1.21,1.17,12.1,11.6,26.1,25.9,75.3,76.5,No,No
04/12/2025 9:06,CR-005,2025-04-12 09:06:45-CR-005,10.5164,-61.4115,Chaguanas,0.53,0.49,14.3,13.8,27.7,27.7,73.2,72.5,No,No
04/12/2025 9:07,CR-005,2025-04-12 09:07:00-CR-005,10.5164,-61.4115,Chaguanas,1.3,1.21,10.1,11.6,26.1,25.9,79,78.3,No,No
04/12/2025 9:07,CR-005,2025-04-12 09:07:15-CR-005,10.5164,-61.4115,Chaguanas,0.56,0.59,13,13.8,27.2,27,74.6,75.8,No,No
04/12/2025 9:07,CR-005,2025-04-12 09:07:30-CR-005,10.5164,-61.4115,Chaguanas,0.72,0.73,14.6,14.5,27.3,27.2,79.4,78.5,No,No
04/12/2025 9:07,CR-005,2025-04-12 09:07:45-CR-005,10.5164,-61.4115,Chaguanas,1.31,1.28,12.9,13.7,27.7,27.9,75.6,75.2,Yes,No
04/12/2025 9:08,CR-005,2025-04-12 09:08:00-CR-005,10.5164,-61.4115,Chaguanas,0.78,0.84,14.8,14.4,26.2,26.4,80.1,80.8,Yes,No
04/12/2025 9:08,CR-005,2025-04-12 09:08:15-CR-005,10.5164,-61.4115,Chaguanas,0.93,0.95,14.4,14.6,27.1,27.4,75.4,76.3,Yes,No
04/12/2025 9:08,CR-005,2025-04-12 09:08:30-CR-005,10.5164,-61.4115,Chaguanas,0.98,0.95,10.1,10.2,26.7,26.7,83.8,84.3,Yes,No
04/12/2025 9:08,CR-005,2025-04-12 09:08:45-CR-005,10.5164,-61.4115,Chaguanas,1.2,1.27,10.9,10.9,26.1,25.8,72.8,73.9,Yes,No
04/12/2025 9:09,CR-005,2025-04-12 09:09:00-CR-005,10.5164,-61.4115,Chaguanas,1.07,1,11.5,11.3,27.2,27.3,72.6,73.4,Yes,No
04/12/2025 9:09,CR-005,2025-04-12 09:09:15-CR-005,10.5164,-61.4115,Chaguanas,0.65,0.68,11.2,11.1,27.6,27.6,76.8,78.3,Yes,No
04/12/2025 9:09,CR-005,2025-04-12 09:09:30-CR-005,10.5164,-61.4115,Chaguanas,1.17,1.15,11.8,10.8,26.7,26.7,71.5,72.9,Yes,No
04/12/2025 9:09,CR-005,2025-04-12 09:09:45-CR-005,10.5164,-61.4115,Chaguanas,0.91,0.9,13.5,13.5,27.4,27.3,83.4,83,Yes,No
04/12/2025 9:10,CR-005,2025-04-12 09:10:00-CR-005,10.5164,-61.4115,Chaguanas,1.25,1.29,10.1,10,27.1,27.2,84.5,82.8,Yes,No
04/12/2025 9:10,CR-005,2025-04-12 09:10:15-CR-005,10.5164,-61.4115,Chaguanas,1.02,1.06,12.7,15.2,26.9,26.6,75.6,79.8,Yes,Yes
04/12/2025 9:10,CR-005,2025-04-12 09:10:30-CR-005,10.5164,-61.4115,Chaguanas,1,1.12,11.6,13,27.5,27.6,78,83.5,Yes,Yes
04/12/2025 9:10,CR-005,2025-04-12 09:10:45-CR-005,10.5164,-61.4115,Chaguanas,1.4,1.5,12.2,13.6,27.1,26.9,71.2,74.6,Yes,Yes
04/12/2025 9:11,CR-005,2025-04-12 09:11:00-CR-005,10.5164,-61.4115,Chaguanas,1.23,1.28,11.4,13.6,27.4,27.2,79.8,85.1,Yes,Yes
04/12/2025 9:11,CR-005,2025-04-12 09:11:15-CR-005,10.5164,-61.4115,Chaguanas,1.08,1.18,11.6,14.1,26.1,25.9,73.8,79.1,Yes,Yes
04/12/2025 9:11,CR-005,2025-04-12 09:11:30-CR-005,10.5164,-61.4115,Chaguanas,1.31,1.44,12.8,15.3,26.3,26.2,71.8,74.7,Yes,Yes
04/12/2025 9:11,CR-005,2025-04-12 09:11:45-CR-005,10.5164,-61.4115,Chaguanas,1.29,1.34,13.8,15.6,27.6,27.4,81.6,86.3,Yes,Yes
04/12/2025 9:12,CR-005,2025-04-12 09:12:00-CR-005,10.5164,-61.4115,Chaguanas,1.06,1.2,10.3,11.9,27.1,26.7,75,79.1,Yes,Yes
04/12/2025 9:12,CR-005,2025-04-12 09:12:15-CR-005,10.5164,-61.4115,Chaguanas,1.37,1.47,10.5,12.9,26.4,25.9,72.1,76.4,Yes,Yes
04/12/2025 9:12,CR-005,2025-04-12 09:12:30-CR-005,10.5164,-61.4115,Chaguanas,1.33,1.39,11.4,13.2,27.8,27.5,78.3,83.8,Yes,Yes
04/12/2025 9:12,CR-005,2025-04-12 09:12:45-CR-005,10.5164,-61.4115,Chaguanas,1.32,1.51,12.9,15.3,27.5,27.3,82.1,87.9,Yes,Yes
04/12/2025 9:13,CR-005,2025-04-12 09:13:00-CR-005,10.5164,-61.4115,Chaguanas,0.55,0.61,11.8,14.1,28,27.7,78.1,81.7,Yes,Yes
04/12/2025 9:13,CR-005,2025-04-12 09:13:15-CR-005,10.5164,-61.4115,Chaguanas,0.93,1.06,10.1,11.7,26.6,26.1,79.3,84,Yes,Yes
04/12/2025 9:13,CR-005,2025-04-12 09:13:30-CR-005,10.5164,-61.4115,Chaguanas,0.65,0.77,13.9,15.2,27.4,27.3,79.9,83.9,Yes,Yes
04/12/2025 9:13,CR-005,2025-04-12 09:13:45-CR-005,10.5164,-61.4115,Chaguanas,1.48,1.66,13.8,15.7,26.5,26.4,83.6,88.7,Yes,Yes
04/12/2025 9:14,CR-005,2025-04-12 09:14:00-CR-005,10.5164,-61.4115,Chaguanas,1.2,1.29,14,15.9,26.3,25.9,71.9,77.4,Yes,Yes
04/12/2025 9:14,CR-005,2025-04-12 09:14:15-CR-005,10.5164,-61.4115,Chaguanas,0.62,0.73,10,11.7,27.8,27.5,78.8,83.3,Yes,Yes
04/12/2025 9:14,CR-005,2025-04-12 09:14:30-CR-005,10.5164,-61.4115,Chaguanas,0.96,1.03,11.4,13.6,27.7,27.7,83.5,89.7,Yes,Yes
04/12/2025 9:14,CR-005,2025-04-12 09:14:45-CR-005,10.5164,-61.4115,Chaguanas,0.96,1.03,14.7,17.4,26.5,26.6,82.4,87.8,Yes,Yes
04/12/2025 9:15,CR-005,2025-04-12 09:15:00-CR-005,10.5164,-61.4115,Chaguanas,0.61,0.67,13.7,15.6,26.8,26.6,85,90.9,Yes,Yes
04/12/2025 9:15,CR-005,2025-04-12 09:15:15-CR-005,10.5164,-61.4115,Chaguanas,0.99,1.04,14.4,16.8,26.6,26.2,71.9,77.3,Yes,Yes
04/12/2025 9:15,CR-005,2025-04-12 09:15:30-CR-005,10.5164,-61.4115,Chaguanas,1.43,1.57,12,13.3,26.3,26.1,80.3,85.1,Yes,Yes
04/12/2025 9:15,CR-005,2025-04-12 09:15:45-CR-005,10.5164,-61.4115,Chaguanas,0.52,0.66,15,18,27.1,26.9,81.8,87.3,Yes,Yes
04/12/2025 9:16,CR-005,2025-04-12 09:16:00-CR-005,10.5164,-61.4115,Chaguanas,0.71,0.77,10.1,12.5,27.1,26.5,72.7,78.4,Yes,Yes
04/12/2025 9:16,CR-005,2025-04-12 09:16:15-CR-005,10.5164,-61.4115,Chaguanas,0.65,0.72,10.9,12.4,27,26.6,81.3,85.4,Yes,Yes
04/12/2025 9:16,CR-005,2025-04-12 09:16:30-CR-005,10.5164,-61.4115,Chaguanas,0.55,0.66,14.7,18.2,26.5,26.3,76.9,80.4,Yes,Yes
04/12/2025 9:16,CR-005,2025-04-12 09:16:45-CR-005,10.5164,-61.4115,Chaguanas,1.5,1.56,13.2,15.4,26.5,26.3,71,75.7,Yes,Yes
04/12/2025 9:17,CR-005,2025-04-12 09:17:00-CR-005,10.5164,-61.4115,Chaguanas,0.7,0.79,12.5,14,27.9,28.1,72.2,75.7,Yes,Yes
04/12/2025 9:17,CR-005,2025-04-12 09:17:15-CR-005,10.5164,-61.4115,Chaguanas,0.9,0.95,12.5,14.3,26.4,26.3,71.7,77.2,Yes,Yes
04/12/2025 9:17,CR-005,2025-04-12 09:17:30-CR-005,10.5164,-61.4115,Chaguanas,0.96,1.14,10.1,12.3,27.2,26.9,75.9,78.8,Yes,Yes
04/12/2025 9:17,CR-005,2025-04-12 09:17:45-CR-005,10.5164,-61.4115,Chaguanas,0.86,0.98,11.8,14,26.3,26.4,78.9,83.3,Yes,Yes
04/12/2025 9:18,CR-005,2025-04-12 09:18:00-CR-005,10.5164,-61.4115,Chaguanas,0.54,0.74,13,14.5,27.6,27.4,73.6,78.7,Yes,Yes
04/12/2025 9:18,CR-005,2025-04-12 09:18:15-CR-005,10.5164,-61.4115,Chaguanas,0.93,1.02,13.2,15.8,27.1,27.1,71.3,75.2,Yes,Yes
04/12/2025 9:18,CR-005,2025-04-12 09:18:30-CR-005,10.5164,-61.4115,Chaguanas,0.51,0.63,12,14.1,26,25.8,83.9,90.9,Yes,Yes
04/12/2025 9:18,CR-005,2025-04-12 09:18:45-CR-005,10.5164,-61.4115,Chaguanas,1.39,1.45,11.6,14,27.2,27.1,81.2,86.7,Yes,Yes
04/12/2025 9:19,CR-005,2025-04-12 09:19:00-CR-005,10.5164,-61.4115,Chaguanas,1.03,1.1,14.5,16.4,26.4,26.1,70.2,75.5,Yes,Yes
04/12/2025 9:19,CR-005,2025-04-12 09:19:15-CR-005,10.5164,-61.4115,Chaguanas,0.72,0.74,14.1,17.2,27.2,27,75.4,80.4,Yes,Yes
04/12/2025 9:19,CR-005,2025-04-12 09:19:30-CR-005,10.5164,-61.4115,Chaguanas,1.17,1.29,11.4,12.6,27.2,27.1,83.3,88.2,Yes,Yes
04/12/2025 9:19,CR-005,2025-04-12 09:19:45-CR-005,10.5164,-61.4115,Chaguanas,1.39,1.45,10.3,13.3,27.9,28,78.5,82.6,Yes,Yes
04/12/2025 9:20,CR-005,2025-04-12 09:20:00-CR-005,10.5164,-61.4115,Chaguanas,1.43,1.42,11.4,13.3,27.5,27.3,73.8,78.6,Yes,Yes
04/12/2025 9:20,CR-005,2025-04-12 09:20:15-CR-005,10.5164,-61.4115,Chaguanas,1.41,1.45,10.8,12.9,26,25.5,76.9,81.6,Yes,Yes
04/12/2025 9:20,CR-005,2025-04-12 09:20:30-CR-005,10.5164,-61.4115,Chaguanas,0.96,1.08,12,13.5,26.4,26.1,83.2,89.5,Yes,Yes
04/12/2025 9:20,CR-005,2025-04-12 09:20:45-CR-005,10.5164,-61.4115,Chaguanas,0.94,0.92,13.6,15.8,27.8,27.8,74.5,79.5,Yes,Yes
04/12/2025 9:21,CR-005,2025-04-12 09:21:00-CR-005,10.5164,-61.4115,Chaguanas,0.97,1.03,13.9,15.4,26.3,26.3,84.3,90.6,Yes,Yes
04/12/2025 9:21,CR-005,2025-04-12 09:21:15-CR-005,10.5164,-61.4115,Chaguanas,1.4,1.44,12,13.4,26.5,26.2,71.1,74.9,Yes,Yes
04/12/2025 9:21,CR-005,2025-04-12 09:21:30-CR-005,10.5164,-61.4115,Chaguanas,0.51,0.58,11.5,13.9,26.3,26.1,83,89.5,Yes,Yes
04/12/2025 9:21,CR-005,2025-04-12 09:21:45-CR-005,10.5164,-61.4115,Chaguanas,0.54,0.49,10.3,12.3,27.6,27.6,78.9,82.2,Yes,Yes
04/12/2025 9:22,CR-005,2025-04-12 09:22:00-CR-005,10.5164,-61.4115,Chaguanas,0.93,0.99,14.2,15.4,27.8,27.6,76.2,81.6,Yes,Yes
04/12/2025 9:22,CR-005,2025-04-12 09:22:15-CR-005,10.5164,-61.4115,Chaguanas,0.75,0.92,11.5,13.5,27.7,27.3,77.2,82.1,Yes,Yes
04/12/2025 9:22,CR-005,2025-04-12 09:22:30-CR-005,10.5164,-61.4115,Chaguanas,0.56,0.74,12.1,14.3,27.1,26.8,74.5,79.2,Yes,Yes
04/12/2025 9:22,CR-005,2025-04-12 09:22:45-CR-005,10.5164,-61.4115,Chaguanas,1.27,1.37,14.8,17.2,28,27.9,82.8,90.2,Yes,Yes
04/12/2025 9:23,CR-005,2025-04-12 09:23:00-CR-005,10.5164,-61.4115,Chaguanas,1.05,1.13,14.1,15.9,27.8,27.5,71.3,76.1,Yes,Yes
04/12/2025 9:23,CR-005,2025-04-12 09:23:15-CR-005,10.5164,-61.4115,Chaguanas,1.11,1.29,13.3,15.6,27.7,27.3,72.2,78.2,Yes,Yes
04/12/2025 9:23,CR-005,2025-04-12 09:23:30-CR-005,10.5164,-61.4115,Chaguanas,1.03,1.12,12.7,15,27,26.8,73.9,78.6,Yes,Yes
04/12/2025 9:23,CR-005,2025-04-12 09:23:45-CR-005,10.5164,-61.4115,Chaguanas,1.23,1.28,14.4,16.6,26.1,25.6,81.7,87.9,Yes,Yes
04/12/2025 9:24,CR-005,2025-04-12 09:24:00-CR-005,10.5164,-61.4115,Chaguanas,1.01,1.1,13.8,15.6,26.7,26.3,75,78.8,Yes,Yes
04/12/2025 9:24,CR-005,2025-04-12 09:24:15-CR-005,10.5164,-61.4115,Chaguanas,1.06,1.2,13.2,15.1,27,26.4,76.8,81.4,Yes,Yes
04/12/2025 9:24,CR-005,2025-04-12 09:24:30-CR-005,10.5164,-61.4115,Chaguanas,0.93,0.93,11.9,13.8,27.2,27.1,79.3,84,Yes,Yes
04/12/2025 9:24,CR-005,2025-04-12 09:24:45-CR-005,10.5164,-61.4115,Chaguanas,0.6,0.7,11.7,14.4,26.4,26,81.4,86.6,Yes,Yes
04/12/2025 9:25,CR-005,2025-04-12 09:25:00-CR-005,10.5164,-61.4115,Chaguanas,0.84,1,12.5,15.4,26,25.4,70.5,75.1,Yes,Yes
04/12/2025 9:25,CR-005,2025-04-12 09:25:15-CR-005,10.5164,-61.4115,Chaguanas,0.84,0.97,10,12.3,26.5,26.2,74.6,79.1,Yes,Yes
04/12/2025 9:25,CR-005,2025-04-12 09:25:30-CR-005,10.5164,-61.4115,Chaguanas,1.42,1.52,14.7,17.2,27,26.4,82.5,88,Yes,Yes
04/12/2025 9:25,CR-005,2025-04-12 09:25:45-CR-005,10.5164,-61.4115,Chaguanas,1.25,1.39,12.5,15,27.8,27.8,84.9,87.2,Yes,Yes
04/12/2025 9:26,CR-005,2025-04-12 09:26:00-CR-005,10.5164,-61.4115,Chaguanas,1.41,1.59,10.8,12.8,26.1,25.7,75.4,80.8,Yes,Yes
04/12/2025 9:26,CR-005,2025-04-12 09:26:15-CR-005,10.5164,-61.4115,Chaguanas,0.51,0.58,13.6,15.4,26.1,26.2,74,80,Yes,Yes
04/12/2025 9:26,CR-005,2025-04-12 09:26:30-CR-005,10.5164,-61.4115,Chaguanas,1.27,1.41,13,15.2,26.6,26.6,79.4,84.5,Yes,Yes
04/12/2025 9:26,CR-005,2025-04-12 09:26:45-CR-005,10.5164,-61.4115,Chaguanas,0.96,1.06,10.3,11.8,27.1,27.2,75.8,81.3,Yes,Yes
04/12/2025 9:27,CR-005,2025-04-12 09:27:00-CR-005,10.5164,-61.4115,Chaguanas,1.25,1.25,12.1,14.5,27.8,27.7,75.9,80.3,Yes,Yes
04/12/2025 9:27,CR-005,2025-04-12 09:27:15-CR-005,10.5164,-61.4115,Chaguanas,0.62,0.7,14.5,16.4,26.8,26.7,80.6,86.8,Yes,Yes
04/12/2025 9:27,CR-005,2025-04-12 09:27:30-CR-005,10.5164,-61.4115,Chaguanas,1.07,1.18,10.6,13.2,26,25.7,79.7,85.6,Yes,Yes
04/12/2025 9:27,CR-005,2025-04-12 09:27:45-CR-005,10.5164,-61.4115,Chaguanas,0.64,0.77,13.2,15.7,27.6,27.1,71.4,76.6,Yes,Yes
04/12/2025 9:28,CR-005,2025-04-12 09:28:00-CR-005,10.5164,-61.4115,Chaguanas,1.46,1.62,10.5,13.2,26.3,26,77,83.4,Yes,Yes
04/12/2025 9:28,CR-005,2025-04-12 09:28:15-CR-005,10.5164,-61.4115,Chaguanas,1.2,1.27,13.3,14.1,28,27.5,75.8,80.9,Yes,Yes
04/12/2025 9:28,CR-005,2025-04-12 09:28:30-CR-005,10.5164,-61.4115,Chaguanas,1.33,1.43,10.5,11.6,27.5,27,83.8,87.5,Yes,Yes
04/12/2025 9:28,CR-005,2025-04-12 09:28:45-CR-005,10.5164,-61.4115,Chaguanas,1.17,1.29,14,15.1,27.1,26.9,73.7,77.6,Yes,Yes
04/12/2025 9:29,CR-005,2025-04-12 09:29:00-CR-005,10.5164,-61.4115,Chaguanas,0.93,1.1,12.3,14.9,27.5,27.5,79.2,83.2,Yes,Yes
04/12/2025 9:29,CR-005,2025-04-12 09:29:15-CR-005,10.5164,-61.4115,Chaguanas,1.11,1.07,10.2,12,27.4,27.3,78.8,82.7,Yes,Yes
04/12/2025 9:29,CR-005,2025-04-12 09:29:30-CR-005,10.5164,-61.4115,Chaguanas,1.05,1.11,11.1,12.9,26.7,26.3,76.7,81.4,Yes,Yes
04/12/2025 9:29,CR-005,2025-04-12 09:29:45-CR-005,10.5164,-61.4115,Chaguanas,0.93,1.02,11.2,13,27.4,27.4,84.7,88.4,Yes,Yes
04/12/2025 9:30,CR-005,2025-04-12 09:30:00-CR-005,10.5164,-61.4115,Chaguanas,0.69,0.77,11.1,13.4,27,26.9,82.9,86.7,Yes,Yes
04/12/2025 9:00,CR-006,2025-04-12 09:00:00-CR-006,10.6102,-61.3361,Kelly Village,0.88,0.86,15,14.7,26.3,26,82.4,81.6,No,No
04/12/2025 9:00,CR-006,2025-04-12 09:00:15-CR-006,10.6102,-61.3361,Kelly Village,1.36,1.32,11.5,11.3,27.5,27.7,74.8,75.1,No,No
04/12/2025 9:00,CR-006,2025-04-12 09:00:30-CR-006,10.6102,-61.3361,Kelly Village,1.17,1.22,12.1,12.4,26.6,26.4,82.1,80.6,No,No
04/12/2025 9:00,CR-006,2025-04-12 09:00:45-CR-006,10.6102,-61.3361,Kelly Village,1.45,1.39,10.2,9,27.5,27.2,84.3,85,No,No
04/12/2025 9:01,CR-006,2025-04-12 09:01:00-CR-006,10.6102,-61.3361,Kelly Village,1.3,1.35,13.7,14.7,27.9,27.9,78,78.3,No,No
04/12/2025 9:01,CR-006,2025-04-12 09:01:15-CR-006,10.6102,-61.3361,Kelly Village,0.74,0.79,12.1,12,26.2,26.3,84.9,85,No,No
04/12/2025 9:01,CR-006,2025-04-12 09:01:30-CR-006,10.6102,-61.3361,Kelly Village,1.03,1.15,13.9,12.8,26.8,27,77.1,77.9,No,No
04/12/2025 9:01,CR-006,2025-04-12 09:01:45-CR-006,10.6102,-61.3361,Kelly Village,0.51,0.5,10.1,10.3,26.9,27.1,73,70.3,No,No
04/12/2025 9:02,CR-006,2025-04-12 09:02:00-CR-006,10.6102,-61.3361,Kelly Village,0.62,0.73,13.4,13.6,27.3,27.1,80.7,80.1,No,No
04/12/2025 9:02,CR-006,2025-04-12 09:02:15-CR-006,10.6102,-61.3361,Kelly Village,0.92,0.9,13.6,13.9,26.8,26.8,77.9,78.6,No,No
04/12/2025 9:02,CR-006,2025-04-12 09:02:30-CR-006,10.6102,-61.3361,Kelly Village,1.21,1.16,14.2,13.8,27.4,27.5,72.9,72.7,No,No
04/12/2025 9:02,CR-006,2025-04-12 09:02:45-CR-006,10.6102,-61.3361,Kelly Village,1.25,1.25,12.6,12.4,26.1,26.2,76.5,77.1,No,No
04/12/2025 9:03,CR-006,2025-04-12 09:03:00-CR-006,10.6102,-61.3361,Kelly Village,0.74,0.71,12,12.1,27.9,28.2,81.8,80.7,No,No
04/12/2025 9:03,CR-006,2025-04-12 09:03:15-CR-006,10.6102,-61.3361,Kelly Village,0.98,0.88,11.6,11.9,27,26.9,82.3,81.5,No,No
04/12/2025 9:03,CR-006,2025-04-12 09:03:30-CR-006,10.6102,-61.3361,Kelly Village,1.2,1.22,10.8,11.3,27.7,27.6,80,77,No,No
04/12/2025 9:03,CR-006,2025-04-12 09:03:45-CR-006,10.6102,-61.3361,Kelly Village,1.19,1.18,10.7,10.4,27.6,27.7,78.4,78.1,No,No
04/12/2025 9:04,CR-006,2025-04-12 09:04:00-CR-006,10.6102,-61.3361,Kelly Village,0.86,0.86,11.2,10.9,27.1,26.9,84.2,84.6,No,No
04/12/2025 9:04,CR-006,2025-04-12 09:04:15-CR-006,10.6102,-61.3361,Kelly Village,0.86,0.77,14.9,14.4,26.2,26.1,72.5,71.3,No,No
04/12/2025 9:04,CR-006,2025-04-12 09:04:30-CR-006,10.6102,-61.3361,Kelly Village,0.98,0.94,10.2,10.3,26.5,26.6,80.5,81.9,No,No
04/12/2025 9:04,CR-006,2025-04-12 09:04:45-CR-006,10.6102,-61.3361,Kelly Village,0.91,0.85,11.6,12,26.7,26.5,83.6,83.1,No,No
04/12/2025 9:05,CR-006,2025-04-12 09:05:00-CR-006,10.6102,-61.3361,Kelly Village,0.6,0.62,13.8,13.4,28,28.4,83.6,82.7,No,No
04/12/2025 9:05,CR-006,2025-04-12 09:05:15-CR-006,10.6102,-61.3361,Kelly Village,0.9,0.82,11.9,12,27.9,27.7,72.7,72.9,No,No
04/12/2025 9:05,CR-006,2025-04-12 09:05:30-CR-006,10.6102,-61.3361,Kelly Village,0.69,0.65,12.6,12.3,27.7,27.5,74.7,74,No,No
04/12/2025 9:05,CR-006,2025-04-12 09:05:45-CR-006,10.6102,-61.3361,Kelly Village,1.21,1.2,10,8.7,26.8,26.5,71.9,73,No,No
04/12/2025 9:06,CR-006,2025-04-12 09:06:00-CR-006,10.6102,-61.3361,Kelly Village,0.85,0.86,14.7,15.5,27.1,27.3,71.4,71.3,No,No
04/12/2025 9:06,CR-006,2025-04-12 09:06:15-CR-006,10.6102,-61.3361,Kelly Village,1.1,1.21,13.7,13.5,27.4,27.7,84.2,83.6,No,No
04/12/2025 9:06,CR-006,2025-04-12 09:06:30-CR-006,10.6102,-61.3361,Kelly Village,0.66,0.67,11.8,11.2,26.3,26.2,72.2,70.6,No,No
04/12/2025 9:06,CR-006,2025-04-12 09:06:45-CR-006,10.6102,-61.3361,Kelly Village,1.46,1.48,14.3,14.5,26.8,26.7,71.5,70.8,No,No
04/12/2025 9:07,CR-006,2025-04-12 09:07:00-CR-006,10.6102,-61.3361,Kelly Village,0.58,0.53,10.6,9.6,27.3,27.2,76.6,77,No,No
04/12/2025 9:07,CR-006,2025-04-12 09:07:15-CR-006,10.6102,-61.3361,Kelly Village,0.77,0.77,12.7,13.7,27.2,27.6,76.2,77.6,No,No
04/12/2025 9:07,CR-006,2025-04-12 09:07:30-CR-006,10.6102,-61.3361,Kelly Village,0.51,0.55,11,11.4,26.1,25.9,75.6,75,No,No
04/12/2025 9:07,CR-006,2025-04-12 09:07:45-CR-006,10.6102,-61.3361,Kelly Village,1.04,1.02,14.3,15.2,26.7,26.6,72.5,74,Yes,No
04/12/2025 9:08,CR-006,2025-04-12 09:08:00-CR-006,10.6102,-61.3361,Kelly Village,0.79,0.71,12.4,12.1,26.1,26.3,81.4,82.3,Yes,No
04/12/2025 9:08,CR-006,2025-04-12 09:08:15-CR-006,10.6102,-61.3361,Kelly Village,0.56,0.6,12.3,11.4,26.7,26.7,80.6,81.8,Yes,No
04/12/2025 9:08,CR-006,2025-04-12 09:08:30-CR-006,10.6102,-61.3361,Kelly Village,1.21,1.17,12.3,12.5,26.5,26.6,75.8,77.4,Yes,No
04/12/2025 9:08,CR-006,2025-04-12 09:08:45-CR-006,10.6102,-61.3361,Kelly Village,0.82,0.9,10.7,11.1,26.4,26.6,75,75.2,Yes,No
04/12/2025 9:09,CR-006,2025-04-12 09:09:00-CR-006,10.6102,-61.3361,Kelly Village,1.29,1.28,13.6,14.5,27.4,27.3,71.8,71.9,Yes,No
04/12/2025 9:09,CR-006,2025-04-12 09:09:15-CR-006,10.6102,-61.3361,Kelly Village,1.13,1.01,14.7,14.5,27.3,27.3,74.4,75.1,Yes,No
04/12/2025 9:09,CR-006,2025-04-12 09:09:30-CR-006,10.6102,-61.3361,Kelly Village,1.5,1.52,11.1,10.7,27.3,27.3,76,75.8,Yes,No
04/12/2025 9:09,CR-006,2025-04-12 09:09:45-CR-006,10.6102,-61.3361,Kelly Village,1.04,1.01,14.2,13.9,26.9,26.8,73.9,74.5,Yes,No
04/12/2025 9:10,CR-006,2025-04-12 09:10:00-CR-006,10.6102,-61.3361,Kelly Village,1.13,1.09,14.3,14.1,27.8,28,71.1,71.7,Yes,No
04/12/2025 9:10,CR-006,2025-04-12 09:10:15-CR-006,10.6102,-61.3361,Kelly Village,0.55,0.59,13.3,15.3,26,25.8,76.1,81.4,Yes,Yes
04/12/2025 9:10,CR-006,2025-04-12 09:10:30-CR-006,10.6102,-61.3361,Kelly Village,1.15,1.14,10.3,12.7,26.8,26.9,73.1,78.6,Yes,Yes
04/12/2025 9:10,CR-006,2025-04-12 09:10:45-CR-006,10.6102,-61.3361,Kelly Village,1.24,1.38,10.6,13.4,27,26.6,82.3,86.6,Yes,Yes
04/12/2025 9:11,CR-006,2025-04-12 09:11:00-CR-006,10.6102,-61.3361,Kelly Village,0.89,1.02,13.6,15.4,27.2,26.7,79.8,86.1,Yes,Yes
04/12/2025 9:11,CR-006,2025-04-12 09:11:15-CR-006,10.6102,-61.3361,Kelly Village,0.55,0.61,12.6,13.4,26.7,26.5,70.5,75.3,Yes,Yes
04/12/2025 9:11,CR-006,2025-04-12 09:11:30-CR-006,10.6102,-61.3361,Kelly Village,0.87,1,13.2,15.1,27.1,26.9,76.4,81.5,Yes,Yes
04/12/2025 9:11,CR-006,2025-04-12 09:11:45-CR-006,10.6102,-61.3361,Kelly Village,1.15,1.2,10.3,13,26.1,26.1,78.9,84.3,Yes,Yes
04/12/2025 9:12,CR-006,2025-04-12 09:12:00-CR-006,10.6102,-61.3361,Kelly Village,0.54,0.67,11,12.5,26.5,26.3,73.5,78,Yes,Yes
04/12/2025 9:12,CR-006,2025-04-12 09:12:15-CR-006,10.6102,-61.3361,Kelly Village,0.75,0.78,14.6,16.4,26.3,26.5,73.1,77.4,Yes,Yes
04/12/2025 9:12,CR-006,2025-04-12 09:12:30-CR-006,10.6102,-61.3361,Kelly Village,0.87,0.99,14.2,17.4,27.9,27.9,79.9,85.5,Yes,Yes
04/12/2025 9:12,CR-006,2025-04-12 09:12:45-CR-006,10.6102,-61.3361,Kelly Village,0.58,0.61,11.9,13.5,26.6,26.6,78.5,83.4,Yes,Yes
04/12/2025 9:13,CR-006,2025-04-12 09:13:00-CR-006,10.6102,-61.3361,Kelly Village,1.11,1.25,13.9,15.5,27.2,26.8,74.2,79.2,Yes,Yes
04/12/2025 9:13,CR-006,2025-04-12 09:13:15-CR-006,10.6102,-61.3361,Kelly Village,1.1,1.21,14.5,16,27.2,26.6,70.8,75.2,Yes,Yes
04/12/2025 9:13,CR-006,2025-04-12 09:13:30-CR-006,10.6102,-61.3361,Kelly Village,1.19,1.34,11,12.8,27.4,27.2,71.8,77,Yes,Yes
04/12/2025 9:13,CR-006,2025-04-12 09:13:45-CR-006,10.6102,-61.3361,Kelly Village,1.09,1.19,14.2,16,26.7,26.7,71.4,77.4,Yes,Yes
04/12/2025 9:14,CR-006,2025-04-12 09:14:00-CR-006,10.6102,-61.3361,Kelly Village,1.3,1.43,11.2,14.1,26.8,26.7,80.3,85.5,Yes,Yes
04/12/2025 9:14,CR-006,2025-04-12 09:14:15-CR-006,10.6102,-61.3361,Kelly Village,1.25,1.28,13.2,15.9,27.2,27.3,77.9,83,Yes,Yes
04/12/2025 9:14,CR-006,2025-04-12 09:14:30-CR-006,10.6102,-61.3361,Kelly Village,0.51,0.61,14.4,17.1,26.8,26.8,79.9,85.5,Yes,Yes
04/12/2025 9:14,CR-006,2025-04-12 09:14:45-CR-006,10.6102,-61.3361,Kelly Village,0.81,0.89,13.4,15.1,26.7,26.6,84,87.9,Yes,Yes
04/12/2025 9:15,CR-006,2025-04-12 09:15:00-CR-006,10.6102,-61.3361,Kelly Village,0.81,0.94,11.7,14.2,26.3,26.3,72.4,77.2,Yes,Yes
04/12/2025 9:15,CR-006,2025-04-12 09:15:15-CR-006,10.6102,-61.3361,Kelly Village,0.96,1.08,12.2,13.8,27.3,26.9,79.6,84.9,Yes,Yes
04/12/2025 9:15,CR-006,2025-04-12 09:15:30-CR-006,10.6102,-61.3361,Kelly Village,1.19,1.31,11.3,14,27.2,26.8,77.7,82.4,Yes,Yes
04/12/2025 9:15,CR-006,2025-04-12 09:15:45-CR-006,10.6102,-61.3361,Kelly Village,1.24,1.4,11,12.5,26.7,26.3,70.9,76.3,Yes,Yes
04/12/2025 9:16,CR-006,2025-04-12 09:16:00-CR-006,10.6102,-61.3361,Kelly Village,0.56,0.62,14.7,17,26.8,26.6,71.3,76.9,Yes,Yes
04/12/2025 9:16,CR-006,2025-04-12 09:16:15-CR-006,10.6102,-61.3361,Kelly Village,1.25,1.37,12.5,13.9,27.6,27.5,72.8,77.8,Yes,Yes
04/12/2025 9:16,CR-006,2025-04-12 09:16:30-CR-006,10.6102,-61.3361,Kelly Village,1.38,1.39,14.7,16,26,25.7,70.1,76.7,Yes,Yes
04/12/2025 9:16,CR-006,2025-04-12 09:16:45-CR-006,10.6102,-61.3361,Kelly Village,1.07,1.22,12.2,14.3,27.3,26.9,77.9,83.1,Yes,Yes
04/12/2025 9:17,CR-006,2025-04-12 09:17:00-CR-006,10.6102,-61.3361,Kelly Village,1.43,1.53,13.7,15.5,26.9,26.7,78.2,83.5,Yes,Yes
04/12/2025 9:17,CR-006,2025-04-12 09:17:15-CR-006,10.6102,-61.3361,Kelly Village,1.08,1.19,14.8,16.4,27.1,26.8,76.5,82,Yes,Yes
04/12/2025 9:17,CR-006,2025-04-12 09:17:30-CR-006,10.6102,-61.3361,Kelly Village,1.22,1.41,12.9,15,27.3,26.8,71.7,76.2,Yes,Yes
04/12/2025 9:17,CR-006,2025-04-12 09:17:45-CR-006,10.6102,-61.3361,Kelly Village,1.32,1.46,12,13.4,27.1,27,73.5,78.9,Yes,Yes
04/12/2025 9:18,CR-006,2025-04-12 09:18:00-CR-006,10.6102,-61.3361,Kelly Village,1.08,1.26,13.6,15.6,27,27,80.7,84.6,Yes,Yes
04/12/2025 9:18,CR-006,2025-04-12 09:18:15-CR-006,10.6102,-61.3361,Kelly Village,1.06,1.23,10.5,12.5,27.5,27.1,73.6,78.9,Yes,Yes
04/12/2025 9:18,CR-006,2025-04-12 09:18:30-CR-006,10.6102,-61.3361,Kelly Village,0.52,0.64,10.7,11.6,26.4,26.2,78.7,83,Yes,Yes
04/12/2025 9:18,CR-006,2025-04-12 09:18:45-CR-006,10.6102,-61.3361,Kelly Village,0.86,1.03,10.6,13.1,27.1,27.2,80.2,84.3,Yes,Yes
04/12/2025 9:19,CR-006,2025-04-12 09:19:00-CR-006,10.6102,-61.3361,Kelly Village,0.99,1.13,11.9,13.5,26.6,26.2,74.9,81.3,Yes,Yes
04/12/2025 9:19,CR-006,2025-04-12 09:19:15-CR-006,10.6102,-61.3361,Kelly Village,1.09,1.19,14.5,16.5,27.4,27.3,82.7,87.3,Yes,Yes
04/12/2025 9:19,CR-006,2025-04-12 09:19:30-CR-006,10.6102,-61.3361,Kelly Village,1.14,1.34,14.4,17.2,27.8,27.5,71.3,76.5,Yes,Yes
04/12/2025 9:19,CR-006,2025-04-12 09:19:45-CR-006,10.6102,-61.3361,Kelly Village,0.55,0.72,12.7,14.7,27,26.9,78.5,81.9,Yes,Yes
04/12/2025 9:20,CR-006,2025-04-12 09:20:00-CR-006,10.6102,-61.3361,Kelly Village,1.07,1.19,14.2,16.2,27.4,27.3,78.7,85,Yes,Yes
04/12/2025 9:20,CR-006,2025-04-12 09:20:15-CR-006,10.6102,-61.3361,Kelly Village,0.63,0.63,14.4,17,26.6,26.9,72.6,78,Yes,Yes
04/12/2025 9:20,CR-006,2025-04-12 09:20:30-CR-006,10.6102,-61.3361,Kelly Village,0.88,1.01,11.1,11.9,27.6,27.6,70.5,74.9,Yes,Yes
04/12/2025 9:20,CR-006,2025-04-12 09:20:45-CR-006,10.6102,-61.3361,Kelly Village,0.76,0.86,11.4,12.3,26.3,26.2,73,77.7,Yes,Yes
04/12/2025 9:21,CR-006,2025-04-12 09:21:00-CR-006,10.6102,-61.3361,Kelly Village,0.72,0.85,11.6,13.8,26.3,26.1,72.4,78.4,Yes,Yes
04/12/2025 9:21,CR-006,2025-04-12 09:21:15-CR-006,10.6102,-61.3361,Kelly Village,0.59,0.69,12.9,14.3,27.1,26.9,72.5,77.1,Yes,Yes
04/12/2025 9:21,CR-006,2025-04-12 09:21:30-CR-006,10.6102,-61.3361,Kelly Village,1.27,1.34,13.6,15.9,27.1,26.7,80.1,84.1,Yes,Yes
04/12/2025 9:21,CR-006,2025-04-12 09:21:45-CR-006,10.6102,-61.3361,Kelly Village,1.33,1.4,13.7,15,27.9,27.3,72,75.7,Yes,Yes
04/12/2025 9:22,CR-006,2025-04-12 09:22:00-CR-006,10.6102,-61.3361,Kelly Village,1.29,1.48,13.6,15.8,27.8,27.7,79.4,83.2,Yes,Yes
04/12/2025 9:22,CR-006,2025-04-12 09:22:15-CR-006,10.6102,-61.3361,Kelly Village,0.76,0.79,11.4,14.6,26.2,25.8,82,86.7,Yes,Yes
04/12/2025 9:22,CR-006,2025-04-12 09:22:30-CR-006,10.6102,-61.3361,Kelly Village,0.73,0.81,12.4,14.3,27.1,26.8,71.4,76.2,Yes,Yes
04/12/2025 9:22,CR-006,2025-04-12 09:22:45-CR-006,10.6102,-61.3361,Kelly Village,1.48,1.54,13.3,15.8,27.8,27.5,81.4,88.3,Yes,Yes
04/12/2025 9:23,CR-006,2025-04-12 09:23:00-CR-006,10.6102,-61.3361,Kelly Village,0.72,0.79,12.2,13.6,26.1,25.8,79.6,85.3,Yes,Yes
04/12/2025 9:23,CR-006,2025-04-12 09:23:15-CR-006,10.6102,-61.3361,Kelly Village,1.3,1.29,12.8,15.1,27.8,27.6,78.7,85.1,Yes,Yes
04/12/2025 9:23,CR-006,2025-04-12 09:23:30-CR-006,10.6102,-61.3361,Kelly Village,0.74,0.84,13.5,15.6,27.1,26.7,71.8,76.1,Yes,Yes
04/12/2025 9:23,CR-006,2025-04-12 09:23:45-CR-006,10.6102,-61.3361,Kelly Village,1.01,1.07,10.9,12.6,26.2,26.1,77.9,84,Yes,Yes
04/12/2025 9:24,CR-006,2025-04-12 09:24:00-CR-006,10.6102,-61.3361,Kelly Village,1.23,1.35,10.6,12.3,27.6,27.4,84.4,90.8,Yes,Yes
04/12/2025 9:24,CR-006,2025-04-12 09:24:15-CR-006,10.6102,-61.3361,Kelly Village,0.78,0.85,12.2,14,26.3,26.3,78.7,83.8,Yes,Yes
04/12/2025 9:24,CR-006,2025-04-12 09:24:30-CR-006,10.6102,-61.3361,Kelly Village,0.99,1.13,10.2,12.5,27.7,27.9,78.7,84.8,Yes,Yes
04/12/2025 9:24,CR-006,2025-04-12 09:24:45-CR-006,10.6102,-61.3361,Kelly Village,1.28,1.42,11.9,13.7,27,26.6,71.5,74.8,Yes,Yes
04/12/2025 9:25,CR-006,2025-04-12 09:25:00-CR-006,10.6102,-61.3361,Kelly Village,1.45,1.52,13.7,16.1,26.2,25.8,73.5,77.7,Yes,Yes
04/12/2025 9:25,CR-006,2025-04-12 09:25:15-CR-006,10.6102,-61.3361,Kelly Village,0.91,1.03,14.2,16.3,26.1,25.6,79.4,83.9,Yes,Yes
04/12/2025 9:25,CR-006,2025-04-12 09:25:30-CR-006,10.6102,-61.3361,Kelly Village,0.68,0.72,11.2,12.4,26.7,26.5,82.5,88.3,Yes,Yes
04/12/2025 9:25,CR-006,2025-04-12 09:25:45-CR-006,10.6102,-61.3361,Kelly Village,1.02,1.15,10.9,13,26.7,26.1,80.9,86.6,Yes,Yes
04/12/2025 9:26,CR-006,2025-04-12 09:26:00-CR-006,10.6102,-61.3361,Kelly Village,0.67,0.74,13.4,15.6,28,27.7,77.7,82.2,Yes,Yes
04/12/2025 9:26,CR-006,2025-04-12 09:26:15-CR-006,10.6102,-61.3361,Kelly Village,1.38,1.49,10,12.4,27.9,27.9,74.1,80.3,Yes,Yes
04/12/2025 9:26,CR-006,2025-04-12 09:26:30-CR-006,10.6102,-61.3361,Kelly Village,1.2,1.36,11.7,13.2,26.7,26.3,83,89.8,Yes,Yes
04/12/2025 9:26,CR-006,2025-04-12 09:26:45-CR-006,10.6102,-61.3361,Kelly Village,0.89,0.92,11.4,13.7,26.8,26.5,77.3,83,Yes,Yes
04/12/2025 9:27,CR-006,2025-04-12 09:27:00-CR-006,10.6102,-61.3361,Kelly Village,1.14,1.19,12.1,14.3,26.5,26.4,71.5,75.8,Yes,Yes
04/12/2025 9:27,CR-006,2025-04-12 09:27:15-CR-006,10.6102,-61.3361,Kelly Village,1.41,1.49,12.4,13.8,26.3,26.1,75.8,81.4,Yes,Yes
04/12/2025 9:27,CR-006,2025-04-12 09:27:30-CR-006,10.6102,-61.3361,Kelly Village,0.73,0.81,13.8,15.1,27.6,27.5,72.6,78.7,Yes,Yes
04/12/2025 9:27,CR-006,2025-04-12 09:27:45-CR-006,10.6102,-61.3361,Kelly Village,1.38,1.52,14.9,17.5,27.6,26.9,74,79.8,Yes,Yes
04/12/2025 9:28,CR-006,2025-04-12 09:28:00-CR-006,10.6102,-61.3361,Kelly Village,0.76,0.95,13.4,15.8,27.9,27.7,81.2,87.2,Yes,Yes
04/12/2025 9:28,CR-006,2025-04-12 09:28:15-CR-006,10.6102,-61.3361,Kelly Village,0.64,0.8,12.7,14.9,27.9,27.7,77.2,83.5,Yes,Yes
04/12/2025 9:28,CR-006,2025-04-12 09:28:30-CR-006,10.6102,-61.3361,Kelly Village,0.75,0.77,14.3,16.6,26.4,26.5,70.7,74.5,Yes,Yes
04/12/2025 9:28,CR-006,2025-04-12 09:28:45-CR-006,10.6102,-61.3361,Kelly Village,0.77,0.96,11.3,13.5,27.8,27.8,74.7,80.1,Yes,Yes
04/12/2025 9:29,CR-006,2025-04-12 09:29:00-CR-006,10.6102,-61.3361,Kelly Village,0.68,0.8,14.4,16.5,26.4,26.5,82.9,88.3,Yes,Yes
04/12/2025 9:29,CR-006,2025-04-12 09:29:15-CR-006,10.6102,-61.3361,Kelly Village,1.35,1.58,11.1,13.4,27,26.7,79.4,83.2,Yes,Yes
04/12/2025 9:29,CR-006,2025-04-12 09:29:30-CR-006,10.6102,-61.3361,Kelly Village,0.98,1.01,11.4,13.2,27.9,27.9,83.9,87.8,Yes,Yes
04/12/2025 9:29,CR-006,2025-04-12 09:29:45-CR-006,10.6102,-61.3361,Kelly Village,0.93,1.03,10.9,13.4,26.6,26.4,79.7,83.6,Yes,Yes
04/12/2025 9:30,CR-006,2025-04-12 09:30:00-CR-006,10.6102,-61.3361,Kelly Village,1.3,1.41,10,12,26.4,25.8,84,87.8,Yes,Yes
04/12/2025 9:00,CR-007,2025-04-12 09:00:00-CR-007,10.6261,-61.3647,Las Lomas,0.79,0.86,11.7,11.6,27.6,27.6,78.4,78.4,No,No
04/12/2025 9:00,CR-007,2025-04-12 09:00:15-CR-007,10.6261,-61.3647,Las Lomas,0.93,0.94,10,10.1,27.8,28,78.9,79.3,No,No
04/12/2025 9:00,CR-007,2025-04-12 09:00:30-CR-007,10.6261,-61.3647,Las Lomas,1.24,1.33,11,11,27.3,27.2,71,71.4,No,No
04/12/2025 9:00,CR-007,2025-04-12 09:00:45-CR-007,10.6261,-61.3647,Las Lomas,1.45,1.45,12.9,13.5,26.1,26.2,73.2,73.6,No,No
04/12/2025 9:01,CR-007,2025-04-12 09:01:00-CR-007,10.6261,-61.3647,Las Lomas,0.79,0.79,12.9,13,27.2,27.5,70.2,70.4,No,No
04/12/2025 9:01,CR-007,2025-04-12 09:01:15-CR-007,10.6261,-61.3647,Las Lomas,1.46,1.56,14.5,14.9,27.2,27.5,70.9,69.9,No,No
04/12/2025 9:01,CR-007,2025-04-12 09:01:30-CR-007,10.6261,-61.3647,Las Lomas,1.16,1.21,14.5,14.4,27.2,26.8,80.3,79.8,No,No
04/12/2025 9:01,CR-007,2025-04-12 09:01:45-CR-007,10.6261,-61.3647,Las Lomas,0.72,0.79,12,10.7,26.6,26.6,73.1,72.8,No,No
04/12/2025 9:02,CR-007,2025-04-12 09:02:00-CR-007,10.6261,-61.3647,Las Lomas,0.84,0.83,10.4,10.2,27.4,27.4,73.8,73.3,No,No
04/12/2025 9:02,CR-007,2025-04-12 09:02:15-CR-007,10.6261,-61.3647,Las Lomas,0.88,0.94,10.6,11.3,26.9,27.3,73.4,73.5,No,No
04/12/2025 9:02,CR-007,2025-04-12 09:02:30-CR-007,10.6261,-61.3647,Las Lomas,0.53,0.49,11.9,12.7,28,28.1,76.8,77.9,No,No
04/12/2025 9:02,CR-007,2025-04-12 09:02:45-CR-007,10.6261,-61.3647,Las Lomas,1.05,1.06,14.4,14.3,28,27.9,83.6,83.3,No,No
04/12/2025 9:03,CR-007,2025-04-12 09:03:00-CR-007,10.6261,-61.3647,Las Lomas,0.73,0.77,14.5,14.8,27,26.9,71.6,72.6,No,No
04/12/2025 9:03,CR-007,2025-04-12 09:03:15-CR-007,10.6261,-61.3647,Las Lomas,1,1.08,13.8,14.7,27.4,27.5,81.8,83.6,No,No
04/12/2025 9:03,CR-007,2025-04-12 09:03:30-CR-007,10.6261,-61.3647,Las Lomas,1.46,1.45,13.5,13.1,27,26.9,71.3,74.3,No,No
04/12/2025 9:03,CR-007,2025-04-12 09:03:45-CR-007,10.6261,-61.3647,Las Lomas,1.32,1.35,14.8,15.6,26.8,27,81.2,81.6,No,No
04/12/2025 9:04,CR-007,2025-04-12 09:04:00-CR-007,10.6261,-61.3647,Las Lomas,0.88,0.83,13.9,14.2,27,26.9,77,78.6,No,No
04/12/2025 9:04,CR-007,2025-04-12 09:04:15-CR-007,10.6261,-61.3647,Las Lomas,0.77,0.84,13.7,13.9,26,26.1,80.8,80.6,No,No
04/12/2025 9:04,CR-007,2025-04-12 09:04:30-CR-007,10.6261,-61.3647,Las Lomas,0.74,0.81,10.9,11.1,26.9,27,83,83.7,No,No
04/12/2025 9:04,CR-007,2025-04-12 09:04:45-CR-007,10.6261,-61.3647,Las Lomas,0.95,0.97,14.9,14.8,27.7,27.6,80.5,82,No,No
04/12/2025 9:05,CR-007,2025-04-12 09:05:00-CR-007,10.6261,-61.3647,Las Lomas,1.26,1.24,12,11.9,27.7,27.9,77.3,78.1,No,No
04/12/2025 9:05,CR-007,2025-04-12 09:05:15-CR-007,10.6261,-61.3647,Las Lomas,0.62,0.63,11.6,12.3,27.5,27.8,77.4,79,No,No
04/12/2025 9:05,CR-007,2025-04-12 09:05:30-CR-007,10.6261,-61.3647,Las Lomas,1.1,1.1,11.3,11.7,26.5,26.6,83.4,83.1,No,No
04/12/2025 9:05,CR-007,2025-04-12 09:05:45-CR-007,10.6261,-61.3647,Las Lomas,1.33,1.37,13.6,14.1,27.7,27.4,83.9,84.1,No,No
04/12/2025 9:06,CR-007,2025-04-12 09:06:00-CR-007,10.6261,-61.3647,Las Lomas,0.66,0.7,14.9,14.8,27.3,27.5,73.7,73.2,No,No
04/12/2025 9:06,CR-007,2025-04-12 09:06:15-CR-007,10.6261,-61.3647,Las Lomas,1.02,1.01,12.9,13.1,26.3,26.5,81.3,80.7,No,No
04/12/2025 9:06,CR-007,2025-04-12 09:06:30-CR-007,10.6261,-61.3647,Las Lomas,0.79,0.79,13.2,14,27.1,27.4,84.9,85.3,No,No
04/12/2025 9:06,CR-007,2025-04-12 09:06:45-CR-007,10.6261,-61.3647,Las Lomas,0.96,1.02,13.6,13.1,27.1,26.7,76,76.5,No,No
04/12/2025 9:07,CR-007,2025-04-12 09:07:00-CR-007,10.6261,-61.3647,Las Lomas,1.41,1.42,10.5,10.3,26.4,26.6,79.5,78,No,No
04/12/2025 9:07,CR-007,2025-04-12 09:07:15-CR-007,10.6261,-61.3647,Las Lomas,0.73,0.67,12.7,13.2,26.4,26,81.9,81.8,No,No
04/12/2025 9:07,CR-007,2025-04-12 09:07:30-CR-007,10.6261,-61.3647,Las Lomas,0.96,0.91,10.2,11,27.1,27.2,83,84.5,No,No
04/12/2025 9:07,CR-007,2025-04-12 09:07:45-CR-007,10.6261,-61.3647,Las Lomas,0.6,0.66,10.7,11,26.8,26.8,73.8,74.2,Yes,No
04/12/2025 9:08,CR-007,2025-04-12 09:08:00-CR-007,10.6261,-61.3647,Las Lomas,0.83,0.87,10.3,10.5,26.3,26.3,83.8,84.8,Yes,No
04/12/2025 9:08,CR-007,2025-04-12 09:08:15-CR-007,10.6261,-61.3647,Las Lomas,1.12,1.15,12.4,12.9,26.2,25.8,81.9,83.4,Yes,No
04/12/2025 9:08,CR-007,2025-04-12 09:08:30-CR-007,10.6261,-61.3647,Las Lomas,0.54,0.42,13.3,13.4,26.5,26.6,74.6,73.9,Yes,No
04/12/2025 9:08,CR-007,2025-04-12 09:08:45-CR-007,10.6261,-61.3647,Las Lomas,0.64,0.55,14.9,14.1,27.6,27.7,84.7,84.8,Yes,No
04/12/2025 9:09,CR-007,2025-04-12 09:09:00-CR-007,10.6261,-61.3647,Las Lomas,0.59,0.68,12.6,12.3,26.6,26.3,83.9,81.9,Yes,No
04/12/2025 9:09,CR-007,2025-04-12 09:09:15-CR-007,10.6261,-61.3647,Las Lomas,0.67,0.61,13.8,14.4,26.9,26.9,71.7,72.9,Yes,No
04/12/2025 9:09,CR-007,2025-04-12 09:09:30-CR-007,10.6261,-61.3647,Las Lomas,0.66,0.68,14.2,13.7,27.1,27.2,74.5,73.3,Yes,No
04/12/2025 9:09,CR-007,2025-04-12 09:09:45-CR-007,10.6261,-61.3647,Las Lomas,1.22,1.26,15,14.9,26.4,26.5,72.3,72.1,Yes,No
04/12/2025 9:10,CR-007,2025-04-12 09:10:00-CR-007,10.6261,-61.3647,Las Lomas,0.67,0.6,12.9,12.9,27.7,27.7,82.7,81.8,Yes,No
04/12/2025 9:10,CR-007,2025-04-12 09:10:15-CR-007,10.6261,-61.3647,Las Lomas,1,1.15,12.4,15.1,27.9,27.8,72.7,76.3,Yes,Yes
04/12/2025 9:10,CR-007,2025-04-12 09:10:30-CR-007,10.6261,-61.3647,Las Lomas,0.65,0.8,12,13.7,27.9,27.4,76.9,80.8,Yes,Yes
04/12/2025 9:10,CR-007,2025-04-12 09:10:45-CR-007,10.6261,-61.3647,Las Lomas,0.61,0.74,14.5,16.6,27.7,27.2,72.4,77.6,Yes,Yes
04/12/2025 9:11,CR-007,2025-04-12 09:11:00-CR-007,10.6261,-61.3647,Las Lomas,1,1.14,13.7,16,26.1,25.9,73,77.7,Yes,Yes
04/12/2025 9:11,CR-007,2025-04-12 09:11:15-CR-007,10.6261,-61.3647,Las Lomas,0.78,0.83,10.5,13.7,26.9,26.7,78.1,84.5,Yes,Yes
04/12/2025 9:11,CR-007,2025-04-12 09:11:30-CR-007,10.6261,-61.3647,Las Lomas,0.78,0.92,13.1,15,27.9,27.5,83,88.8,Yes,Yes
04/12/2025 9:11,CR-007,2025-04-12 09:11:45-CR-007,10.6261,-61.3647,Las Lomas,0.98,1.05,10.9,13,27.8,27.4,81.2,88.9,Yes,Yes
04/12/2025 9:12,CR-007,2025-04-12 09:12:00-CR-007,10.6261,-61.3647,Las Lomas,1.12,1.21,14.7,16.3,27.5,27.5,84.1,89.8,Yes,Yes
04/12/2025 9:12,CR-007,2025-04-12 09:12:15-CR-007,10.6261,-61.3647,Las Lomas,0.52,0.57,10.4,12.7,27.4,27.3,80.5,85.1,Yes,Yes
04/12/2025 9:12,CR-007,2025-04-12 09:12:30-CR-007,10.6261,-61.3647,Las Lomas,1.17,1.35,11.2,13.2,27.5,27.1,74.3,79.1,Yes,Yes
04/12/2025 9:12,CR-007,2025-04-12 09:12:45-CR-007,10.6261,-61.3647,Las Lomas,1.41,1.47,12.1,14.1,26.3,25.9,81.6,84.7,Yes,Yes
04/12/2025 9:13,CR-007,2025-04-12 09:13:00-CR-007,10.6261,-61.3647,Las Lomas,1.38,1.47,11.8,13.9,26.7,26.5,73.9,79.3,Yes,Yes
04/12/2025 9:13,CR-007,2025-04-12 09:13:15-CR-007,10.6261,-61.3647,Las Lomas,1.43,1.58,10.9,13.2,27.7,27.7,82.8,87.3,Yes,Yes
04/12/2025 9:13,CR-007,2025-04-12 09:13:30-CR-007,10.6261,-61.3647,Las Lomas,0.7,0.77,10.4,12,26.5,26,82.6,86.4,Yes,Yes
04/12/2025 9:13,CR-007,2025-04-12 09:13:45-CR-007,10.6261,-61.3647,Las Lomas,1.03,1.13,12.5,13.9,27.3,27.4,77.3,82.9,Yes,Yes
04/12/2025 9:14,CR-007,2025-04-12 09:14:00-CR-007,10.6261,-61.3647,Las Lomas,0.74,0.81,13.2,15.9,27.1,27.1,80.9,86.5,Yes,Yes
04/12/2025 9:14,CR-007,2025-04-12 09:14:15-CR-007,10.6261,-61.3647,Las Lomas,1.41,1.43,11.6,14,27.1,26.7,77.3,80.1,Yes,Yes
04/12/2025 9:14,CR-007,2025-04-12 09:14:30-CR-007,10.6261,-61.3647,Las Lomas,1.41,1.51,10.9,13.2,26.6,26.2,74.5,78.9,Yes,Yes
04/12/2025 9:14,CR-007,2025-04-12 09:14:45-CR-007,10.6261,-61.3647,Las Lomas,1.28,1.35,10.1,12.2,27.1,27,71.2,76.2,Yes,Yes
04/12/2025 9:15,CR-007,2025-04-12 09:15:00-CR-007,10.6261,-61.3647,Las Lomas,0.76,0.76,14.3,15.5,27.8,27.4,77.7,83.1,Yes,Yes
04/12/2025 9:15,CR-007,2025-04-12 09:15:15-CR-007,10.6261,-61.3647,Las Lomas,1.03,1.15,12.5,14.6,27.7,27.6,73.8,78.4,Yes,Yes
04/12/2025 9:15,CR-007,2025-04-12 09:15:30-CR-007,10.6261,-61.3647,Las Lomas,0.84,0.9,13.1,15,27.7,27.5,72.9,76.6,Yes,Yes
04/12/2025 9:15,CR-007,2025-04-12 09:15:45-CR-007,10.6261,-61.3647,Las Lomas,0.82,0.95,12.4,14.7,27,26.7,72.1,77,Yes,Yes
04/12/2025 9:16,CR-007,2025-04-12 09:16:00-CR-007,10.6261,-61.3647,Las Lomas,1.49,1.54,12.2,14.1,26.2,25.9,72.6,77.6,Yes,Yes
04/12/2025 9:16,CR-007,2025-04-12 09:16:15-CR-007,10.6261,-61.3647,Las Lomas,0.62,0.75,14.2,16.5,26.4,26.3,76.8,82.6,Yes,Yes
04/12/2025 9:16,CR-007,2025-04-12 09:16:30-CR-007,10.6261,-61.3647,Las Lomas,0.7,0.75,11.5,13.6,27.3,27.1,71.4,76.5,Yes,Yes
04/12/2025 9:16,CR-007,2025-04-12 09:16:45-CR-007,10.6261,-61.3647,Las Lomas,0.89,1.13,10.7,12.4,26.2,26.2,78.8,83.1,Yes,Yes
04/12/2025 9:17,CR-007,2025-04-12 09:17:00-CR-007,10.6261,-61.3647,Las Lomas,1.04,1.14,14.8,16.4,27.3,27.1,80.2,85,Yes,Yes
04/12/2025 9:17,CR-007,2025-04-12 09:17:15-CR-007,10.6261,-61.3647,Las Lomas,0.63,0.83,11.9,13.9,27.3,27.2,72.9,75.8,Yes,Yes
04/12/2025 9:17,CR-007,2025-04-12 09:17:30-CR-007,10.6261,-61.3647,Las Lomas,0.67,0.7,10.5,12.7,26.6,26.1,73.1,79.4,Yes,Yes
04/12/2025 9:17,CR-007,2025-04-12 09:17:45-CR-007,10.6261,-61.3647,Las Lomas,1.32,1.45,11.2,14,27.6,27.9,82.4,86.1,Yes,Yes
04/12/2025 9:18,CR-007,2025-04-12 09:18:00-CR-007,10.6261,-61.3647,Las Lomas,0.88,0.99,10.5,12.5,26.2,25.9,70.8,76.9,Yes,Yes
04/12/2025 9:18,CR-007,2025-04-12 09:18:15-CR-007,10.6261,-61.3647,Las Lomas,1.41,1.56,13.2,15.3,26.6,26.4,74.5,79.9,Yes,Yes
04/12/2025 9:18,CR-007,2025-04-12 09:18:30-CR-007,10.6261,-61.3647,Las Lomas,1,1.14,13.2,15,27.8,27.4,79.7,83.8,Yes,Yes
04/12/2025 9:18,CR-007,2025-04-12 09:18:45-CR-007,10.6261,-61.3647,Las Lomas,1.43,1.41,11.4,13.1,26.9,26.5,81.7,87,Yes,Yes
04/12/2025 9:19,CR-007,2025-04-12 09:19:00-CR-007,10.6261,-61.3647,Las Lomas,1.03,1.1,14.2,16.7,26.3,25.9,70.5,75.9,Yes,Yes
04/12/2025 9:19,CR-007,2025-04-12 09:19:15-CR-007,10.6261,-61.3647,Las Lomas,0.93,1,11.7,14,26.2,26.3,81.7,89.1,Yes,Yes
04/12/2025 9:19,CR-007,2025-04-12 09:19:30-CR-007,10.6261,-61.3647,Las Lomas,0.98,1.07,13,15.9,27.2,27.4,81,87.7,Yes,Yes
04/12/2025 9:19,CR-007,2025-04-12 09:19:45-CR-007,10.6261,-61.3647,Las Lomas,0.5,0.58,11.2,13.2,26.7,26.1,72.5,77,Yes,Yes
04/12/2025 9:20,CR-007,2025-04-12 09:20:00-CR-007,10.6261,-61.3647,Las Lomas,0.72,0.87,10.7,13.2,27.4,27.1,77.2,81.4,Yes,Yes
04/12/2025 9:20,CR-007,2025-04-12 09:20:15-CR-007,10.6261,-61.3647,Las Lomas,0.91,1.01,11.7,13.4,27.7,26.9,84.2,89.1,Yes,Yes
04/12/2025 9:20,CR-007,2025-04-12 09:20:30-CR-007,10.6261,-61.3647,Las Lomas,1.2,1.27,12.5,14.1,27.3,26.9,83.6,88.8,Yes,Yes
04/12/2025 9:20,CR-007,2025-04-12 09:20:45-CR-007,10.6261,-61.3647,Las Lomas,0.64,0.88,12.5,15,27.9,27.5,72.8,78.2,Yes,Yes
04/12/2025 9:21,CR-007,2025-04-12 09:21:00-CR-007,10.6261,-61.3647,Las Lomas,1.22,1.3,13,14.9,27.8,27.7,78.2,83.3,Yes,Yes
04/12/2025 9:21,CR-007,2025-04-12 09:21:15-CR-007,10.6261,-61.3647,Las Lomas,1.31,1.44,13.6,14.9,26.6,26.3,70.5,74.2,Yes,Yes
04/12/2025 9:21,CR-007,2025-04-12 09:21:30-CR-007,10.6261,-61.3647,Las Lomas,1.25,1.33,11.2,13.8,27.9,27.6,70.6,77.2,Yes,Yes
04/12/2025 9:21,CR-007,2025-04-12 09:21:45-CR-007,10.6261,-61.3647,Las Lomas,0.7,0.82,13.5,15.5,26.4,26.3,72.4,75.7,Yes,Yes
04/12/2025 9:22,CR-007,2025-04-12 09:22:00-CR-007,10.6261,-61.3647,Las Lomas,1.06,1.17,11.7,14,26.6,26.4,84.4,89.9,Yes,Yes
04/12/2025 9:22,CR-007,2025-04-12 09:22:15-CR-007,10.6261,-61.3647,Las Lomas,0.53,0.62,10.1,13,27.4,27.2,74.4,77.8,Yes,Yes
04/12/2025 9:22,CR-007,2025-04-12 09:22:30-CR-007,10.6261,-61.3647,Las Lomas,1.33,1.48,13,15,27.2,26.8,71.3,77.4,Yes,Yes
04/12/2025 9:22,CR-007,2025-04-12 09:22:45-CR-007,10.6261,-61.3647,Las Lomas,1.11,1.26,13.7,16.2,27.5,27.2,80,85,Yes,Yes
04/12/2025 9:23,CR-007,2025-04-12 09:23:00-CR-007,10.6261,-61.3647,Las Lomas,1.06,1.1,14.5,16.4,27.3,26.9,71.3,76.5,Yes,Yes
04/12/2025 9:23,CR-007,2025-04-12 09:23:15-CR-007,10.6261,-61.3647,Las Lomas,0.89,1.03,11,13,26.2,26.4,82.1,86.6,Yes,Yes
04/12/2025 9:23,CR-007,2025-04-12 09:23:30-CR-007,10.6261,-61.3647,Las Lomas,0.85,0.92,11.3,13.8,26.9,26.7,79.8,84.8,Yes,Yes
04/12/2025 9:23,CR-007,2025-04-12 09:23:45-CR-007,10.6261,-61.3647,Las Lomas,0.86,0.85,13.2,14,27,26.4,78.5,84,Yes,Yes
04/12/2025 9:24,CR-007,2025-04-12 09:24:00-CR-007,10.6261,-61.3647,Las Lomas,1.26,1.38,11.3,13.1,27.9,28,74.8,79.5,Yes,Yes
04/12/2025 9:24,CR-007,2025-04-12 09:24:15-CR-007,10.6261,-61.3647,Las Lomas,1.12,1.19,14.2,16.1,27,26.7,78.4,84.5,Yes,Yes
04/12/2025 9:24,CR-007,2025-04-12 09:24:30-CR-007,10.6261,-61.3647,Las Lomas,1.23,1.29,14.5,16.6,27.5,27.3,76.3,82.7,Yes,Yes
04/12/2025 9:24,CR-007,2025-04-12 09:24:45-CR-007,10.6261,-61.3647,Las Lomas,0.68,0.75,14.9,16.8,26.1,25.5,72.8,77.9,Yes,Yes
04/12/2025 9:25,CR-007,2025-04-12 09:25:00-CR-007,10.6261,-61.3647,Las Lomas,0.88,0.98,13.8,15.7,27.3,27,77.4,83.6,Yes,Yes
04/12/2025 9:25,CR-007,2025-04-12 09:25:15-CR-007,10.6261,-61.3647,Las Lomas,1.13,1.24,11.3,13,27.8,27.8,76.2,83.1,Yes,Yes
04/12/2025 9:25,CR-007,2025-04-12 09:25:30-CR-007,10.6261,-61.3647,Las Lomas,1.17,1.24,12.4,14.3,27.2,27.1,83.5,87.2,Yes,Yes
04/12/2025 9:25,CR-007,2025-04-12 09:25:45-CR-007,10.6261,-61.3647,Las Lomas,0.96,1.01,14.8,16,26.1,25.5,72.3,77.1,Yes,Yes
04/12/2025 9:26,CR-007,2025-04-12 09:26:00-CR-007,10.6261,-61.3647,Las Lomas,0.67,0.78,10.1,11.5,27.3,27.2,73.7,78.7,Yes,Yes
04/12/2025 9:26,CR-007,2025-04-12 09:26:15-CR-007,10.6261,-61.3647,Las Lomas,1.5,1.64,14.8,16.7,26.5,26.4,75.7,80.5,Yes,Yes
04/12/2025 9:26,CR-007,2025-04-12 09:26:30-CR-007,10.6261,-61.3647,Las Lomas,0.99,1.13,12.6,14.9,27.6,27.2,71.9,78.7,Yes,Yes
04/12/2025 9:26,CR-007,2025-04-12 09:26:45-CR-007,10.6261,-61.3647,Las Lomas,0.71,0.86,13.1,14.6,27,26.7,75.5,82.1,Yes,Yes
04/12/2025 9:27,CR-007,2025-04-12 09:27:00-CR-007,10.6261,-61.3647,Las Lomas,1.17,1.3,12.7,14.6,26.4,26.3,79.9,84.5,Yes,Yes
04/12/2025 9:27,CR-007,2025-04-12 09:27:15-CR-007,10.6261,-61.3647,Las Lomas,0.92,1.12,13.3,14.5,26.9,26.6,80,86.9,Yes,Yes
04/12/2025 9:27,CR-007,2025-04-12 09:27:30-CR-007,10.6261,-61.3647,Las Lomas,1.22,1.33,13.5,15.4,26.5,26.8,71.6,78.9,Yes,Yes
04/12/2025 9:27,CR-007,2025-04-12 09:27:45-CR-007,10.6261,-61.3647,Las Lomas,1.42,1.51,11.8,13.7,26.6,26.6,80,85.1,Yes,Yes
04/12/2025 9:28,CR-007,2025-04-12 09:28:00-CR-007,10.6261,-61.3647,Las Lomas,1.3,1.49,12.7,14.8,26.6,26.5,73.4,77.4,Yes,Yes
04/12/2025 9:28,CR-007,2025-04-12 09:28:15-CR-007,10.6261,-61.3647,Las Lomas,1.45,1.57,11.1,12.9,26.7,26.6,76.5,79.3,Yes,Yes
04/12/2025 9:28,CR-007,2025-04-12 09:28:30-CR-007,10.6261,-61.3647,Las Lomas,0.79,0.89,12.1,14.2,27.7,27.3,75.7,81,Yes,Yes
04/12/2025 9:28,CR-007,2025-04-12 09:28:45-CR-007,10.6261,-61.3647,Las Lomas,1.47,1.65,10.9,13.9,26.8,26.8,80.9,85.3,Yes,Yes
04/12/2025 9:29,CR-007,2025-04-12 09:29:00-CR-007,10.6261,-61.3647,Las Lomas,0.71,0.72,12.1,13.9,27.6,27.5,77.6,83.8,Yes,Yes
04/12/2025 9:29,CR-007,2025-04-12 09:29:15-CR-007,10.6261,-61.3647,Las Lomas,0.66,0.65,12.8,14.7,26.7,26.8,80.5,86.2,Yes,Yes
04/12/2025 9:29,CR-007,2025-04-12 09:29:30-CR-007,10.6261,-61.3647,Las Lomas,1.17,1.23,11,12.8,27.9,27.9,79.8,83.7,Yes,Yes
04/12/2025 9:29,CR-007,2025-04-12 09:29:45-CR-007,10.6261,-61.3647,Las Lomas,0.96,1.08,12,14,27.7,27.6,81.3,85.6,Yes,Yes
04/12/2025 9:30,CR-007,2025-04-12 09:30:00-CR-007,10.6261,-61.3647,Las Lomas,1.15,1.18,11.8,13.5,26.1,25.6,78.6,83.3,Yes,Yes
04/12/2025 9:00,CR-008,2025-04-12 09:00:00-CR-008,10.5654,-61.4592,Caroni,1.13,1.11,14.1,14.6,26.4,26.6,73.4,72.7,No,No
04/12/2025 9:00,CR-008,2025-04-12 09:00:15-CR-008,10.5654,-61.4592,Caroni,1.25,1.21,12.8,13.1,26.2,26.5,73.5,73.3,No,No
04/12/2025 9:00,CR-008,2025-04-12 09:00:30-CR-008,10.5654,-61.4592,Caroni,0.6,0.55,11.3,10.5,27.4,27.5,74,72.8,No,No
04/12/2025 9:00,CR-008,2025-04-12 09:00:45-CR-008,10.5654,-61.4592,Caroni,0.56,0.5,13.1,13.2,27.9,28,81.9,82.4,No,No
04/12/2025 9:01,CR-008,2025-04-12 09:01:00-CR-008,10.5654,-61.4592,Caroni,1.22,1.29,11.2,10.5,27.1,27,70.7,70.9,No,No
04/12/2025 9:01,CR-008,2025-04-12 09:01:15-CR-008,10.5654,-61.4592,Caroni,1.21,1.14,12.3,12.2,27.3,27,79,77.4,No,No
04/12/2025 9:01,CR-008,2025-04-12 09:01:30-CR-008,10.5654,-61.4592,Caroni,1.17,1.22,12.4,12.3,27.4,27.3,71.4,71.9,No,No
04/12/2025 9:01,CR-008,2025-04-12 09:01:45-CR-008,10.5654,-61.4592,Caroni,1.3,1.35,14.9,15.1,27.5,27.5,73.9,74.4,No,No
04/12/2025 9:02,CR-008,2025-04-12 09:02:00-CR-008,10.5654,-61.4592,Caroni,1.11,1.15,14.4,14.3,26.1,26.2,82.4,81.6,No,No
04/12/2025 9:02,CR-008,2025-04-12 09:02:15-CR-008,10.5654,-61.4592,Caroni,1.03,0.97,11.8,11.2,27.9,27.8,80.5,79.4,No,No
04/12/2025 9:02,CR-008,2025-04-12 09:02:30-CR-008,10.5654,-61.4592,Caroni,0.73,0.69,14.4,14.8,27.2,27.5,80.9,80.4,No,No
04/12/2025 9:02,CR-008,2025-04-12 09:02:45-CR-008,10.5654,-61.4592,Caroni,0.98,0.96,13.1,13.4,26.2,26.4,75.6,76,No,No
04/12/2025 9:03,CR-008,2025-04-12 09:03:00-CR-008,10.5654,-61.4592,Caroni,0.85,0.85,15,14.6,26.5,26.2,78.7,78.1,No,No
04/12/2025 9:03,CR-008,2025-04-12 09:03:15-CR-008,10.5654,-61.4592,Caroni,1.49,1.42,11,10.6,26.3,26.4,72.4,71.5,No,No
04/12/2025 9:03,CR-008,2025-04-12 09:03:30-CR-008,10.5654,-61.4592,Caroni,0.68,0.66,12.5,12.3,27.6,27.2,76.7,77.8,No,No
04/12/2025 9:03,CR-008,2025-04-12 09:03:45-CR-008,10.5654,-61.4592,Caroni,1.25,1.26,14.5,14.1,27.7,27.8,71,70.8,No,No
04/12/2025 9:04,CR-008,2025-04-12 09:04:00-CR-008,10.5654,-61.4592,Caroni,0.94,0.93,12.5,13.1,26,26.6,84.2,84.7,No,No
04/12/2025 9:04,CR-008,2025-04-12 09:04:15-CR-008,10.5654,-61.4592,Caroni,0.89,0.82,11.2,11.5,26.1,25.7,81.6,79.5,No,No
04/12/2025 9:04,CR-008,2025-04-12 09:04:30-CR-008,10.5654,-61.4592,Caroni,0.65,0.66,11.7,11.4,26.9,26.8,79.2,78.9,No,No
04/12/2025 9:04,CR-008,2025-04-12 09:04:45-CR-008,10.5654,-61.4592,Caroni,1.19,1.18,14.1,13.7,26.2,26.1,79.7,80.5,No,No
04/12/2025 9:05,CR-008,2025-04-12 09:05:00-CR-008,10.5654,-61.4592,Caroni,1,1.01,14.4,14.7,26.6,26.5,77.7,77.7,No,No
04/12/2025 9:05,CR-008,2025-04-12 09:05:15-CR-008,10.5654,-61.4592,Caroni,1.41,1.42,11.8,11.4,26.8,26.8,75.3,74.5,No,No
04/12/2025 9:05,CR-008,2025-04-12 09:05:30-CR-008,10.5654,-61.4592,Caroni,1.4,1.41,14,13.8,26.5,26.6,73.9,75.1,No,No
04/12/2025 9:05,CR-008,2025-04-12 09:05:45-CR-008,10.5654,-61.4592,Caroni,0.9,0.96,11,11.3,26.2,26.4,78.3,78.7,No,No
04/12/2025 9:06,CR-008,2025-04-12 09:06:00-CR-008,10.5654,-61.4592,Caroni,1.16,1.12,13.1,12.4,26.6,26.6,79.4,79,No,No
04/12/2025 9:06,CR-008,2025-04-12 09:06:15-CR-008,10.5654,-61.4592,Caroni,1.18,1.12,13.6,14.9,27.1,26.9,82.1,82.1,No,No
04/12/2025 9:06,CR-008,2025-04-12 09:06:30-CR-008,10.5654,-61.4592,Caroni,0.62,0.58,11.8,12.2,26,26.1,80.8,81.3,No,No
04/12/2025 9:06,CR-008,2025-04-12 09:06:45-CR-008,10.5654,-61.4592,Caroni,1.35,1.37,11.1,11.3,27.7,27.8,82.7,83.4,No,No
04/12/2025 9:07,CR-008,2025-04-12 09:07:00-CR-008,10.5654,-61.4592,Caroni,0.69,0.65,13.2,14.2,27.7,27.6,73,72.7,No,No
04/12/2025 9:07,CR-008,2025-04-12 09:07:15-CR-008,10.5654,-61.4592,Caroni,1.36,1.37,11.7,11.8,26.2,25.9,71.3,72.2,No,No
04/12/2025 9:07,CR-008,2025-04-12 09:07:30-CR-008,10.5654,-61.4592,Caroni,0.63,0.62,13.4,12.8,26.4,26.4,77.7,78.3,No,No
04/12/2025 9:07,CR-008,2025-04-12 09:07:45-CR-008,10.5654,-61.4592,Caroni,1.04,0.97,11.9,11.6,27.3,27.6,71.5,70.7,Yes,No
04/12/2025 9:08,CR-008,2025-04-12 09:08:00-CR-008,10.5654,-61.4592,Caroni,0.54,0.58,14.9,14.3,26.1,25.9,71.6,71.6,Yes,No
04/12/2025 9:08,CR-008,2025-04-12 09:08:15-CR-008,10.5654,-61.4592,Caroni,0.81,0.79,13.1,13.2,27.2,27.2,75.6,75,Yes,No
04/12/2025 9:08,CR-008,2025-04-12 09:08:30-CR-008,10.5654,-61.4592,Caroni,1.41,1.36,11.9,12.2,26,25.8,70,70.8,Yes,No
04/12/2025 9:08,CR-008,2025-04-12 09:08:45-CR-008,10.5654,-61.4592,Caroni,1.31,1.31,11.9,12.4,26.3,26.1,83,82,Yes,No
04/12/2025 9:09,CR-008,2025-04-12 09:09:00-CR-008,10.5654,-61.4592,Caroni,1.22,1.2,12.8,13.3,27.5,27.5,79.1,79.3,Yes,No
04/12/2025 9:09,CR-008,2025-04-12 09:09:15-CR-008,10.5654,-61.4592,Caroni,0.62,0.59,14.8,14.9,27.3,27.4,82.7,82.5,Yes,No
04/12/2025 9:09,CR-008,2025-04-12 09:09:30-CR-008,10.5654,-61.4592,Caroni,0.77,0.85,13.2,13,27.6,27.6,84.6,84.9,Yes,No
04/12/2025 9:09,CR-008,2025-04-12 09:09:45-CR-008,10.5654,-61.4592,Caroni,1.18,1.16,10.4,9.7,27.4,27.4,71.7,71.6,Yes,No
04/12/2025 9:10,CR-008,2025-04-12 09:10:00-CR-008,10.5654,-61.4592,Caroni,1.02,1.02,14.6,14.2,27.2,27.3,84.4,84.9,Yes,No
04/12/2025 9:10,CR-008,2025-04-12 09:10:15-CR-008,10.5654,-61.4592,Caroni,0.85,0.98,10.3,12.8,26.1,26.2,73.8,79.9,Yes,Yes
04/12/2025 9:10,CR-008,2025-04-12 09:10:30-CR-008,10.5654,-61.4592,Caroni,0.59,0.72,12.4,14.6,26.4,26.2,83.4,88.9,Yes,Yes
04/12/2025 9:10,CR-008,2025-04-12 09:10:45-CR-008,10.5654,-61.4592,Caroni,0.5,0.54,10.9,13.5,28,28.1,71.8,77.8,Yes,Yes
04/12/2025 9:11,CR-008,2025-04-12 09:11:00-CR-008,10.5654,-61.4592,Caroni,1.43,1.49,11.9,14.5,26.6,26.2,78,82.9,Yes,Yes
04/12/2025 9:11,CR-008,2025-04-12 09:11:15-CR-008,10.5654,-61.4592,Caroni,1.38,1.47,12.6,15,27.7,27.4,77.1,80.1,Yes,Yes
04/12/2025 9:11,CR-008,2025-04-12 09:11:30-CR-008,10.5654,-61.4592,Caroni,1.23,1.24,14.7,16.5,27.7,27.6,74.7,80.7,Yes,Yes
04/12/2025 9:11,CR-008,2025-04-12 09:11:45-CR-008,10.5654,-61.4592,Caroni,1.28,1.29,13,14.8,28,27.9,79.4,84.8,Yes,Yes
04/12/2025 9:12,CR-008,2025-04-12 09:12:00-CR-008,10.5654,-61.4592,Caroni,0.65,0.7,14.8,16.8,26.7,26.3,82.3,85.9,Yes,Yes
04/12/2025 9:12,CR-008,2025-04-12 09:12:15-CR-008,10.5654,-61.4592,Caroni,1.12,1.24,14.8,16.6,27.8,27.6,84,90.3,Yes,Yes
04/12/2025 9:12,CR-008,2025-04-12 09:12:30-CR-008,10.5654,-61.4592,Caroni,0.59,0.62,14.2,15.9,26.2,25.8,78.9,85.9,Yes,Yes
04/12/2025 9:12,CR-008,2025-04-12 09:12:45-CR-008,10.5654,-61.4592,Caroni,0.99,1.16,13.7,15.5,27.6,27.5,71.1,74.6,Yes,Yes
04/12/2025 9:13,CR-008,2025-04-12 09:13:00-CR-008,10.5654,-61.4592,Caroni,0.82,0.89,14.3,15.9,27.7,27.7,80.7,85.9,Yes,Yes
04/12/2025 9:13,CR-008,2025-04-12 09:13:15-CR-008,10.5654,-61.4592,Caroni,0.64,0.75,14.6,17.1,26.2,25.7,77.4,83.1,Yes,Yes
04/12/2025 9:13,CR-008,2025-04-12 09:13:30-CR-008,10.5654,-61.4592,Caroni,0.53,0.61,13.2,15,27,26.9,75.1,80.4,Yes,Yes
04/12/2025 9:13,CR-008,2025-04-12 09:13:45-CR-008,10.5654,-61.4592,Caroni,1,1.1,10.3,11.6,27.5,27.5,82.9,89.1,Yes,Yes
04/12/2025 9:14,CR-008,2025-04-12 09:14:00-CR-008,10.5654,-61.4592,Caroni,0.8,0.9,13.8,15.7,27.9,27.6,78.7,83.5,Yes,Yes
04/12/2025 9:14,CR-008,2025-04-12 09:14:15-CR-008,10.5654,-61.4592,Caroni,1.44,1.56,10.4,12.5,27,26.6,82.5,88.1,Yes,Yes
04/12/2025 9:14,CR-008,2025-04-12 09:14:30-CR-008,10.5654,-61.4592,Caroni,0.67,0.74,14.1,16.2,27.5,27.2,82.1,86.3,Yes,Yes
04/12/2025 9:14,CR-008,2025-04-12 09:14:45-CR-008,10.5654,-61.4592,Caroni,1.38,1.55,12.7,14.3,26.5,26.7,73.3,78.2,Yes,Yes
04/12/2025 9:15,CR-008,2025-04-12 09:15:00-CR-008,10.5654,-61.4592,Caroni,1.1,1.31,12.6,13.2,26.4,26.1,73.3,78.7,Yes,Yes
04/12/2025 9:15,CR-008,2025-04-12 09:15:15-CR-008,10.5654,-61.4592,Caroni,1.35,1.42,14.2,16.2,27.8,27.4,75,80.3,Yes,Yes
04/12/2025 9:15,CR-008,2025-04-12 09:15:30-CR-008,10.5654,-61.4592,Caroni,1.09,1.2,10.1,11.5,27.4,27.2,83.6,87.9,Yes,Yes
04/12/2025 9:15,CR-008,2025-04-12 09:15:45-CR-008,10.5654,-61.4592,Caroni,0.87,0.95,10.2,11.7,26.8,26.5,83.8,88.9,Yes,Yes
04/12/2025 9:16,CR-008,2025-04-12 09:16:00-CR-008,10.5654,-61.4592,Caroni,1.42,1.52,10.3,11.9,26.1,26,77.8,83.8,Yes,Yes
04/12/2025 9:16,CR-008,2025-04-12 09:16:15-CR-008,10.5654,-61.4592,Caroni,1.04,1.08,13,15.7,26.3,26.4,75.4,79.8,Yes,Yes
04/12/2025 9:16,CR-008,2025-04-12 09:16:30-CR-008,10.5654,-61.4592,Caroni,0.67,0.8,12.4,14.3,27.1,26.7,84.3,88.6,Yes,Yes
04/12/2025 9:16,CR-008,2025-04-12 09:16:45-CR-008,10.5654,-61.4592,Caroni,0.88,1.07,10.6,12.9,26.4,26.2,82.3,86.3,Yes,Yes
04/12/2025 9:17,CR-008,2025-04-12 09:17:00-CR-008,10.5654,-61.4592,Caroni,1.4,1.54,14.3,16,27,27.1,77.4,82.5,Yes,Yes
04/12/2025 9:17,CR-008,2025-04-12 09:17:15-CR-008,10.5654,-61.4592,Caroni,1.19,1.34,10.1,12.2,27.1,26.6,77.8,83.5,Yes,Yes
04/12/2025 9:17,CR-008,2025-04-12 09:17:30-CR-008,10.5654,-61.4592,Caroni,0.77,0.81,14.9,17.6,27.2,27.3,73,76.8,Yes,Yes
04/12/2025 9:17,CR-008,2025-04-12 09:17:45-CR-008,10.5654,-61.4592,Caroni,0.99,1.1,11.9,13.6,26.2,25.9,77.9,83.5,Yes,Yes
04/12/2025 9:18,CR-008,2025-04-12 09:18:00-CR-008,10.5654,-61.4592,Caroni,1.5,1.59,11.6,12.8,26.3,26.2,83.9,91.5,Yes,Yes
04/12/2025 9:18,CR-008,2025-04-12 09:18:15-CR-008,10.5654,-61.4592,Caroni,0.61,0.68,13.4,15.5,27.9,27.7,81.7,86.1,Yes,Yes
04/12/2025 9:18,CR-008,2025-04-12 09:18:30-CR-008,10.5654,-61.4592,Caroni,0.72,0.81,14.8,17.2,26.2,26,77.2,83.7,Yes,Yes
04/12/2025 9:18,CR-008,2025-04-12 09:18:45-CR-008,10.5654,-61.4592,Caroni,1.35,1.44,14.5,15.6,27.7,27.6,71.6,76.8,Yes,Yes
04/12/2025 9:19,CR-008,2025-04-12 09:19:00-CR-008,10.5654,-61.4592,Caroni,0.64,0.73,14.6,16.3,27.9,27.9,71.1,76.5,Yes,Yes
04/12/2025 9:19,CR-008,2025-04-12 09:19:15-CR-008,10.5654,-61.4592,Caroni,1.36,1.39,10.5,12.8,28,27.8,84.8,89.3,Yes,Yes
04/12/2025 9:19,CR-008,2025-04-12 09:19:30-CR-008,10.5654,-61.4592,Caroni,1.37,1.51,12.6,14.1,26,25.8,79.6,84.7,Yes,Yes
04/12/2025 9:19,CR-008,2025-04-12 09:19:45-CR-008,10.5654,-61.4592,Caroni,0.94,1.07,14,15.4,27.4,27.4,70.6,75.1,Yes,Yes
04/12/2025 9:20,CR-008,2025-04-12 09:20:00-CR-008,10.5654,-61.4592,Caroni,0.91,1.03,11.1,13.8,26.5,26.2,83.2,89.5,Yes,Yes
04/12/2025 9:20,CR-008,2025-04-12 09:20:15-CR-008,10.5654,-61.4592,Caroni,1.37,1.52,10.5,12.3,26.2,26,70.5,74,Yes,Yes
04/12/2025 9:20,CR-008,2025-04-12 09:20:30-CR-008,10.5654,-61.4592,Caroni,1.41,1.52,14.7,16.7,27.9,27.8,70.6,76.2,Yes,Yes
04/12/2025 9:20,CR-008,2025-04-12 09:20:45-CR-008,10.5654,-61.4592,Caroni,0.83,0.92,11,12.3,26.3,26.2,76.5,81.8,Yes,Yes
04/12/2025 9:21,CR-008,2025-04-12 09:21:00-CR-008,10.5654,-61.4592,Caroni,0.69,0.8,10.1,12,27.7,27.4,77.9,82,Yes,Yes
04/12/2025 9:21,CR-008,2025-04-12 09:21:15-CR-008,10.5654,-61.4592,Caroni,1.45,1.59,11,12.3,26.6,26.3,71.9,76.2,Yes,Yes
04/12/2025 9:21,CR-008,2025-04-12 09:21:30-CR-008,10.5654,-61.4592,Caroni,1.2,1.33,12.2,15.1,27.8,27.9,81.8,88,Yes,Yes
04/12/2025 9:21,CR-008,2025-04-12 09:21:45-CR-008,10.5654,-61.4592,Caroni,0.99,1.08,14.7,16.9,26.8,26.5,76.3,79.8,Yes,Yes
04/12/2025 9:22,CR-008,2025-04-12 09:22:00-CR-008,10.5654,-61.4592,Caroni,1.42,1.55,12.8,14.7,27.7,27.4,84.5,88.7,Yes,Yes
04/12/2025 9:22,CR-008,2025-04-12 09:22:15-CR-008,10.5654,-61.4592,Caroni,0.77,0.75,10.9,11.8,26.6,26.2,77.8,84.8,Yes,Yes
04/12/2025 9:22,CR-008,2025-04-12 09:22:30-CR-008,10.5654,-61.4592,Caroni,0.99,1,12.1,13.8,26,25.7,74.8,80.6,Yes,Yes
04/12/2025 9:22,CR-008,2025-04-12 09:22:45-CR-008,10.5654,-61.4592,Caroni,1.34,1.51,14.9,17.6,26.6,26.8,75.4,79.2,Yes,Yes
04/12/2025 9:23,CR-008,2025-04-12 09:23:00-CR-008,10.5654,-61.4592,Caroni,0.89,1,14.7,17.2,26.1,25.8,84.1,87.6,Yes,Yes
04/12/2025 9:23,CR-008,2025-04-12 09:23:15-CR-008,10.5654,-61.4592,Caroni,0.64,0.84,10.8,14,27,26.6,74.7,80.5,Yes,Yes
04/12/2025 9:23,CR-008,2025-04-12 09:23:30-CR-008,10.5654,-61.4592,Caroni,1.47,1.64,10.1,11.8,26.5,26.4,77.3,82.9,Yes,Yes
04/12/2025 9:23,CR-008,2025-04-12 09:23:45-CR-008,10.5654,-61.4592,Caroni,1.05,1.09,14.6,16,27.6,27.4,73.1,78.6,Yes,Yes
04/12/2025 9:24,CR-008,2025-04-12 09:24:00-CR-008,10.5654,-61.4592,Caroni,0.68,0.78,10.7,13,26.3,26.2,81.1,86.3,Yes,Yes
04/12/2025 9:24,CR-008,2025-04-12 09:24:15-CR-008,10.5654,-61.4592,Caroni,1.13,1.19,11.3,12.8,27,26.8,74.9,78.2,Yes,Yes
04/12/2025 9:24,CR-008,2025-04-12 09:24:30-CR-008,10.5654,-61.4592,Caroni,1.16,1.26,13.2,15.5,26.9,26.8,78.9,84.2,Yes,Yes
04/12/2025 9:24,CR-008,2025-04-12 09:24:45-CR-008,10.5654,-61.4592,Caroni,1.31,1.36,13,15.3,27.3,27.1,79.4,84.4,Yes,Yes
04/12/2025 9:25,CR-008,2025-04-12 09:25:00-CR-008,10.5654,-61.4592,Caroni,0.94,0.93,11.1,13.6,27.8,27.8,72.3,75.9,Yes,Yes
04/12/2025 9:25,CR-008,2025-04-12 09:25:15-CR-008,10.5654,-61.4592,Caroni,1.04,1.15,12.5,15.2,27.7,27.5,84.3,87.9,Yes,Yes
04/12/2025 9:25,CR-008,2025-04-12 09:25:30-CR-008,10.5654,-61.4592,Caroni,1.18,1.24,13.2,15.7,26.9,26.8,76.8,81.5,Yes,Yes
04/12/2025 9:25,CR-008,2025-04-12 09:25:45-CR-008,10.5654,-61.4592,Caroni,0.95,0.98,12.8,15.1,26.7,26.5,76.5,81.7,Yes,Yes
04/12/2025 9:26,CR-008,2025-04-12 09:26:00-CR-008,10.5654,-61.4592,Caroni,1.02,1.13,11,12.8,27.5,27.3,80.5,84.7,Yes,Yes
04/12/2025 9:26,CR-008,2025-04-12 09:26:15-CR-008,10.5654,-61.4592,Caroni,0.57,0.71,12.2,13.7,26.3,26,75.7,79.5,Yes,Yes
04/12/2025 9:26,CR-008,2025-04-12 09:26:30-CR-008,10.5654,-61.4592,Caroni,0.79,0.91,13.6,15.2,26.9,26.8,82.7,88.6,Yes,Yes
04/12/2025 9:26,CR-008,2025-04-12 09:26:45-CR-008,10.5654,-61.4592,Caroni,0.69,0.74,10.9,13.3,27.9,27.6,80.1,84.1,Yes,Yes
04/12/2025 9:27,CR-008,2025-04-12 09:27:00-CR-008,10.5654,-61.4592,Caroni,0.83,0.92,13.5,15.5,26.5,26.1,83.5,88.3,Yes,Yes
04/12/2025 9:27,CR-008,2025-04-12 09:27:15-CR-008,10.5654,-61.4592,Caroni,1.26,1.33,14.3,16.4,28,27.8,78.2,82.4,Yes,Yes
04/12/2025 9:27,CR-008,2025-04-12 09:27:30-CR-008,10.5654,-61.4592,Caroni,1.49,1.61,13.3,15.5,26.3,26.2,70.3,74.5,Yes,Yes
04/12/2025 9:27,CR-008,2025-04-12 09:27:45-CR-008,10.5654,-61.4592,Caroni,0.64,0.76,14.1,15.5,26.6,26.2,78.3,84.3,Yes,Yes
04/12/2025 9:28,CR-008,2025-04-12 09:28:00-CR-008,10.5654,-61.4592,Caroni,0.92,0.97,10.5,12.7,27.6,27.5,77.8,83.4,Yes,Yes
04/12/2025 9:28,CR-008,2025-04-12 09:28:15-CR-008,10.5654,-61.4592,Caroni,0.98,1.06,13.3,14.1,27.8,27.7,71.4,73.6,Yes,Yes
04/12/2025 9:28,CR-008,2025-04-12 09:28:30-CR-008,10.5654,-61.4592,Caroni,0.87,0.98,11.5,14.3,27.1,27,73.8,80.3,Yes,Yes
04/12/2025 9:28,CR-008,2025-04-12 09:28:45-CR-008,10.5654,-61.4592,Caroni,1.39,1.55,10.5,12.6,27.9,27.7,71.2,75.8,Yes,Yes
04/12/2025 9:29,CR-008,2025-04-12 09:29:00-CR-008,10.5654,-61.4592,Caroni,0.65,0.73,12.1,14.5,26.1,26.1,81.4,86.8,Yes,Yes
04/12/2025 9:29,CR-008,2025-04-12 09:29:15-CR-008,10.5654,-61.4592,Caroni,0.85,0.91,11.6,13.8,27.7,27.3,71.5,76.6,Yes,Yes
04/12/2025 9:29,CR-008,2025-04-12 09:29:30-CR-008,10.5654,-61.4592,Caroni,1.21,1.37,12,14.1,26.7,26.6,78.7,83.1,Yes,Yes
04/12/2025 9:29,CR-008,2025-04-12 09:29:45-CR-008,10.5654,-61.4592,Caroni,0.55,0.57,10.7,12.3,26.9,26.5,75.3,79.7,Yes,Yes
04/12/2025 9:30,CR-008,2025-04-12 09:30:00-CR-008,10.5654,-61.4592,Caroni,1.15,1.24,14,16.4,27.2,27.1,76.2,81.9,Yes,Yes
